{
	"credit": "MineBreak",
	"texture_size": [32, 32],
	"textures": {
		"0": "minecraft:minebreak/item/wood_cutter/spruce_log"
	},
	"elements": [
		{
			"from": [3, 0, 5],
			"to": [13, 6, 11],
			"faces": {
				"north": {"uv": [0, 3, 5, 6], "texture": "#0"},
				"east": {"uv": [13, 3, 16, 6], "texture": "#0"},
				"south": {"uv": [0, 6, 5, 9], "texture": "#0"},
				"west": {"uv": [13, 0, 16, 3], "texture": "#0"},
				"up": {"uv": [0, 3, 5, 6], "texture": "#0"},
				"down": {"uv": [0, 6, 5, 9], "texture": "#0"}
			}
		}
	],
	"display": {
		"thirdperson_righthand": {
			"rotation": [0, 7.75, -2],
			"translation": [0.25, 1.75, 0],
			"scale": [0.70641, 0.60875, 0.62633]
		},
		"thirdperson_lefthand": {
			"rotation": [0, 7.75, -2],
			"translation": [0.25, 1.25, 0],
			"scale": [0.39, 0.39, 0.39]
		},
		"firstperson_righthand": {
			"rotation": [-13, -119.5, 0],
			"translation": [0, 6.75, 0]
		},
		"firstperson_lefthand": {
			"rotation": [-13, -119.5, 0],
			"translation": [0, 6.75, 0]
		},
		"ground": {
			"translation": [0, 4.25, 0]
		},
		"gui": {
			"rotation": [34.25, -27.25, 0],
			"translation": [0, 3.5, 0]
		},
		"head": {
			"translation": [0, 13.75, 0]
		},
		"fixed": {
			"translation": [0, 5.25, 0]
		}
	}
}