{
	"credit": "Pepe",
	"textures": {
		"0": "minecraft:minebreak/item/tools/screwdriver"
	},
	"elements": [
		{
			"from": [7.6, 3.9, 7.5],
			"to": [8.5, 4.7, 8.4],
			"rotation": {"angle": 0, "axis": "y", "origin": [8, 4.4, 8]},
			"faces": {
				"north": {"uv": [9, 7, 10, 12], "texture": "#0"},
				"east": {"uv": [9, 7, 10, 12], "texture": "#0"},
				"south": {"uv": [9, 7, 10, 12], "texture": "#0"},
				"west": {"uv": [9, 7, 10, 12], "texture": "#0"},
				"up": {"uv": [9, 7, 10, 12], "texture": "#0"}
			}
		},
		{
			"from": [7.7, 4.7, 7.6],
			"to": [8.4, 4.9, 8.3],
			"rotation": {"angle": 0, "axis": "y", "origin": [8, 5.2, 8]},
			"faces": {
				"north": {"uv": [9, 7, 10, 12], "texture": "#0"},
				"east": {"uv": [9, 7, 10, 12], "texture": "#0"},
				"south": {"uv": [9, 7, 10, 12], "texture": "#0"},
				"west": {"uv": [9, 7, 10, 12], "texture": "#0"},
				"up": {"uv": [9, 7, 10, 12], "texture": "#0"}
			}
		},
		{
			"from": [7.9, 4.9, 7.8],
			"to": [8.2, 7.6, 8.1],
			"rotation": {"angle": 0, "axis": "y", "origin": [8, 5.4, 8]},
			"faces": {
				"north": {"uv": [9, 7, 10, 12], "texture": "#0"},
				"east": {"uv": [9, 7, 10, 12], "texture": "#0"},
				"south": {"uv": [9, 7, 10, 12], "texture": "#0"},
				"west": {"uv": [9, 7, 10, 12], "texture": "#0"}
			}
		},
		{
			"from": [8, 7.6, 7.7],
			"to": [8.1, 8.6, 8.2],
			"rotation": {"angle": 0, "axis": "y", "origin": [8, 7.9, 8]},
			"faces": {
				"north": {"uv": [9, 7, 10, 12], "texture": "#0"},
				"east": {"uv": [9, 7, 10, 12], "texture": "#0"},
				"south": {"uv": [9, 7, 10, 12], "texture": "#0"},
				"west": {"uv": [9, 7, 10, 12], "texture": "#0"},
				"up": {"uv": [9, 7, 10, 12], "texture": "#0"},
				"down": {"uv": [9, 7, 10, 12], "texture": "#0"}
			}
		},
		{
			"from": [8.1, 7.6, 7.8],
			"to": [8.2, 8.1, 8.1],
			"rotation": {"angle": 0, "axis": "y", "origin": [8.1, 7.9, 8]},
			"faces": {
				"north": {"uv": [9, 7, 10, 12], "texture": "#0"},
				"east": {"uv": [9, 7, 10, 12], "texture": "#0"},
				"south": {"uv": [9, 7, 10, 12], "texture": "#0"},
				"up": {"uv": [9, 7, 10, 12], "texture": "#0"}
			}
		},
		{
			"from": [7.9, 7.6, 7.8],
			"to": [8, 8.1, 8.1],
			"rotation": {"angle": 0, "axis": "y", "origin": [7.9, 7.9, 8]},
			"faces": {
				"north": {"uv": [9, 7, 10, 12], "texture": "#0"},
				"south": {"uv": [9, 7, 10, 12], "texture": "#0"},
				"west": {"uv": [9, 7, 10, 12], "texture": "#0"},
				"up": {"uv": [9, 7, 10, 12], "texture": "#0"}
			}
		},
		{
			"from": [8, 7.4, 7.825],
			"to": [8.1, 7.7, 8.125],
			"rotation": {"angle": 22.5, "axis": "x", "origin": [8, 7.5, 8.025]},
			"faces": {
				"east": {"uv": [9, 7, 10, 12], "texture": "#0"},
				"south": {"uv": [9, 7, 10, 12], "texture": "#0"},
				"west": {"uv": [9, 7, 10, 12], "texture": "#0"}
			}
		},
		{
			"from": [8, 7.375, 7.725],
			"to": [8.1, 7.675, 8.025],
			"rotation": {"angle": -22.5, "axis": "x", "origin": [8, 7.575, 7.825]},
			"faces": {
				"north": {"uv": [9, 7, 10, 12], "texture": "#0"},
				"east": {"uv": [9, 7, 10, 12], "texture": "#0"},
				"west": {"uv": [9, 7, 10, 12], "texture": "#0"},
				"up": {"uv": [9, 7, 10, 12], "texture": "#0"}
			}
		},
		{
			"from": [7.55, 0.95, 7.45],
			"to": [8.55, 4.25, 8.45],
			"rotation": {"angle": 0, "axis": "y", "origin": [7.95, 4.7, 7.95]},
			"faces": {
				"north": {"uv": [4, 9, 7, 14], "texture": "#0"},
				"east": {"uv": [4, 9, 7, 14], "texture": "#0"},
				"south": {"uv": [4, 9, 7, 14], "texture": "#0"},
				"west": {"uv": [4, 9, 7, 14], "texture": "#0"},
				"up": {"uv": [4, 11, 7, 14], "texture": "#0"},
				"down": {"uv": [4, 11, 7, 14], "texture": "#0"}
			}
		}
	],
	"display": {
		"thirdperson_righthand": {
			"translation": [0, 6.25, 1]
		},
		"thirdperson_lefthand": {
			"translation": [0, 6.25, 1]
		},
		"firstperson_righthand": {
			"rotation": [-16, 0, 0],
			"translation": [0, 6.25, 1]
		},
		"firstperson_lefthand": {
			"rotation": [-16, 0, 0],
			"translation": [0, 6.25, 1]
		},
		"ground": {
			"rotation": [0, 0, 89.5],
			"translation": [-2.5, -3.25, -0.25]
		},
		"gui": {
			"rotation": [-26, -43, -57],
			"translation": [3, 5.25, -0.25],
			"scale": [1.79, 1.77, 1.77]
		},
		"head": {
			"rotation": [-16, 0, 0],
			"translation": [0, 12.75, -1]
		},
		"fixed": {
			"rotation": [0, -91, -1],
			"translation": [0, 6.25, -1],
			"scale": [1.83398, 1.78906, 1.6875]
		}
	},
	"groups": [0, 1, 2, 3, 4, 5, 6, 7,
		{
			"name": "handle",
			"origin": [7.95, 4.7, 7.95],
			"children": [8]
		}
	]
}