{
	"credit": "Minebreak",
	"parent": "minebreak/misc/tables",
	"textures": {
		"4": "minecraft:minebreak/misc/easter_box",
		"5": "minecraft:minebreak/item/easter/magenta_egg",
		"6": "minecraft:minebreak/item/easter/yellow_egg",
		"7": "minecraft:minebreak/item/easter/rainbow_egg",
		"8": "minecraft:minebreak/item/easter/blue_egg",
		"9": "minecraft:minebreak/item/easter/easter_whip",
		"10": "minecraft:minebreak/item/easter/green_egg",
		"top": "minecraft:block/composter_top",
		"bottom": "minecraft:block/composter_bottom",
		"particle": "minecraft:block/composter_side",
		"side": "minecraft:block/composter_side"
	},
	"elements": [
		{
			"from": [2, 0, 2],
			"to": [14, 15, 14],
			"rotation": {"angle": 0, "axis": "y", "origin": [14.56365, 17.06407, 10.97329]},
			"faces": {
				"up": {"uv": [0, 0, 15.5, 15.5], "texture": "#4", "cullface": "up"}
			}
		},
		{
			"from": [0, 0, 0],
			"to": [16, 2, 16],
			"rotation": {"angle": 0, "axis": "y", "origin": [14.56365, 17.06407, 10.97329]},
			"faces": {
				"down": {"uv": [0, 0, 16, 16], "texture": "#bottom", "cullface": "down"}
			}
		},
		{
			"from": [0, 0, 0],
			"to": [2, 16, 16],
			"rotation": {"angle": 0, "axis": "y", "origin": [14.56365, 17.06407, 10.97329]},
			"faces": {
				"north": {"uv": [14, 0, 16, 16], "texture": "#side", "cullface": "north"},
				"east": {"uv": [0, 0, 16, 16], "texture": "#side", "cullface": "up"},
				"south": {"uv": [0, 0, 2, 16], "texture": "#side", "cullface": "south"},
				"west": {"uv": [0, 0, 16, 16], "texture": "#side", "cullface": "west"},
				"up": {"uv": [0, 0, 2, 16], "texture": "#top", "cullface": "up"}
			}
		},
		{
			"from": [14, 0, 0],
			"to": [16, 16, 16],
			"rotation": {"angle": 0, "axis": "y", "origin": [14.56365, 17.06407, 10.97329]},
			"faces": {
				"north": {"uv": [0, 0, 2, 16], "texture": "#side", "cullface": "north"},
				"east": {"uv": [0, 0, 16, 16], "texture": "#side", "cullface": "east"},
				"south": {"uv": [14, 0, 16, 16], "texture": "#side", "cullface": "south"},
				"west": {"uv": [0, 0, 16, 16], "texture": "#side", "cullface": "up"},
				"up": {"uv": [14, 0, 16, 16], "texture": "#top", "cullface": "up"}
			}
		},
		{
			"from": [2, 0, 0],
			"to": [14, 16, 2],
			"rotation": {"angle": 0, "axis": "y", "origin": [14.56365, 17.06407, 10.97329]},
			"faces": {
				"north": {"uv": [2, 0, 14, 16], "texture": "#side", "cullface": "north"},
				"south": {"uv": [2, 0, 14, 16], "texture": "#side", "cullface": "up"},
				"up": {"uv": [2, 0, 14, 2], "texture": "#top", "cullface": "up"}
			}
		},
		{
			"from": [2, 0, 14],
			"to": [14, 16, 16],
			"rotation": {"angle": 0, "axis": "y", "origin": [14.56365, 17.06407, 10.97329]},
			"faces": {
				"north": {"uv": [2, 0, 14, 16], "texture": "#side", "cullface": "up"},
				"south": {"uv": [2, 0, 14, 16], "texture": "#side", "cullface": "south"},
				"up": {"uv": [2, 14, 14, 16], "texture": "#top", "cullface": "up"}
			}
		},
		{
			"from": [14.84643, 12.25625, 8],
			"to": [15.84643, 14.25625, 10],
			"rotation": {"angle": -45, "axis": "z", "origin": [14.56365, 17.06407, 10.97329]},
			"faces": {
				"north": {"uv": [6, 3, 10, 7], "rotation": 90, "texture": "#5"},
				"south": {"uv": [6, 3, 10, 7], "rotation": 270, "texture": "#5"}
			}
		},
		{
			"from": [10.84643, 11.25625, 7],
			"to": [14.84643, 15.25625, 11],
			"rotation": {"angle": -45, "axis": "z", "origin": [14.56365, 17.06407, 10.97329]},
			"faces": {
				"north": {"uv": [4, 5, 12, 13], "rotation": 90, "texture": "#5"},
				"east": {"uv": [4, 5, 12, 13], "rotation": 270, "texture": "#5"},
				"south": {"uv": [4, 5, 12, 13], "rotation": 270, "texture": "#5"},
				"west": {"uv": [5, 10, 11, 14], "rotation": 180, "texture": "#5"},
				"up": {"uv": [4, 5, 12, 13], "rotation": 270, "texture": "#5"},
				"down": {"uv": [4, 5, 12, 13], "rotation": 270, "texture": "#5"}
			}
		},
		{
			"from": [9.84643, 12.25625, 8],
			"to": [10.84643, 14.25625, 10],
			"rotation": {"angle": -45, "axis": "z", "origin": [14.56365, 17.06407, 10.97329]},
			"faces": {
				"north": {"uv": [6, 4, 10, 8], "rotation": 90, "texture": "#5"},
				"south": {"uv": [6, 4, 10, 8], "rotation": 270, "texture": "#5"},
				"west": {"uv": [6, 4, 10, 8], "rotation": 270, "texture": "#5"},
				"up": {"uv": [6, 4, 10, 8], "rotation": 270, "texture": "#5"},
				"down": {"uv": [6, 4, 10, 8], "rotation": 270, "texture": "#5"}
			}
		},
		{
			"from": [3.75582, 21.78129, 7],
			"to": [7.75582, 25.78129, 11],
			"rotation": {"angle": 45, "axis": "z", "origin": [14.56365, 17.06407, 10.97329]},
			"faces": {
				"north": {"uv": [4, 5, 12, 13], "texture": "#6"},
				"east": {"uv": [4, 5, 12, 13], "texture": "#6"},
				"south": {"uv": [4, 5, 12, 13], "texture": "#6"},
				"up": {"uv": [4, 5, 12, 10], "texture": "#6"},
				"down": {"uv": [4, 5, 12, 13], "texture": "#6"}
			}
		},
		{
			"from": [4.75582, 25.78129, 8],
			"to": [6.75582, 26.78129, 10],
			"rotation": {"angle": 45, "axis": "z", "origin": [14.56365, 17.06407, 10.97329]},
			"faces": {
				"north": {"uv": [6, 4, 10, 8], "texture": "#6"},
				"east": {"uv": [6, 4, 10, 8], "texture": "#6"},
				"south": {"uv": [6, 4, 10, 8], "texture": "#6"},
				"west": {"uv": [6, 4, 10, 8], "texture": "#6"},
				"up": {"uv": [6, 4, 10, 8], "texture": "#6"}
			}
		},
		{
			"from": [5, 9.41244, 4.93801],
			"to": [7, 10.41244, 6.93801],
			"rotation": {"angle": 22.5, "axis": "x", "origin": [14.56365, 17.06407, 10.97329]},
			"faces": {
				"east": {"uv": [6, 3, 10, 7], "texture": "#8"},
				"west": {"uv": [6, 3, 10, 7], "texture": "#8"}
			}
		},
		{
			"from": [4, 10.41244, 3.93801],
			"to": [8, 14.41244, 7.93801],
			"rotation": {"angle": 22.5, "axis": "x", "origin": [14.56365, 17.06407, 10.97329]},
			"faces": {
				"north": {"uv": [4, 5, 12, 13], "rotation": 180, "texture": "#8"},
				"east": {"uv": [4, 5, 12, 13], "texture": "#8"},
				"south": {"uv": [4, 5, 12, 13], "texture": "#8"},
				"west": {"uv": [4, 5, 12, 13], "texture": "#8"},
				"up": {"uv": [4, 5, 12, 13], "texture": "#8"}
			}
		},
		{
			"from": [5, 14.41244, 4.93801],
			"to": [7, 15.41244, 6.93801],
			"rotation": {"angle": 22.5, "axis": "x", "origin": [14.56365, 17.06407, 10.97329]},
			"faces": {
				"north": {"uv": [6, 4, 10, 8], "rotation": 180, "texture": "#8"},
				"east": {"uv": [6, 4, 10, 8], "texture": "#8"},
				"south": {"uv": [6, 4, 10, 8], "texture": "#8"},
				"west": {"uv": [6, 4, 10, 8], "texture": "#8"},
				"up": {"uv": [6, 4, 10, 8], "texture": "#8"}
			}
		},
		{
			"from": [11, 15, 12],
			"to": [12, 16, 13],
			"rotation": {"angle": 0, "axis": "y", "origin": [14.56365, 17.06407, 10.97329]},
			"faces": {
				"north": {"uv": [5, 10, 6, 11], "texture": "#9"},
				"south": {"uv": [5, 10, 6, 11], "texture": "#9"},
				"west": {"uv": [5, 10, 6, 11], "texture": "#9"},
				"up": {"uv": [5, 10, 6, 11], "texture": "#9"}
			}
		},
		{
			"from": [12, 15, 12],
			"to": [13, 16, 13],
			"rotation": {"angle": 0, "axis": "y", "origin": [14.56365, 17.06407, 10.97329]},
			"faces": {
				"north": {"uv": [6, 10, 7, 11], "texture": "#9"},
				"south": {"uv": [6, 10, 7, 11], "texture": "#9"}
			}
		},
		{
			"from": [12, 16, 12],
			"to": [13, 17, 13],
			"rotation": {"angle": 0, "axis": "y", "origin": [14.56365, 17.06407, 10.97329]},
			"faces": {
				"north": {"uv": [6, 9, 7, 10], "texture": "#9"},
				"south": {"uv": [6, 9, 7, 10], "texture": "#9"},
				"west": {"uv": [6, 9, 7, 10], "texture": "#9"},
				"up": {"uv": [6, 9, 7, 10], "texture": "#9"}
			}
		},
		{
			"from": [13, 15, 12],
			"to": [14, 16, 13],
			"rotation": {"angle": 0, "axis": "y", "origin": [14.56365, 17.06407, 10.97329]},
			"faces": {
				"north": {"uv": [7, 10, 8, 11], "texture": "#9"},
				"south": {"uv": [7, 10, 8, 11], "texture": "#9"}
			}
		},
		{
			"from": [13, 16, 12],
			"to": [14, 17, 13],
			"rotation": {"angle": 0, "axis": "y", "origin": [14.56365, 17.06407, 10.97329]},
			"faces": {
				"north": {"uv": [7, 9, 8, 10], "texture": "#9"},
				"south": {"uv": [7, 9, 8, 10], "texture": "#9"}
			}
		},
		{
			"from": [13, 17, 12],
			"to": [14, 18, 13],
			"rotation": {"angle": 0, "axis": "y", "origin": [14.56365, 17.06407, 10.97329]},
			"faces": {
				"north": {"uv": [7, 8, 8, 9], "texture": "#9"},
				"south": {"uv": [7, 8, 8, 9], "texture": "#9"},
				"west": {"uv": [7, 8, 8, 9], "texture": "#9"},
				"up": {"uv": [7, 8, 8, 9], "texture": "#9"}
			}
		},
		{
			"from": [14, 17, 12],
			"to": [15, 18, 13],
			"rotation": {"angle": 0, "axis": "y", "origin": [14.56365, 17.06407, 10.97329]},
			"faces": {
				"north": {"uv": [8, 8, 9, 9], "texture": "#9"},
				"south": {"uv": [8, 8, 9, 9], "texture": "#9"}
			}
		},
		{
			"from": [14, 16, 12],
			"to": [15, 17, 13],
			"rotation": {"angle": 0, "axis": "y", "origin": [14.56365, 17.06407, 10.97329]},
			"faces": {
				"north": {"uv": [8, 9, 9, 10], "texture": "#9"},
				"east": {"uv": [8, 9, 9, 10], "texture": "#9", "cullface": "east"},
				"south": {"uv": [8, 9, 9, 10], "texture": "#9"}
			}
		},
		{
			"from": [14, 18, 12],
			"to": [15, 19, 13],
			"rotation": {"angle": 0, "axis": "y", "origin": [14.56365, 17.06407, 10.97329]},
			"faces": {
				"north": {"uv": [8, 7, 9, 8], "texture": "#9"},
				"south": {"uv": [8, 7, 9, 8], "texture": "#9"},
				"west": {"uv": [8, 7, 9, 8], "texture": "#9"},
				"up": {"uv": [8, 7, 9, 8], "texture": "#9"}
			}
		},
		{
			"from": [15, 17, 12],
			"to": [16, 18, 13],
			"rotation": {"angle": 0, "axis": "y", "origin": [14.56365, 17.06407, 10.97329]},
			"faces": {
				"north": {"uv": [9, 8, 10, 9], "texture": "#9"},
				"east": {"uv": [9, 8, 10, 9], "texture": "#9", "cullface": "east"},
				"south": {"uv": [9, 8, 10, 9], "texture": "#9"},
				"down": {"uv": [9, 8, 10, 9], "texture": "#9"}
			}
		},
		{
			"from": [15, 18, 12],
			"to": [16, 19, 13],
			"rotation": {"angle": 0, "axis": "y", "origin": [14.56365, 17.06407, 10.97329]},
			"faces": {
				"north": {"uv": [9, 7, 10, 8], "texture": "#9"},
				"south": {"uv": [9, 7, 10, 8], "texture": "#9"}
			}
		},
		{
			"from": [15, 19, 12],
			"to": [16, 20, 13],
			"rotation": {"angle": 0, "axis": "y", "origin": [14.56365, 17.06407, 10.97329]},
			"faces": {
				"north": {"uv": [9, 6, 10, 7], "texture": "#9"},
				"south": {"uv": [9, 6, 10, 7], "texture": "#9"},
				"west": {"uv": [9, 6, 10, 7], "texture": "#9"},
				"up": {"uv": [9, 6, 10, 7], "texture": "#9"}
			}
		},
		{
			"from": [16, 18, 12],
			"to": [17, 19, 13],
			"rotation": {"angle": 0, "axis": "y", "origin": [14.56365, 17.06407, 10.97329]},
			"faces": {
				"north": {"uv": [10, 7, 11, 8], "texture": "#9"},
				"east": {"uv": [10, 7, 11, 8], "texture": "#9", "cullface": "east"},
				"south": {"uv": [10, 7, 11, 8], "texture": "#9"},
				"down": {"uv": [10, 7, 11, 8], "texture": "#9"}
			}
		},
		{
			"from": [16, 19, 12],
			"to": [17, 20, 13],
			"rotation": {"angle": 0, "axis": "y", "origin": [14.56365, 17.06407, 10.97329]},
			"faces": {
				"north": {"uv": [10, 6, 11, 7], "texture": "#9"},
				"south": {"uv": [10, 6, 11, 7], "texture": "#9"}
			}
		},
		{
			"from": [16, 20, 12],
			"to": [17, 21, 13],
			"rotation": {"angle": 0, "axis": "y", "origin": [14.56365, 17.06407, 10.97329]},
			"faces": {
				"north": {"uv": [10, 5, 11, 6], "texture": "#9"},
				"south": {"uv": [10, 5, 11, 6], "texture": "#9"},
				"west": {"uv": [10, 5, 11, 6], "texture": "#9"},
				"up": {"uv": [10, 5, 11, 6], "texture": "#9"}
			}
		},
		{
			"from": [17, 20, 12],
			"to": [18, 21, 13],
			"rotation": {"angle": 0, "axis": "y", "origin": [14.56365, 17.06407, 10.97329]},
			"faces": {
				"north": {"uv": [9, 7, 10, 8], "texture": "#9"},
				"south": {"uv": [9, 7, 10, 8], "texture": "#9"}
			}
		},
		{
			"from": [17, 19, 12],
			"to": [18, 20, 13],
			"rotation": {"angle": 0, "axis": "y", "origin": [14.56365, 17.06407, 10.97329]},
			"faces": {
				"north": {"uv": [10, 7, 11, 8], "texture": "#9"},
				"east": {"uv": [10, 7, 11, 8], "texture": "#9", "cullface": "east"},
				"south": {"uv": [10, 7, 11, 8], "texture": "#9"},
				"down": {"uv": [10, 7, 11, 8], "texture": "#9"}
			}
		},
		{
			"from": [17, 21, 12],
			"to": [18, 22, 13],
			"rotation": {"angle": 0, "axis": "y", "origin": [14.56365, 17.06407, 10.97329]},
			"faces": {
				"north": {"uv": [10, 5, 11, 6], "texture": "#9"},
				"south": {"uv": [10, 5, 11, 6], "texture": "#9"},
				"west": {"uv": [10, 5, 11, 6], "texture": "#9"},
				"up": {"uv": [10, 5, 11, 6], "texture": "#9"}
			}
		},
		{
			"from": [18, 21, 12],
			"to": [19, 22, 13],
			"rotation": {"angle": 0, "axis": "y", "origin": [14.56365, 17.06407, 10.97329]},
			"faces": {
				"north": {"uv": [12, 4, 13, 5], "texture": "#9"},
				"south": {"uv": [12, 4, 13, 5], "texture": "#9"}
			}
		},
		{
			"from": [18, 20, 12],
			"to": [19, 21, 13],
			"rotation": {"angle": 0, "axis": "y", "origin": [14.56365, 17.06407, 10.97329]},
			"faces": {
				"north": {"uv": [11, 6, 12, 7], "texture": "#9"},
				"south": {"uv": [11, 6, 12, 7], "texture": "#9"},
				"down": {"uv": [11, 6, 12, 7], "texture": "#9"}
			}
		},
		{
			"from": [18, 22, 12],
			"to": [19, 23, 13],
			"rotation": {"angle": 0, "axis": "y", "origin": [14.56365, 17.06407, 10.97329]},
			"faces": {
				"north": {"uv": [12, 3, 13, 4], "texture": "#9"},
				"south": {"uv": [12, 3, 13, 4], "texture": "#9"},
				"west": {"uv": [12, 3, 13, 4], "texture": "#9"}
			}
		},
		{
			"from": [18, 23, 12],
			"to": [19, 24, 13],
			"rotation": {"angle": 0, "axis": "y", "origin": [14.56365, 17.06407, 10.97329]},
			"faces": {
				"north": {"uv": [12, 2, 13, 3], "texture": "#9"},
				"south": {"uv": [12, 2, 13, 3], "texture": "#9"},
				"west": {"uv": [12, 2, 13, 3], "texture": "#9"},
				"up": {"uv": [12, 2, 13, 3], "texture": "#9"}
			}
		},
		{
			"from": [19, 20, 12],
			"to": [20, 21, 13],
			"rotation": {"angle": 0, "axis": "y", "origin": [14.56365, 17.06407, 10.97329]},
			"faces": {
				"north": {"uv": [13, 5, 14, 6], "texture": "#9"},
				"south": {"uv": [13, 5, 14, 6], "texture": "#9"},
				"down": {"uv": [13, 5, 14, 6], "texture": "#9"}
			}
		},
		{
			"from": [19, 22, 12],
			"to": [20, 23, 13],
			"rotation": {"angle": 0, "axis": "y", "origin": [14.56365, 17.06407, 10.97329]},
			"faces": {
				"north": {"uv": [13, 3, 14, 4], "texture": "#9"},
				"south": {"uv": [13, 3, 14, 4], "texture": "#9"}
			}
		},
		{
			"from": [19, 23, 12],
			"to": [20, 24, 13],
			"rotation": {"angle": 0, "axis": "y", "origin": [14.56365, 17.06407, 10.97329]},
			"faces": {
				"north": {"uv": [13, 2, 14, 3], "texture": "#9"},
				"south": {"uv": [13, 2, 14, 3], "texture": "#9"},
				"up": {"uv": [13, 2, 14, 3], "texture": "#9"}
			}
		},
		{
			"from": [19, 21, 12],
			"to": [20, 22, 13],
			"rotation": {"angle": 0, "axis": "y", "origin": [14.56365, 17.06407, 10.97329]},
			"faces": {
				"north": {"uv": [13, 4, 14, 5], "texture": "#9"},
				"south": {"uv": [13, 4, 14, 5], "texture": "#9"}
			}
		},
		{
			"from": [20, 21, 12],
			"to": [21, 22, 13],
			"rotation": {"angle": 0, "axis": "y", "origin": [14.56365, 17.06407, 10.97329]},
			"faces": {
				"north": {"uv": [14, 4, 15, 5], "texture": "#9"},
				"east": {"uv": [14, 4, 15, 5], "texture": "#9", "cullface": "east"},
				"south": {"uv": [14, 4, 15, 5], "texture": "#9"}
			}
		},
		{
			"from": [20, 22, 12],
			"to": [21, 23, 13],
			"rotation": {"angle": 0, "axis": "y", "origin": [14.56365, 17.06407, 10.97329]},
			"faces": {
				"north": {"uv": [14, 3, 15, 4], "texture": "#9"},
				"east": {"uv": [14, 3, 15, 4], "texture": "#9", "cullface": "east"},
				"south": {"uv": [14, 3, 15, 4], "texture": "#9"}
			}
		},
		{
			"from": [20, 23, 12],
			"to": [21, 24, 13],
			"rotation": {"angle": 0, "axis": "y", "origin": [14.56365, 17.06407, 10.97329]},
			"faces": {
				"north": {"uv": [14, 2, 15, 3], "texture": "#9"},
				"east": {"uv": [14, 2, 15, 3], "texture": "#9", "cullface": "east"},
				"south": {"uv": [14, 2, 15, 3], "texture": "#9"},
				"up": {"uv": [14, 2, 15, 3], "texture": "#9"}
			}
		},
		{
			"from": [20, 20, 12],
			"to": [21, 21, 13],
			"rotation": {"angle": 0, "axis": "y", "origin": [14.56365, 17.06407, 10.97329]},
			"faces": {
				"north": {"uv": [14, 5, 15, 6], "texture": "#9"},
				"south": {"uv": [14, 5, 15, 6], "texture": "#9"}
			}
		},
		{
			"from": [21, 20, 12],
			"to": [22, 21, 13],
			"rotation": {"angle": 0, "axis": "y", "origin": [14.56365, 17.06407, 10.97329]},
			"faces": {
				"north": {"uv": [15, 5, 16, 6], "texture": "#9"},
				"east": {"uv": [15, 5, 16, 6], "texture": "#9", "cullface": "east"},
				"south": {"uv": [15, 5, 16, 6], "texture": "#9"},
				"up": {"uv": [15, 5, 16, 6], "texture": "#9"}
			}
		},
		{
			"from": [21, 19, 12],
			"to": [22, 20, 13],
			"rotation": {"angle": 0, "axis": "y", "origin": [14.56365, 17.06407, 10.97329]},
			"faces": {
				"north": {"uv": [15, 6, 16, 7], "texture": "#9"},
				"east": {"uv": [15, 6, 16, 7], "texture": "#9", "cullface": "east"},
				"south": {"uv": [15, 6, 16, 7], "texture": "#9"}
			}
		},
		{
			"from": [20, 19, 12],
			"to": [21, 20, 13],
			"rotation": {"angle": 0, "axis": "y", "origin": [14.56365, 17.06407, 10.97329]},
			"faces": {
				"north": {"uv": [14, 6, 15, 7], "texture": "#9"},
				"south": {"uv": [14, 6, 15, 7], "texture": "#9"},
				"west": {"uv": [14, 6, 15, 7], "texture": "#9"}
			}
		},
		{
			"from": [20, 18, 12],
			"to": [21, 19, 13],
			"rotation": {"angle": 0, "axis": "y", "origin": [14.56365, 17.06407, 10.97329]},
			"faces": {
				"north": {"uv": [14, 7, 15, 8], "texture": "#9"},
				"south": {"uv": [14, 7, 15, 8], "texture": "#9"}
			}
		},
		{
			"from": [21, 18, 12],
			"to": [22, 19, 13],
			"rotation": {"angle": 0, "axis": "y", "origin": [14.56365, 17.06407, 10.97329]},
			"faces": {
				"north": {"uv": [15, 7, 16, 8], "texture": "#9"},
				"east": {"uv": [15, 7, 16, 8], "texture": "#9", "cullface": "east"},
				"south": {"uv": [15, 7, 16, 8], "texture": "#9"}
			}
		},
		{
			"from": [21, 17, 12],
			"to": [22, 18, 13],
			"rotation": {"angle": 0, "axis": "y", "origin": [14.56365, 17.06407, 10.97329]},
			"faces": {
				"north": {"uv": [15, 8, 16, 9], "texture": "#9"},
				"east": {"uv": [15, 8, 16, 9], "texture": "#9", "cullface": "east"},
				"south": {"uv": [15, 8, 16, 9], "texture": "#9"}
			}
		},
		{
			"from": [20, 17, 12],
			"to": [21, 18, 13],
			"rotation": {"angle": 0, "axis": "y", "origin": [14.56365, 17.06407, 10.97329]},
			"faces": {
				"north": {"uv": [14, 8, 15, 9], "texture": "#9"},
				"south": {"uv": [14, 8, 15, 9], "texture": "#9"},
				"west": {"uv": [14, 8, 15, 9], "texture": "#9"},
				"down": {"uv": [14, 8, 15, 9], "texture": "#9"}
			}
		},
		{
			"from": [19, 18, 12],
			"to": [20, 19, 13],
			"rotation": {"angle": 0, "axis": "y", "origin": [14.56365, 17.06407, 10.97329]},
			"faces": {
				"north": {"uv": [13, 7, 14, 8], "texture": "#9"},
				"south": {"uv": [13, 7, 14, 8], "texture": "#9"},
				"west": {"uv": [13, 7, 14, 8], "texture": "#9"},
				"up": {"uv": [13, 7, 14, 8], "texture": "#9"},
				"down": {"uv": [13, 7, 14, 8], "texture": "#9"}
			}
		},
		{
			"from": [19, 16, 12],
			"to": [20, 17, 13],
			"rotation": {"angle": 0, "axis": "y", "origin": [14.56365, 17.06407, 10.97329]},
			"faces": {
				"north": {"uv": [13, 9, 14, 10], "texture": "#9"},
				"east": {"uv": [13, 9, 14, 10], "texture": "#9", "cullface": "east"},
				"south": {"uv": [13, 9, 14, 10], "texture": "#9"},
				"west": {"uv": [13, 9, 14, 10], "texture": "#9"},
				"up": {"uv": [13, 9, 14, 10], "texture": "#9"},
				"down": {"uv": [13, 9, 14, 10], "texture": "#9"}
			}
		},
		{
			"from": [18, 17, 12],
			"to": [19, 18, 13],
			"rotation": {"angle": 0, "axis": "y", "origin": [14.56365, 17.06407, 10.97329]},
			"faces": {
				"north": {"uv": [12, 8, 13, 9], "texture": "#9"},
				"east": {"uv": [12, 8, 13, 9], "texture": "#9", "cullface": "east"},
				"south": {"uv": [12, 8, 13, 9], "texture": "#9"},
				"west": {"uv": [12, 8, 13, 9], "texture": "#9"},
				"up": {"uv": [12, 8, 13, 9], "texture": "#9"},
				"down": {"uv": [12, 8, 13, 9], "texture": "#9"}
			}
		},
		{
			"from": [17, 16, 12],
			"to": [18, 17, 13],
			"rotation": {"angle": 0, "axis": "y", "origin": [14.56365, 17.06407, 10.97329]},
			"faces": {
				"north": {"uv": [11, 9, 12, 10], "texture": "#9"},
				"east": {"uv": [11, 9, 12, 10], "texture": "#9", "cullface": "east"},
				"south": {"uv": [11, 9, 12, 10], "texture": "#9"},
				"west": {"uv": [11, 9, 12, 10], "texture": "#9"},
				"up": {"uv": [11, 9, 12, 10], "texture": "#9"},
				"down": {"uv": [11, 9, 12, 10], "texture": "#9"}
			}
		},
		{
			"from": [21, 16, 12],
			"to": [22, 17, 13],
			"rotation": {"angle": 0, "axis": "y", "origin": [14.56365, 17.06407, 10.97329]},
			"faces": {
				"north": {"uv": [15, 9, 16, 10], "texture": "#9"},
				"east": {"uv": [15, 9, 16, 10], "texture": "#9", "cullface": "east"},
				"south": {"uv": [15, 9, 16, 10], "texture": "#9"},
				"west": {"uv": [15, 9, 16, 10], "texture": "#9"},
				"down": {"uv": [15, 9, 16, 10], "texture": "#9"}
			}
		},
		{
			"from": [20, 15, 12],
			"to": [21, 16, 13],
			"rotation": {"angle": 0, "axis": "y", "origin": [14.56365, 17.06407, 10.97329]},
			"faces": {
				"north": {"uv": [14, 10, 15, 11], "texture": "#9"},
				"east": {"uv": [14, 10, 15, 11], "texture": "#9", "cullface": "east"},
				"south": {"uv": [14, 10, 15, 11], "texture": "#9"},
				"west": {"uv": [14, 10, 15, 11], "texture": "#9"},
				"up": {"uv": [14, 10, 15, 11], "texture": "#9"},
				"down": {"uv": [14, 10, 15, 11], "texture": "#9"}
			}
		},
		{
			"from": [6, 12.24973, 11.17473],
			"to": [8, 13.24973, 13.17473],
			"rotation": {"angle": 22.5, "axis": "x", "origin": [14.56365, 17.06407, 10.97329]},
			"faces": {
				"east": {"uv": [6, 3, 10, 7], "texture": "#10"},
				"west": {"uv": [6, 3, 10, 7], "texture": "#10"}
			}
		},
		{
			"from": [5, 13.24973, 10.17473],
			"to": [9, 17.24973, 14.17473],
			"rotation": {"angle": 22.5, "axis": "x", "origin": [14.56365, 17.06407, 10.97329]},
			"faces": {
				"north": {"uv": [4, 5, 12, 13], "texture": "#10"},
				"east": {"uv": [4, 5, 12, 13], "texture": "#10"},
				"south": {"uv": [4, 5, 12, 13], "texture": "#10"},
				"west": {"uv": [4, 5, 12, 13], "texture": "#10"},
				"up": {"uv": [5, 10, 11, 14], "rotation": 270, "texture": "#10"}
			}
		},
		{
			"from": [6, 17.24973, 11.17473],
			"to": [8, 18.24973, 13.17473],
			"rotation": {"angle": 22.5, "axis": "x", "origin": [14.56365, 17.06407, 10.97329]},
			"faces": {
				"north": {"uv": [6, 4, 10, 8], "texture": "#10"},
				"east": {"uv": [6, 4, 10, 8], "texture": "#10"},
				"south": {"uv": [6, 4, 10, 8], "texture": "#10"},
				"west": {"uv": [6, 4, 10, 8], "texture": "#10"},
				"up": {"uv": [6, 4, 10, 8], "texture": "#10"}
			}
		},
		{
			"from": [8.39691, 16.12353, 4],
			"to": [9.39691, 18.12353, 6],
			"rotation": {"angle": 22.5, "axis": "z", "origin": [14.56365, 17.06407, 10.97329]},
			"faces": {
				"north": {"uv": [6, 3, 10, 7], "rotation": 90, "texture": "#7"},
				"south": {"uv": [6, 3, 10, 7], "rotation": 90, "texture": "#7"},
				"west": {"uv": [6, 3, 10, 7], "rotation": 90, "texture": "#7"},
				"up": {"uv": [6, 3, 10, 7], "rotation": 90, "texture": "#7"}
			}
		},
		{
			"from": [9.39691, 15.12353, 3],
			"to": [13.39691, 19.12353, 7],
			"rotation": {"angle": 22.5, "axis": "z", "origin": [14.56365, 17.06407, 10.97329]},
			"faces": {
				"north": {"uv": [4, 5, 12, 13], "rotation": 90, "texture": "#7"},
				"east": {"uv": [4, 5, 12, 13], "rotation": 90, "texture": "#7"},
				"south": {"uv": [4, 5, 12, 13], "rotation": 90, "texture": "#7"},
				"west": {"uv": [4, 5, 12, 13], "rotation": 90, "texture": "#7"},
				"up": {"uv": [4, 5, 12, 13], "rotation": 90, "texture": "#7"}
			}
		},
		{
			"from": [13.39691, 16.12353, 4],
			"to": [14.39691, 18.12353, 6],
			"rotation": {"angle": 22.5, "axis": "z", "origin": [14.56365, 17.06407, 10.97329]},
			"faces": {
				"north": {"uv": [6, 4, 10, 8], "rotation": 90, "texture": "#7"},
				"east": {"uv": [6, 4, 10, 8], "rotation": 90, "texture": "#7"},
				"south": {"uv": [6, 4, 10, 8], "rotation": 90, "texture": "#7"},
				"up": {"uv": [6, 4, 10, 8], "rotation": 90, "texture": "#7"},
				"down": {"uv": [6, 4, 10, 8], "rotation": 90, "texture": "#7"}
			}
		}
	],
	"groups": [
		{
			"name": "group",
			"origin": [0, 0, 0],
			"children": [0, 1, 2, 3, 4, 5]
		},
		{
			"name": "egg",
			"origin": [8, 8, 8],
			"children": [6, 7, 8]
		},
		{
			"name": "egg",
			"origin": [8, 8, 8],
			"children": [9, 10]
		},
		{
			"name": "egg",
			"origin": [8, 8, 8],
			"children": [11, 12, 13]
		},
		{
			"name": "whip",
			"origin": [0, 0, 0],
			"children": [14, 15, 16, 17, 18, 19, 20, 21, 22, 23, 24, 25, 26, 27, 28, 29, 30, 31, 32, 33, 34, 35, 36, 37, 38, 39, 40, 41, 42, 43, 44, 45, 46, 47, 48, 49, 50, 51, 52, 53, 54, 55, 56]
		},
		{
			"name": "egg",
			"origin": [8, 8, 8],
			"children": [57, 58, 59]
		},
		{
			"name": "egg",
			"origin": [8, 8, 8],
			"children": [60, 61, 62]
		}
	]
}