{
	"credit": "MineBreak",
	"texture_size": [32, 32],
	"textures": {
		"3": "minecraft:minebreak/misc/speaker"
	},
	"elements": [
		{
			"from": [10.71986, 4.16087, 12.12584],
			"to": [11.91986, 8.73587, 13.05084],
			"rotation": {"angle": -45, "axis": "x", "origin": [7.01066, 7.30112, 8.14511]},
			"faces": {
				"north": {"uv": [0, 0, 0.6, 2.2875], "rotation": 180, "texture": "#3"},
				"east": {"uv": [0, 0, 2.2875, 0.4625], "rotation": 90, "texture": "#3"},
				"south": {"uv": [0, 0, 0.6, 2.2875], "texture": "#3"},
				"west": {"uv": [0, 0, 2.2875, 0.4625], "rotation": 270, "texture": "#3"},
				"up": {"uv": [0, 0, 0.6, 0.4625], "texture": "#3"},
				"down": {"uv": [0, 0, 0.6, 0.4625], "rotation": 180, "texture": "#3"}
			}
		},
		{
			"from": [9.51986, 4.56087, 11.92584],
			"to": [10.71986, 8.53587, 12.85084],
			"rotation": {"angle": -45, "axis": "x", "origin": [7.01066, 7.30112, 8.14511]},
			"faces": {
				"north": {"uv": [0, 0, 0.6, 1.9875], "rotation": 180, "texture": "#3"},
				"east": {"uv": [0, 0, 1.9875, 0.4625], "rotation": 90, "texture": "#3"},
				"south": {"uv": [0, 0, 0.6, 1.9875], "texture": "#3"},
				"west": {"uv": [0, 0, 1.9875, 0.4625], "rotation": 270, "texture": "#3"},
				"up": {"uv": [0, 0, 0.6, 0.4625], "texture": "#3"},
				"down": {"uv": [0, 0, 0.6, 0.4625], "rotation": 180, "texture": "#3"}
			}
		},
		{
			"from": [8.31986, 4.56087, 11.72584],
			"to": [9.51986, 8.53587, 12.65084],
			"rotation": {"angle": -45, "axis": "x", "origin": [7.01066, 7.30112, 8.14511]},
			"faces": {
				"north": {"uv": [0, 0, 0.6, 1.9875], "rotation": 180, "texture": "#3"},
				"east": {"uv": [0, 0, 1.9875, 0.4625], "rotation": 90, "texture": "#3"},
				"south": {"uv": [0, 0, 0.6, 1.9875], "texture": "#3"},
				"west": {"uv": [0, 0, 1.9875, 0.4625], "rotation": 270, "texture": "#3"},
				"up": {"uv": [0, 0, 0.6, 0.4625], "texture": "#3"},
				"down": {"uv": [0, 0, 0.6, 0.4625], "rotation": 180, "texture": "#3"}
			}
		},
		{
			"from": [7.11986, 4.96087, 11.52584],
			"to": [8.31986, 7.93587, 12.45084],
			"rotation": {"angle": -45, "axis": "x", "origin": [7.01066, 7.30112, 8.14511]},
			"faces": {
				"north": {"uv": [0, 0, 0.6, 1.4875], "rotation": 180, "texture": "#3"},
				"east": {"uv": [0, 0, 1.4875, 0.4625], "rotation": 90, "texture": "#3"},
				"south": {"uv": [0, 0, 0.6, 1.4875], "texture": "#3"},
				"west": {"uv": [0, 0, 1.4875, 0.4625], "rotation": 270, "texture": "#3"},
				"up": {"uv": [0, 0, 0.6, 0.4625], "texture": "#3"},
				"down": {"uv": [0, 0, 0.6, 0.4625], "rotation": 180, "texture": "#3"}
			}
		},
		{
			"from": [5.91986, 5.16087, 11.32584],
			"to": [7.11986, 7.63587, 12.25084],
			"rotation": {"angle": -45, "axis": "x", "origin": [7.01066, 7.30112, 8.14511]},
			"faces": {
				"north": {"uv": [0, 0, 0.6, 1.2375], "rotation": 180, "texture": "#3"},
				"east": {"uv": [0, 0, 1.2375, 0.4625], "rotation": 90, "texture": "#3"},
				"south": {"uv": [0, 0, 0.6, 1.2375], "texture": "#3"},
				"west": {"uv": [0, 0, 1.2375, 0.4625], "rotation": 270, "texture": "#3"},
				"up": {"uv": [0, 0, 0.6, 0.4625], "texture": "#3"},
				"down": {"uv": [0, 0, 0.6, 0.4625], "rotation": 180, "texture": "#3"}
			}
		},
		{
			"from": [4.81986, 5.46087, 10.82584],
			"to": [5.91986, 7.33587, 11.95084],
			"rotation": {"angle": -45, "axis": "x", "origin": [7.01066, 7.30112, 8.14511]},
			"faces": {
				"north": {"uv": [0, 0, 0.55, 0.9375], "rotation": 180, "texture": "#3"},
				"east": {"uv": [0, 0, 0.9375, 0.5625], "rotation": 90, "texture": "#3"},
				"south": {"uv": [0, 0, 0.55, 0.9375], "texture": "#3"},
				"west": {"uv": [0, 0, 0.9375, 0.5625], "rotation": 270, "texture": "#3"},
				"up": {"uv": [0, 0, 0.55, 0.5625], "texture": "#3"},
				"down": {"uv": [0, 0, 0.55, 0.5625], "rotation": 180, "texture": "#3"}
			}
		},
		{
			"from": [4.81986, 7.05685, 10.95202],
			"to": [5.91986, 8.93185, 12.07702],
			"rotation": {"angle": 45, "axis": "x", "origin": [7.01066, 7.30112, 8.14511]},
			"faces": {
				"north": {"uv": [0, 0, 0.55, 0.9375], "rotation": 180, "texture": "#3"},
				"east": {"uv": [0, 0, 0.9375, 0.5625], "rotation": 90, "texture": "#3"},
				"south": {"uv": [0, 0, 0.55, 0.9375], "texture": "#3"},
				"west": {"uv": [0, 0, 0.9375, 0.5625], "rotation": 270, "texture": "#3"},
				"up": {"uv": [0, 0, 0.55, 0.5625], "texture": "#3"},
				"down": {"uv": [0, 0, 0.55, 0.5625], "rotation": 180, "texture": "#3"}
			}
		},
		{
			"from": [5.91986, 6.75685, 11.45202],
			"to": [7.11986, 9.23185, 12.37702],
			"rotation": {"angle": 45, "axis": "x", "origin": [7.01066, 7.30112, 8.14511]},
			"faces": {
				"north": {"uv": [0, 0, 0.6, 1.2375], "rotation": 180, "texture": "#3"},
				"east": {"uv": [0, 0, 1.2375, 0.4625], "rotation": 90, "texture": "#3"},
				"south": {"uv": [0, 0, 0.6, 1.2375], "texture": "#3"},
				"west": {"uv": [0, 0, 1.2375, 0.4625], "rotation": 270, "texture": "#3"},
				"up": {"uv": [0, 0, 0.6, 0.4625], "texture": "#3"},
				"down": {"uv": [0, 0, 0.6, 0.4625], "rotation": 180, "texture": "#3"}
			}
		},
		{
			"from": [7.11986, 6.55685, 11.65202],
			"to": [8.31986, 9.53185, 12.57702],
			"rotation": {"angle": 45, "axis": "x", "origin": [7.01066, 7.30112, 8.14511]},
			"faces": {
				"north": {"uv": [0, 0, 0.6, 1.4875], "rotation": 180, "texture": "#3"},
				"east": {"uv": [0, 0, 1.4875, 0.4625], "rotation": 90, "texture": "#3"},
				"south": {"uv": [0, 0, 0.6, 1.4875], "texture": "#3"},
				"west": {"uv": [0, 0, 1.4875, 0.4625], "rotation": 270, "texture": "#3"},
				"up": {"uv": [0, 0, 0.6, 0.4625], "texture": "#3"},
				"down": {"uv": [0, 0, 0.6, 0.4625], "rotation": 180, "texture": "#3"}
			}
		},
		{
			"from": [8.31986, 6.15685, 11.85202],
			"to": [9.51986, 10.13185, 12.77702],
			"rotation": {"angle": 45, "axis": "x", "origin": [7.01066, 7.30112, 8.14511]},
			"faces": {
				"north": {"uv": [0, 0, 0.6, 1.9875], "rotation": 180, "texture": "#3"},
				"east": {"uv": [0, 0, 1.9875, 0.4625], "rotation": 90, "texture": "#3"},
				"south": {"uv": [0, 0, 0.6, 1.9875], "texture": "#3"},
				"west": {"uv": [0, 0, 1.9875, 0.4625], "rotation": 270, "texture": "#3"},
				"up": {"uv": [0, 0, 0.6, 0.4625], "texture": "#3"},
				"down": {"uv": [0, 0, 0.6, 0.4625], "rotation": 180, "texture": "#3"}
			}
		},
		{
			"from": [9.51986, 6.15685, 12.05202],
			"to": [10.71986, 10.13185, 12.97702],
			"rotation": {"angle": 45, "axis": "x", "origin": [7.01066, 7.30112, 8.14511]},
			"faces": {
				"north": {"uv": [0, 0, 0.6, 1.9875], "rotation": 180, "texture": "#3"},
				"east": {"uv": [0, 0, 1.9875, 0.4625], "rotation": 90, "texture": "#3"},
				"south": {"uv": [0, 0, 0.6, 1.9875], "texture": "#3"},
				"west": {"uv": [0, 0, 1.9875, 0.4625], "rotation": 270, "texture": "#3"},
				"up": {"uv": [0, 0, 0.6, 0.4625], "texture": "#3"},
				"down": {"uv": [0, 0, 0.6, 0.4625], "rotation": 180, "texture": "#3"}
			}
		},
		{
			"from": [10.71986, 5.75685, 12.25202],
			"to": [11.91986, 10.33185, 13.17702],
			"rotation": {"angle": 45, "axis": "x", "origin": [7.01066, 7.30112, 8.14511]},
			"faces": {
				"north": {"uv": [0, 0, 0.6, 2.2875], "rotation": 180, "texture": "#3"},
				"east": {"uv": [0, 0, 2.2875, 0.4625], "rotation": 90, "texture": "#3"},
				"south": {"uv": [0, 0, 0.6, 2.2875], "texture": "#3"},
				"west": {"uv": [0, 0, 2.2875, 0.4625], "rotation": 270, "texture": "#3"},
				"up": {"uv": [0, 0, 0.6, 0.4625], "texture": "#3"},
				"down": {"uv": [0, 0, 0.6, 0.4625], "rotation": 180, "texture": "#3"}
			}
		},
		{
			"from": [4.96986, 3.39019, 6.57702],
			"to": [6.06986, 4.51519, 8.45202],
			"rotation": {"angle": 45, "axis": "x", "origin": [7.01066, 7.30112, 8.14511]},
			"faces": {
				"north": {"uv": [0, 0, 0.55, 0.5625], "texture": "#3"},
				"east": {"uv": [0, 0, 0.9375, 0.5625], "texture": "#3"},
				"south": {"uv": [0, 0, 0.55, 0.5625], "texture": "#3"},
				"west": {"uv": [0, 0, 0.9375, 0.5625], "texture": "#3"},
				"up": {"uv": [0, 0, 0.55, 0.9375], "texture": "#3"},
				"down": {"uv": [0, 0, 0.55, 0.9375], "texture": "#3"}
			}
		},
		{
			"from": [6.06986, 3.09019, 6.27702],
			"to": [7.26986, 4.01519, 8.75202],
			"rotation": {"angle": 45, "axis": "x", "origin": [7.01066, 7.30112, 8.14511]},
			"faces": {
				"north": {"uv": [0, 0, 0.6, 0.4625], "texture": "#3"},
				"east": {"uv": [0, 0, 1.2375, 0.4625], "texture": "#3"},
				"south": {"uv": [0, 0, 0.6, 0.4625], "texture": "#3"},
				"west": {"uv": [0, 0, 1.2375, 0.4625], "texture": "#3"},
				"up": {"uv": [0, 0, 0.6, 1.2375], "texture": "#3"},
				"down": {"uv": [0, 0, 0.6, 1.2375], "texture": "#3"}
			}
		},
		{
			"from": [7.26986, 2.89019, 6.07702],
			"to": [8.46986, 3.81519, 9.05202],
			"rotation": {"angle": 45, "axis": "x", "origin": [7.01066, 7.30112, 8.14511]},
			"faces": {
				"north": {"uv": [0, 0, 0.6, 0.4625], "texture": "#3"},
				"east": {"uv": [0, 0, 1.4875, 0.4625], "texture": "#3"},
				"south": {"uv": [0, 0, 0.6, 0.4625], "texture": "#3"},
				"west": {"uv": [0, 0, 1.4875, 0.4625], "texture": "#3"},
				"up": {"uv": [0, 0, 0.6, 1.4875], "texture": "#3"},
				"down": {"uv": [0, 0, 0.6, 1.4875], "texture": "#3"}
			}
		},
		{
			"from": [8.46986, 2.69019, 5.67702],
			"to": [9.66986, 3.61519, 9.65202],
			"rotation": {"angle": 45, "axis": "x", "origin": [7.01066, 7.30112, 8.14511]},
			"faces": {
				"north": {"uv": [0, 0, 0.6, 0.4625], "texture": "#3"},
				"east": {"uv": [0, 0, 1.9875, 0.4625], "texture": "#3"},
				"south": {"uv": [0, 0, 0.6, 0.4625], "texture": "#3"},
				"west": {"uv": [0, 0, 1.9875, 0.4625], "texture": "#3"},
				"up": {"uv": [0, 0, 0.6, 1.9875], "texture": "#3"},
				"down": {"uv": [0, 0, 0.6, 1.9875], "texture": "#3"}
			}
		},
		{
			"from": [9.66986, 2.49019, 5.67702],
			"to": [10.86986, 3.41519, 9.65202],
			"rotation": {"angle": 45, "axis": "x", "origin": [7.01066, 7.30112, 8.14511]},
			"faces": {
				"north": {"uv": [0, 0, 0.6, 0.4625], "texture": "#3"},
				"east": {"uv": [0, 0, 1.9875, 0.4625], "texture": "#3"},
				"south": {"uv": [0, 0, 0.6, 0.4625], "texture": "#3"},
				"west": {"uv": [0, 0, 1.9875, 0.4625], "texture": "#3"},
				"up": {"uv": [0, 0, 0.6, 1.9875], "texture": "#3"},
				"down": {"uv": [0, 0, 0.6, 1.9875], "texture": "#3"}
			}
		},
		{
			"from": [10.86986, 2.29019, 5.27702],
			"to": [11.86986, 3.21519, 9.85202],
			"rotation": {"angle": 45, "axis": "x", "origin": [7.01066, 7.30112, 8.14511]},
			"faces": {
				"north": {"uv": [0, 0, 0.5, 0.4625], "texture": "#3"},
				"east": {"uv": [0, 0, 2.2875, 0.4625], "texture": "#3"},
				"south": {"uv": [0, 0, 0.5, 0.4625], "texture": "#3"},
				"west": {"uv": [0, 0, 2.2875, 0.4625], "texture": "#3"},
				"up": {"uv": [0, 0, 0.5, 2.2875], "texture": "#3"},
				"down": {"uv": [0, 0, 0.5, 2.2875], "texture": "#3"}
			}
		},
		{
			"from": [10.59486, 11.33587, 5.10917],
			"to": [11.79486, 12.26087, 9.68417],
			"rotation": {"angle": -45, "axis": "x", "origin": [7.01066, 7.30112, 8.14511]},
			"faces": {
				"north": {"uv": [0, 0, 0.6, 0.4625], "rotation": 180, "texture": "#3"},
				"east": {"uv": [0, 0, 2.2875, 0.4625], "rotation": 180, "texture": "#3"},
				"south": {"uv": [0, 0, 0.6, 0.4625], "rotation": 180, "texture": "#3"},
				"west": {"uv": [0, 0, 2.2875, 0.4625], "rotation": 180, "texture": "#3"},
				"up": {"uv": [0, 0, 0.6, 2.2875], "texture": "#3"},
				"down": {"uv": [0, 0, 0.6, 2.2875], "texture": "#3"}
			}
		},
		{
			"from": [9.39486, 11.13587, 5.30917],
			"to": [10.59486, 12.06087, 9.28417],
			"rotation": {"angle": -45, "axis": "x", "origin": [7.01066, 7.30112, 8.14511]},
			"faces": {
				"north": {"uv": [0, 0, 0.6, 0.4625], "rotation": 180, "texture": "#3"},
				"east": {"uv": [0, 0, 1.9875, 0.4625], "rotation": 180, "texture": "#3"},
				"south": {"uv": [0, 0, 0.6, 0.4625], "rotation": 180, "texture": "#3"},
				"west": {"uv": [0, 0, 1.9875, 0.4625], "rotation": 180, "texture": "#3"},
				"up": {"uv": [0, 0, 0.6, 1.9875], "texture": "#3"},
				"down": {"uv": [0, 0, 0.6, 1.9875], "texture": "#3"}
			}
		},
		{
			"from": [8.19486, 10.93587, 5.30917],
			"to": [9.39486, 11.86087, 9.28417],
			"rotation": {"angle": -45, "axis": "x", "origin": [7.01066, 7.30112, 8.14511]},
			"faces": {
				"north": {"uv": [0, 0, 0.6, 0.4625], "rotation": 180, "texture": "#3"},
				"east": {"uv": [0, 0, 1.9875, 0.4625], "rotation": 180, "texture": "#3"},
				"south": {"uv": [0, 0, 0.6, 0.4625], "rotation": 180, "texture": "#3"},
				"west": {"uv": [0, 0, 1.9875, 0.4625], "rotation": 180, "texture": "#3"},
				"up": {"uv": [0, 0, 0.6, 1.9875], "texture": "#3"},
				"down": {"uv": [0, 0, 0.6, 1.9875], "texture": "#3"}
			}
		},
		{
			"from": [6.99486, 10.73587, 5.90917],
			"to": [8.19486, 11.66087, 8.88417],
			"rotation": {"angle": -45, "axis": "x", "origin": [7.01066, 7.30112, 8.14511]},
			"faces": {
				"north": {"uv": [0, 0, 0.6, 0.4625], "rotation": 180, "texture": "#3"},
				"east": {"uv": [0, 0, 1.4875, 0.4625], "rotation": 180, "texture": "#3"},
				"south": {"uv": [0, 0, 0.6, 0.4625], "rotation": 180, "texture": "#3"},
				"west": {"uv": [0, 0, 1.4875, 0.4625], "rotation": 180, "texture": "#3"},
				"up": {"uv": [0, 0, 0.6, 1.4875], "texture": "#3"},
				"down": {"uv": [0, 0, 0.6, 1.4875], "texture": "#3"}
			}
		},
		{
			"from": [5.79486, 10.53587, 6.20917],
			"to": [6.99486, 11.46087, 8.28417],
			"rotation": {"angle": -45, "axis": "x", "origin": [7.01066, 7.30112, 8.14511]},
			"faces": {
				"north": {"uv": [0, 0, 0.6, 0.4625], "rotation": 180, "texture": "#3"},
				"east": {"uv": [0, 0, 1.0375, 0.4625], "rotation": 180, "texture": "#3"},
				"south": {"uv": [0, 0, 0.6, 0.4625], "rotation": 180, "texture": "#3"},
				"west": {"uv": [0, 0, 1.0375, 0.4625], "rotation": 180, "texture": "#3"},
				"up": {"uv": [0, 0, 0.6, 1.0375], "texture": "#3"},
				"down": {"uv": [0, 0, 0.6, 1.0375], "texture": "#3"}
			}
		},
		{
			"from": [4.69486, 10.03587, 6.50917],
			"to": [5.79486, 11.16087, 7.98417],
			"rotation": {"angle": -45, "axis": "x", "origin": [7.01066, 7.30112, 8.14511]},
			"faces": {
				"north": {"uv": [0, 0, 0.55, 0.5625], "rotation": 180, "texture": "#3"},
				"east": {"uv": [0, 0, 0.7375, 0.5625], "rotation": 180, "texture": "#3"},
				"south": {"uv": [0, 0, 0.55, 0.5625], "rotation": 180, "texture": "#3"},
				"west": {"uv": [0, 0, 0.7375, 0.5625], "rotation": 180, "texture": "#3"},
				"up": {"uv": [0, 0, 0.55, 0.7375], "texture": "#3"},
				"down": {"uv": [0, 0, 0.55, 0.7375], "texture": "#3"}
			}
		},
		{
			"from": [6.53441, 5.70876, 3.66781],
			"to": [13.73441, 8.70876, 4.79281],
			"rotation": {"angle": 22.5, "axis": "y", "origin": [7.01066, 7.30112, 8.14511]},
			"faces": {
				"north": {"uv": [0, 0, 3.6, 1.5], "rotation": 180, "texture": "#3"},
				"east": {"uv": [0, 0, 1.5, 0.5625], "rotation": 90, "texture": "#3"},
				"south": {"uv": [0, 0, 3.6, 1.5], "texture": "#3"},
				"west": {"uv": [0, 0, 1.5, 0.5625], "rotation": 270, "texture": "#3"},
				"up": {"uv": [0, 0, 3.6, 0.5625], "texture": "#3"},
				"down": {"uv": [0, 0, 3.6, 0.5625], "rotation": 180, "texture": "#3"}
			}
		},
		{
			"from": [5.15046, 9.52275, 5.3],
			"to": [13.15046, 10.64775, 10.9],
			"rotation": {"angle": 22.5, "axis": "z", "origin": [7.01066, 7.30112, 8.14511]},
			"faces": {
				"north": {"uv": [0, 0, 4, 0.5625], "texture": "#3"},
				"east": {"uv": [0, 0, 2.8, 0.5625], "texture": "#3"},
				"south": {"uv": [0, 0, 4, 0.5625], "texture": "#3"},
				"up": {"uv": [0, 0, 4, 2.8], "texture": "#3"},
				"down": {"uv": [0, 0, 4, 2.8], "texture": "#3"}
			}
		},
		{
			"from": [6.48181, 5.70876, 10.92779],
			"to": [13.78181, 8.70876, 12.55279],
			"rotation": {"angle": -22.5, "axis": "y", "origin": [7.01066, 7.30112, 8.14511]},
			"faces": {
				"north": {"uv": [0, 0, 3.65, 1.5], "rotation": 180, "texture": "#3"},
				"east": {"uv": [0, 0, 1.5, 0.8125], "rotation": 90, "texture": "#3"},
				"south": {"uv": [0, 0, 3.65, 1.5], "texture": "#3"},
				"west": {"uv": [0, 0, 1.5, 0.8125], "rotation": 270, "texture": "#3"},
				"up": {"uv": [0, 0, 3.65, 0.8125], "texture": "#3"},
				"down": {"uv": [0, 0, 3.65, 0.8125], "rotation": 180, "texture": "#3"}
			}
		},
		{
			"from": [5.29769, 3.79904, 5.3],
			"to": [13.39769, 4.92404, 10.9],
			"rotation": {"angle": -22.5, "axis": "z", "origin": [7.01066, 7.30112, 8.14511]},
			"faces": {
				"north": {"uv": [0, 0, 4.05, 0.5625], "texture": "#3"},
				"east": {"uv": [0, 0, 2.8, 0.5625], "texture": "#3"},
				"south": {"uv": [0, 0, 4.05, 0.5625], "texture": "#3"},
				"up": {"uv": [0, 0, 4.05, 2.8], "texture": "#3"},
				"down": {"uv": [0, 0, 4.05, 2.8], "texture": "#3"}
			}
		},
		{
			"from": [3.85, 5.7, 5.3],
			"to": [4.85, 8.7, 10.9],
			"rotation": {"angle": 0, "axis": "y", "origin": [7.01066, 7.30112, 8.14511]},
			"faces": {
				"north": {"uv": [8, 0, 8.5, 1.5], "texture": "#3"},
				"east": {"uv": [8, 0, 10.8, 1.5], "texture": "#3"},
				"south": {"uv": [8, 0, 8.5, 1.5], "texture": "#3"},
				"west": {"uv": [8, 0, 10.8, 1.5], "texture": "#3"}
			}
		},
		{
			"from": [4.65, 5.7, 6],
			"to": [10.95, 8.7, 9.8],
			"rotation": {"angle": 0, "axis": "y", "origin": [7.01066, 7.30112, 8.14511]},
			"faces": {
				"north": {"uv": [8, 0, 11.15, 1.5], "texture": "#3"},
				"east": {"uv": [8, 0, 9.9, 1.5], "texture": "#3"},
				"south": {"uv": [8, 0, 11.15, 1.5], "texture": "#3"},
				"up": {"uv": [8, 0, 11.15, 1.9], "texture": "#3"},
				"down": {"uv": [8, 0, 11.15, 1.9], "texture": "#3"}
			}
		},
		{
			"from": [1.15, 5.6875, 10.8875],
			"to": [4.85, 8.6875, 12.0125],
			"rotation": {"angle": 0, "axis": "y", "origin": [7.01066, 7.30112, 8.14511]},
			"faces": {
				"north": {"uv": [8, 0, 9.85, 1.5], "rotation": 180, "texture": "#3"},
				"east": {"uv": [8, 0, 9.5, 0.5625], "rotation": 270, "texture": "#3"},
				"south": {"uv": [8, 0, 9.85, 1.5], "texture": "#3"},
				"west": {"uv": [8, 0, 9.5, 0.5625], "rotation": 90, "texture": "#3"},
				"up": {"uv": [8, 0, 9.85, 0.5625], "rotation": 180, "texture": "#3"},
				"down": {"uv": [8, 0, 9.85, 0.5625], "texture": "#3"}
			}
		},
		{
			"from": [1.15, 8.7, 5.3],
			"to": [4.85, 9.825, 10.9],
			"rotation": {"angle": 0, "axis": "y", "origin": [7.01066, 7.30112, 8.14511]},
			"faces": {
				"north": {"uv": [8, 0, 9.85, 0.5625], "texture": "#3"},
				"east": {"uv": [8, 0, 10.8, 0.5625], "texture": "#3"},
				"south": {"uv": [8, 0, 9.85, 0.5625], "texture": "#3"},
				"west": {"uv": [8, 0, 10.8, 0.5625], "texture": "#3"},
				"up": {"uv": [8, 0, 9.85, 2.8], "texture": "#3"},
				"down": {"uv": [8, 0, 9.85, 2.8], "texture": "#3"}
			}
		},
		{
			"from": [0.15, 5.7, 5.3],
			"to": [1.15, 8.7, 10.9],
			"rotation": {"angle": 0, "axis": "y", "origin": [7.01066, 7.30112, 8.14511]},
			"faces": {
				"north": {"uv": [8, 0, 8.5, 1.5], "texture": "#3"},
				"east": {"uv": [8, 0, 10.8, 1.5], "texture": "#3"},
				"south": {"uv": [8, 0, 8.5, 1.5], "texture": "#3"},
				"west": {"uv": [8, 0, 10.8, 1.5], "texture": "#3"},
				"up": {"uv": [8, 0, 8.5, 2.8], "texture": "#3"},
				"down": {"uv": [8, 0, 8.5, 2.8], "texture": "#3"}
			}
		},
		{
			"from": [1.15, 4.575, 5.3],
			"to": [4.85, 5.7, 10.9],
			"rotation": {"angle": 0, "axis": "y", "origin": [7.01066, 7.30112, 8.14511]},
			"faces": {
				"north": {"uv": [8, 0, 9.85, 0.5625], "texture": "#3"},
				"east": {"uv": [8, 0, 10.8, 0.5625], "texture": "#3"},
				"south": {"uv": [8, 0, 9.85, 0.5625], "texture": "#3"},
				"west": {"uv": [8, 0, 10.8, 0.5625], "texture": "#3"},
				"up": {"uv": [8, 0, 9.85, 2.8], "texture": "#3"},
				"down": {"uv": [8, 0, 9.85, 2.8], "texture": "#3"}
			}
		},
		{
			"from": [1.15, 5.6875, 4.1875],
			"to": [4.85, 8.6875, 5.3125],
			"rotation": {"angle": 0, "axis": "y", "origin": [7.01066, 7.30112, 8.14511]},
			"faces": {
				"north": {"uv": [8, 0, 9.85, 1.5], "rotation": 180, "texture": "#3"},
				"east": {"uv": [8, 0, 9.5, 0.5625], "rotation": 270, "texture": "#3"},
				"south": {"uv": [8, 0, 9.85, 1.5], "texture": "#3"},
				"west": {"uv": [8, 0, 9.5, 0.5625], "rotation": 90, "texture": "#3"},
				"up": {"uv": [8, 0, 9.85, 0.5625], "rotation": 180, "texture": "#3"},
				"down": {"uv": [8, 0, 9.85, 0.5625], "texture": "#3"}
			}
		},
		{
			"from": [0.76161, 5.71437, 3.9375],
			"to": [2.26161, 13.01437, 4.1625],
			"rotation": {"angle": 22.5, "axis": "z", "origin": [0.31161, 9.36437, 8.1]},
			"faces": {
				"north": {"uv": [0, 8.5, 3.5, 9.5], "rotation": 90, "texture": "#3"},
				"east": {"uv": [0, 8, 3.65, 8.1125], "rotation": 270, "texture": "#3"},
				"south": {"uv": [0, 8, 3.65, 8.75], "rotation": 90, "texture": "#3"},
				"west": {"uv": [0, 8, 3.65, 8.1125], "rotation": 90, "texture": "#3"},
				"up": {"uv": [0, 8, 0.75, 8.1125], "rotation": 180, "texture": "#3"},
				"down": {"uv": [0, 8, 0.75, 8.1125], "texture": "#3"}
			}
		},
		{
			"from": [0.76161, 5.71437, 12.0375],
			"to": [2.26161, 13.01437, 12.2625],
			"rotation": {"angle": 22.5, "axis": "z", "origin": [0.31161, 9.36437, 8.1]},
			"faces": {
				"north": {"uv": [0, 8, 3.65, 8.75], "rotation": 90, "texture": "#3"},
				"east": {"uv": [0, 8, 3.65, 8.1125], "rotation": 270, "texture": "#3"},
				"south": {"uv": [0, 9.5, 3, 10.5], "rotation": 90, "texture": "#3"},
				"west": {"uv": [0, 8, 3.65, 8.1125], "rotation": 90, "texture": "#3"},
				"up": {"uv": [0, 8, 0.75, 8.1125], "rotation": 180, "texture": "#3"},
				"down": {"uv": [0, 8, 0.75, 8.1125], "texture": "#3"}
			}
		}
	],
	"display": {
		"thirdperson_righthand": {
			"rotation": [0, 5, 102.75],
			"translation": [-1.5, 2.75, 0],
			"scale": [0.5, 0.5, 0.5]
		},
		"firstperson_righthand": {
			"rotation": [86.75, 104.5, 0]
		},
		"firstperson_lefthand": {
			"rotation": [86.75, 104.5, 0]
		},
		"ground": {
			"translation": [0, 3, 0]
		},
		"gui": {
			"rotation": [0, -43, 0],
			"translation": [1.5, 0, 0],
			"scale": [0.8, 0.8, 0.8]
		},
		"head": {
			"rotation": [0, 0, 93],
			"translation": [0, 10, 0]
		},
		"fixed": {
			"rotation": [67.25, 90, 0],
			"translation": [0, 5, -14.25],
			"scale": [2, 2, 2]
		}
	},
	"groups": [
		{
			"name": "corner_1",
			"origin": [4.91986, 9.42455, 11.31541],
			"children": [0, 1, 2, 3, 4, 5]
		},
		{
			"name": "corner_2",
			"origin": [7.87819, 9.47464, 11.50102],
			"children": [6, 7, 8, 9, 10, 11]
		},
		{
			"name": "corner_3",
			"origin": [7.87819, 9.47464, 11.50102],
			"children": [12, 13, 14, 15, 16, 17]
		},
		{
			"name": "corner_4",
			"origin": [4.91986, 9.42455, 11.31541],
			"children": [18, 19, 20, 21, 22, 23]
		},
		{
			"name": "sides",
			"origin": [7.01066, 7.30112, 8.14511],
			"children": [24, 25, 26, 27]
		},
		{
			"name": "back",
			"origin": [7.01066, 7.30112, 8.14511],
			"children": [28, 29, 30, 31, 32, 33, 34]
		},
		{
			"name": "holder",
			"origin": [0.31161, 9.36437, 8.1],
			"children": [35, 36]
		}
	]
}