{
	"credit": "_Moon_Stone_",
	"textures": {
		"0": "block/beehive_end"
	},
	"elements": [
		{
			"from": [0, 0, 4],
			"to": [16, 1, 16],
			"rotation": {"angle": 0, "axis": "y", "origin": [8, 8, 11]},
			"faces": {
				"north": {"uv": [0, 0, 16, 1], "texture": "#0"},
				"east": {"uv": [0, 0, 12, 1], "texture": "#0", "cullface": "east"},
				"south": {"uv": [0, 0, 16, 1], "texture": "#0", "cullface": "south"},
				"west": {"uv": [0, 0, 12, 1], "texture": "#0", "cullface": "west"},
				"up": {"uv": [0, 0, 16, 12], "texture": "#0"},
				"down": {"uv": [0, 0, 16, 12], "texture": "#0", "cullface": "down"}
			}
		},
		{
			"from": [0, 7, 7],
			"to": [16, 8, 15],
			"rotation": {"angle": 0, "axis": "y", "origin": [8, 15, 11]},
			"faces": {
				"north": {"uv": [0, 0, 16, 1], "texture": "#0"},
				"east": {"uv": [0, 0, 8, 1], "texture": "#0", "cullface": "east"},
				"west": {"uv": [0, 0, 8, 1], "texture": "#0", "cullface": "west"},
				"up": {"uv": [0, 0, 16, 8], "texture": "#0"},
				"down": {"uv": [0, 0, 16, 8], "texture": "#0"}
			}
		},
		{
			"from": [0, 1, 15],
			"to": [16, 12, 16],
			"rotation": {"angle": 0, "axis": "y", "origin": [23, 9, 23]},
			"faces": {
				"north": {"uv": [0, 1, 16, 11], "texture": "#0"},
				"east": {"uv": [0, 0, 1, 11], "texture": "#0", "cullface": "east"},
				"south": {"uv": [0, 0, 16, 11], "texture": "#0", "cullface": "south"},
				"west": {"uv": [0, 0, 1, 11], "texture": "#0", "cullface": "west"},
				"up": {"uv": [0, 0, 16, 1], "texture": "#0"}
			}
		},
		{
			"from": [1, 12, 15],
			"to": [15, 13, 16],
			"rotation": {"angle": 0, "axis": "y", "origin": [23, 20, 23]},
			"faces": {
				"north": {"uv": [0, 1, 16, 2], "texture": "#0"},
				"east": {"uv": [0, 0, 1, 1], "texture": "#0"},
				"south": {"uv": [0, 1, 16, 2], "texture": "#0", "cullface": "south"},
				"west": {"uv": [0, 0, 1, 1], "texture": "#0"},
				"up": {"uv": [0, 0, 14, 1], "texture": "#0"}
			}
		},
		{
			"from": [3, 14, 15],
			"to": [13, 15, 16],
			"rotation": {"angle": 0, "axis": "y", "origin": [23, 22, 23]},
			"faces": {
				"north": {"uv": [3, 0, 13, 1], "texture": "#0"},
				"east": {"uv": [0, 0, 1, 1], "texture": "#0"},
				"south": {"uv": [0, 0, 10, 1], "texture": "#0", "cullface": "south"},
				"west": {"uv": [0, 0, 1, 1], "texture": "#0"},
				"up": {"uv": [0, 0, 10, 1], "texture": "#0"}
			}
		},
		{
			"from": [2, 13, 15],
			"to": [14, 14, 16],
			"rotation": {"angle": 0, "axis": "y", "origin": [23, 21, 23]},
			"faces": {
				"north": {"uv": [0, 0, 12, 1], "texture": "#0"},
				"east": {"uv": [0, 0, 1, 1], "texture": "#0"},
				"south": {"uv": [0, 0, 12, 1], "texture": "#0"},
				"west": {"uv": [0, 0, 1, 1], "texture": "#0"},
				"up": {"uv": [0, 0, 12, 1], "texture": "#0"}
			}
		},
		{
			"from": [15, 1, 13],
			"to": [16, 2, 15],
			"rotation": {"angle": 0, "axis": "y", "origin": [23, 9, 21]},
			"faces": {
				"north": {"uv": [0, 0, 1, 1], "texture": "#0"},
				"east": {"uv": [0, 0, 2, 1], "texture": "#0", "cullface": "east"},
				"west": {"uv": [0, 0, 7, 1], "texture": "#0"},
				"up": {"uv": [0, 0, 1, 2], "texture": "#0"}
			}
		},
		{
			"from": [15, 2, 14],
			"to": [16, 3, 15],
			"rotation": {"angle": 0, "axis": "y", "origin": [23, 10, 21]},
			"faces": {
				"north": {"uv": [0, 0, 1, 1], "texture": "#0"},
				"east": {"uv": [0, 0, 2, 1], "texture": "#0", "cullface": "east"},
				"west": {"uv": [0, 0, 7, 1], "texture": "#0"},
				"up": {"uv": [0, 0, 1, 2], "texture": "#0"}
			}
		},
		{
			"from": [0, 2, 14],
			"to": [1, 3, 15],
			"rotation": {"angle": 0, "axis": "y", "origin": [8, 10, 21]},
			"faces": {
				"north": {"uv": [0, 0, 1, 1], "texture": "#0"},
				"east": {"uv": [0, 0, 2, 1], "texture": "#0"},
				"west": {"uv": [0, 0, 7, 1], "texture": "#0", "cullface": "west"},
				"up": {"uv": [0, 0, 1, 2], "texture": "#0"}
			}
		},
		{
			"from": [0, 1, 13],
			"to": [1, 2, 15],
			"rotation": {"angle": 0, "axis": "y", "origin": [8, 9, 21]},
			"faces": {
				"north": {"uv": [0, 0, 1, 1], "texture": "#0"},
				"east": {"uv": [0, 0, 2, 1], "texture": "#0"},
				"west": {"uv": [0, 0, 7, 1], "texture": "#0", "cullface": "west"},
				"up": {"uv": [0, 0, 1, 2], "texture": "#0"}
			}
		},
		{
			"from": [0, 9, 14],
			"to": [1, 10, 15],
			"rotation": {"angle": 0, "axis": "y", "origin": [8, 17, 21]},
			"faces": {
				"north": {"uv": [0, 0, 1, 1], "texture": "#0"},
				"east": {"uv": [0, 0, 2, 1], "texture": "#0"},
				"west": {"uv": [0, 0, 1, 1], "texture": "#0", "cullface": "west"},
				"up": {"uv": [0, 0, 1, 2], "texture": "#0"}
			}
		},
		{
			"from": [0, 8, 13],
			"to": [1, 9, 15],
			"rotation": {"angle": 0, "axis": "y", "origin": [8, 16, 21]},
			"faces": {
				"north": {"uv": [0, 0, 1, 1], "texture": "#0"},
				"east": {"uv": [0, 0, 2, 1], "texture": "#0"},
				"west": {"uv": [0, 0, 1, 16], "texture": "#0", "cullface": "west"},
				"up": {"uv": [0, 0, 1, 2], "texture": "#0"}
			}
		},
		{
			"from": [15, 9, 14],
			"to": [16, 10, 15],
			"rotation": {"angle": 0, "axis": "y", "origin": [23, 17, 21]},
			"faces": {
				"north": {"uv": [0, 0, 1, 1], "texture": "#0"},
				"east": {"uv": [0, 0, 2, 1], "texture": "#0", "cullface": "east"},
				"west": {"uv": [0, 0, 1, 16], "texture": "#0"},
				"up": {"uv": [0, 0, 1, 2], "texture": "#0"}
			}
		},
		{
			"from": [15, 8, 13],
			"to": [16, 9, 15],
			"rotation": {"angle": 0, "axis": "y", "origin": [23, 16, 21]},
			"faces": {
				"north": {"uv": [0, 0, 1, 1], "texture": "#0"},
				"east": {"uv": [0, 0, 2, 1], "texture": "#0", "cullface": "east"},
				"west": {"uv": [0, 0, 16, 1], "texture": "#0"},
				"up": {"uv": [0, 0, 1, 2], "texture": "#0"}
			}
		}
	],
	"groups": [
		{
			"name": "group",
			"origin": [23, 16, 21],
			"children": [0, 1, 2, 3, 4, 5, 6, 7, 8, 9, 10, 11, 12, 13]
		}
	]
}