{
    "parent": "item/generated",
    "textures": {
        "layer0": "item/potion_overlay",
        "layer1": "item/potion"
    },
    "overrides": [
        {"predicate": {"custom_model_data": 4}, "model": "item/potion"},
        {"predicate": {"custom_model_data": 2509}, "model": "item/minebreak/food/cup"},
        {"predicate": {"custom_model_data": 3010}, "model": "item/potion"},
        {"predicate": {"custom_model_data": 4600}, "model": "item/potion"},
        {"predicate": {"custom_model_data": 4606}, "model": "item/potion"},
        {"predicate": {"custom_model_data": 4607}, "model": "item/potion"},
        {"predicate": {"custom_model_data": 4608}, "model": "item/potion"},
        {"predicate": {"custom_model_data": 4609}, "model": "item/potion"},
        {"predicate": {"custom_model_data": 4610}, "model": "item/potion"}
    ]
}
