{
	"credit": "MineBreak",
	"textures": {
		"0": "minecraft:minebreak/misc/rope",
		"particle": "minecraft:minebreak/misc/rope"
	},
	"elements": [
		{
			"from": [7, 0, 7],
			"to": [9, 16, 9],
			"faces": {
				"north": {"uv": [0, 0, 2, 16], "texture": "#0"},
				"east": {"uv": [6, 0, 8, 16], "texture": "#0"},
				"south": {"uv": [2, 0, 4, 16], "texture": "#0"},
				"west": {"uv": [4, 0, 6, 16], "texture": "#0"},
				"up": {"uv": [14, 0, 16, 2], "texture": "#0"},
				"down": {"uv": [14, 2, 16, 4], "texture": "#0"}
			}
		}
	]
}