{
	"credit": "By MineBreak",
	"texture_size": [128, 128],
	"textures": {
		"1": "#wood",
		"4": "#texture",
		"particle": "#wood"
	},
	"elements": [
		{
			"name": "pole",
			"from": [7, 0, 7],
			"to": [9, 28, 9],
			"faces": {
				"north": {"uv": [0, 0, 2, 12], "texture": "#1"},
				"east": {"uv": [2, 0, 4, 12], "texture": "#1"},
				"south": {"uv": [7, 1, 9, 13], "texture": "#1"},
				"west": {"uv": [9, 3, 11, 15], "texture": "#1"}
			}
		},
		{
			"from": [1.43, 26, 4.90111],
			"to": [2.43, 27, 20.53111],
			"rotation": {"angle": 45, "axis": "y", "origin": [8, 26.27054, -0.59889]},
			"faces": {
				"north": {"uv": [0, 0, 0.125, 0.125], "texture": "#1"},
				"east": {"uv": [0, 0, 1.95375, 0.125], "texture": "#1"},
				"west": {"uv": [0, 0, 1.95375, 0.125], "texture": "#1"},
				"up": {"uv": [0, 0, 0.125, 1.95375], "rotation": 180, "texture": "#1"},
				"down": {"uv": [0, 1, 0.125, 2.95375], "rotation": 180, "texture": "#1"}
			}
		},
		{
			"from": [-13, 26, 5],
			"to": [2.5, 27, 6],
			"rotation": {"angle": 45, "axis": "y", "origin": [8, 26.27054, -0.59889]},
			"faces": {
				"north": {"uv": [0, 0, 1.9375, 0.125], "texture": "#1"},
				"east": {"uv": [0, 0, 0.125, 0.125], "texture": "#1"},
				"south": {"uv": [0, 0, 1.9375, 0.125], "texture": "#1"},
				"up": {"uv": [0, 0, 0.125, 1.9375], "rotation": 270, "texture": "#1"},
				"down": {"uv": [0.25, 0, 0.375, 1.9375], "rotation": 90, "texture": "#1"}
			}
		},
		{
			"from": [-13, 26, 5],
			"to": [2.5, 27, 6],
			"rotation": {"angle": 45, "axis": "y", "origin": [8, 26.27054, -0.59889]},
			"faces": {
				"north": {"uv": [0, 0, 1.9375, 0.125], "texture": "#1"},
				"east": {"uv": [0, 0, 0, 0], "texture": "#1"},
				"south": {"uv": [0, 0, 1.9375, 0.125], "texture": "#1"},
				"up": {"uv": [0, 0, 0.125, 1.9375], "rotation": 270, "texture": "#1"},
				"down": {"uv": [0.25, 0, 0.375, 1.9375], "rotation": 90, "texture": "#1"}
			}
		},
		{
			"from": [10.12, 26, 1.3],
			"to": [25.62, 27, 2.3],
			"rotation": {"angle": 45, "axis": "y", "origin": [16.73003, 31.32564, 8]},
			"faces": {
				"north": {"uv": [0, 0, 1.9375, 0.125], "texture": "#1"},
				"south": {"uv": [0, 0, 1.9375, 0.125], "texture": "#1"},
				"west": {"uv": [0, 0, 0.125, 0.125], "texture": "#1"},
				"up": {"uv": [0, 0, 0.125, 1.9375], "rotation": 270, "texture": "#1"},
				"down": {"uv": [0, 0, 0.125, 1.9375], "rotation": 90, "texture": "#1"}
			}
		},
		{
			"from": [1.43, 26, -9.58],
			"to": [2.43, 27, 6.9],
			"rotation": {"angle": 45, "axis": "y", "origin": [8, 26.27054, -0.59889]},
			"faces": {
				"east": {"uv": [0, 0, 2.06, 0.125], "texture": "#1"},
				"south": {"uv": [0, 0, 0.125, 0.125], "texture": "#1"},
				"west": {"uv": [0, 0, 2.06, 0.125], "texture": "#1"},
				"up": {"uv": [0, 0, 0.125, 2.06], "texture": "#1"},
				"down": {"uv": [0, 0, 0.125, 2.06], "texture": "#1"}
			}
		},
		{
			"from": [-3, 28, -3],
			"to": [19, 28, 19],
			"faces": {
				"north": {"uv": [0, 0, 2.75, 0], "texture": "#missing"},
				"east": {"uv": [0, 0, 2.75, 0], "texture": "#missing"},
				"south": {"uv": [0, 0, 2.75, 0], "texture": "#missing"},
				"west": {"uv": [0, 0, 2.75, 0], "texture": "#missing"},
				"up": {"uv": [0, 0, 8, 8], "texture": "#4"},
				"down": {"uv": [0, 0, 8, 8], "texture": "#4"}
			}
		},
		{
			"from": [-3, 24, -3],
			"to": [-3, 28, 19],
			"rotation": {"angle": 0, "axis": "y", "origin": [-3, 26.5, 8]},
			"faces": {
				"north": {"uv": [0, 0, 0, 0.5], "texture": "#missing"},
				"east": {"uv": [8, 0, 16, 1.75], "texture": "#4"},
				"south": {"uv": [0, 0, 0, 0.5], "texture": "#missing"},
				"west": {"uv": [8, 0, 16, 1.75], "texture": "#4"},
				"up": {"uv": [0, 0, 0, 2.75], "texture": "#missing"},
				"down": {"uv": [0, 0, 0, 2.75], "texture": "#missing"}
			}
		},
		{
			"from": [-3, 24, 19],
			"to": [19, 28, 19],
			"rotation": {"angle": 0, "axis": "y", "origin": [-3, 26.5, 8]},
			"faces": {
				"north": {"uv": [0, 8, 8, 9.75], "texture": "#4"},
				"east": {"uv": [0, 0, 0, 0.5], "texture": "#missing"},
				"south": {"uv": [0, 8, 8, 9.75], "texture": "#4"},
				"west": {"uv": [0, 0, 0, 0.5], "texture": "#missing"},
				"up": {"uv": [0, 0, 0, 2.75], "rotation": 270, "texture": "#missing"},
				"down": {"uv": [0, 0, 0, 2.75], "rotation": 90, "texture": "#missing"}
			}
		},
		{
			"from": [-3, 24, -3],
			"to": [19, 28, -3],
			"rotation": {"angle": 0, "axis": "y", "origin": [-3, 26.5, 8]},
			"faces": {
				"north": {"uv": [0, 8, 8, 9.75], "texture": "#4"},
				"east": {"uv": [0, 0, 0, 0.5], "texture": "#missing"},
				"south": {"uv": [0, 8, 8, 9.75], "texture": "#4"},
				"west": {"uv": [0, 0, 0, 0.5], "texture": "#missing"},
				"up": {"uv": [0, 0, 0, 2.75], "rotation": 270, "texture": "#missing"},
				"down": {"uv": [0, 0, 0, 2.75], "rotation": 90, "texture": "#missing"}
			}
		},
		{
			"from": [19, 24, -3],
			"to": [19, 28, 19],
			"rotation": {"angle": 0, "axis": "y", "origin": [19, 26.5, 8]},
			"faces": {
				"north": {"uv": [0, 0, 0, 0.5], "texture": "#missing"},
				"east": {"uv": [8, 0, 16, 1.75], "texture": "#4"},
				"south": {"uv": [0, 0, 0, 0.5], "texture": "#missing"},
				"west": {"uv": [8, 0, 16, 1.75], "texture": "#4"},
				"up": {"uv": [0, 0, 0, 2.75], "texture": "#missing"},
				"down": {"uv": [0, 0, 0, 2.75], "texture": "#missing"}
			}
		}
	],
	"display": {
		"thirdperson_righthand": {
			"scale": [0.31445, 0.31445, 0.31445]
		},
		"thirdperson_lefthand": {
			"scale": [0.31445, 0.31445, 0.31445]
		},
		"firstperson_righthand": {
			"rotation": [-23.75, 0, -17.5],
			"scale": [0.29297, 0.29297, 0.29297]
		},
		"firstperson_lefthand": {
			"rotation": [-23.75, 0, -17.5],
			"scale": [0.29297, 0.29297, 0.29297]
		},
		"ground": {
			"translation": [0, 1.25, 0],
			"scale": [0.44531, 0.44531, 0.44531]
		},
		"gui": {
			"rotation": [15.75, 35, 0],
			"translation": [0, -3.5, 0],
			"scale": [0.45117, 0.45117, 0.45117]
		},
		"fixed": {
			"rotation": [-90, 0, 0],
			"scale": [4, 4, 4]
		}
	},
	"groups": [0,
		{
			"name": "poles",
			"origin": [8, 26.27054, -0.59889],
			"color": 0,
			"children": [1, 2, 3, 4, 5]
		},
		{
			"name": "group",
			"origin": [19, 26.5, 8],
			"color": 0,
			"children": [6, 7, 8, 9, 10]
		}
	]
}