{
	"credit": "MineBreak",
	"textures": {
		"0": "minecraft:minebreak/item/wood_cutter/saw"
	},
	"elements": [
		{
			"from": [7.5, 6.3, 4.5],
			"to": [8.5, 7.3, 15.5],
			"faces": {
				"north": {"uv": [13, 0, 14, 1], "texture": "#0"},
				"east": {"uv": [5, 0, 16, 1], "texture": "#0"},
				"south": {"uv": [9, 0, 10, 1], "texture": "#0"},
				"west": {"uv": [5, 0, 16, 1], "texture": "#0"},
				"up": {"uv": [0, 0, 1, 11], "texture": "#0"},
				"down": {"uv": [0, 0, 1, 11], "texture": "#0"}
			}
		},
		{
			"from": [7.6, 7.3125, 4.0875],
			"to": [8.4, 8.4875, 4.9875],
			"rotation": {"angle": -45, "axis": "x", "origin": [8, 7.8, 5.1875]},
			"faces": {
				"north": {"uv": [2, 0, 3, 1.175], "rotation": 180, "texture": "#0"},
				"east": {"uv": [12, 2, 13.175, 2.9], "rotation": 270, "texture": "#0"},
				"south": {"uv": [2, 2, 3, 3.175], "texture": "#0"},
				"west": {"uv": [12, 2, 13.175, 2.9], "rotation": 90, "texture": "#0"},
				"up": {"uv": [2, 3, 3, 3.9], "rotation": 180, "texture": "#0"},
				"down": {"uv": [13, 2, 14, 2.9], "texture": "#0"}
			}
		},
		{
			"from": [7.5, 7.25, 0.575],
			"to": [8.5, 8.15, 4.55],
			"rotation": {"angle": 0, "axis": "y", "origin": [8, 7.8, 5.1875]},
			"faces": {
				"north": {"uv": [2, 2, 3, 2.9], "texture": "#0"},
				"east": {"uv": [12, 2, 15.975, 2.9], "texture": "#0"},
				"south": {"uv": [2, 3, 3, 3.9], "texture": "#0"},
				"west": {"uv": [12, 2, 15.975, 2.9], "texture": "#0"},
				"up": {"uv": [2, 0, 3, 3.975], "texture": "#0"},
				"down": {"uv": [2, 0, 3, 3.975], "texture": "#0"}
			}
		},
		{
			"from": [7.5, 5.0875, 0.9625],
			"to": [8.5, 7.2625, 1.8625],
			"rotation": {"angle": 0, "axis": "y", "origin": [8, 6.8, 2.5625]},
			"faces": {
				"north": {"uv": [2, 1, 3, 2.775], "rotation": 180, "texture": "#0"},
				"east": {"uv": [14, 2, 15.775, 2.9], "rotation": 270, "texture": "#0"},
				"south": {"uv": [2, 2, 3, 3.775], "texture": "#0"},
				"west": {"uv": [13, 2, 14.775, 2.9], "rotation": 90, "texture": "#0"},
				"down": {"uv": [12, 2, 13, 2.9], "texture": "#0"}
			}
		},
		{
			"from": [7.55, 4.3375, 0.5875],
			"to": [8.475, 5.5875, 1.4875],
			"rotation": {"angle": 22.5, "axis": "x", "origin": [8, 4.6, 1.4125]},
			"faces": {
				"north": {"uv": [2, 2, 3, 3.25], "rotation": 180, "texture": "#0"},
				"east": {"uv": [13, 2, 14.25, 2.9], "rotation": 270, "texture": "#0"},
				"south": {"uv": [2, 2, 3, 3.25], "texture": "#0"},
				"west": {"uv": [14, 2, 15.25, 2.9], "rotation": 90, "texture": "#0"},
				"down": {"uv": [2, 1, 3, 2], "texture": "#0"}
			}
		},
		{
			"from": [7.5, 4.17841, 1.45477],
			"to": [8.5, 5.07841, 2.30477],
			"rotation": {"angle": 22.5, "axis": "x", "origin": [8, 4.45341, 1.82977]},
			"faces": {
				"north": {"uv": [2, 1, 3, 1.9], "texture": "#0"},
				"east": {"uv": [2, 3, 2.85, 3.9], "texture": "#0"},
				"south": {"uv": [2, 2, 3, 2.9], "texture": "#0"},
				"west": {"uv": [12, 2, 12.85, 2.9], "texture": "#0"},
				"up": {"uv": [2, 0, 3, 0.85], "texture": "#0"},
				"down": {"uv": [14, 2, 15, 3], "texture": "#0"}
			}
		},
		{
			"from": [7.525, 4.02654, 2.14942],
			"to": [8.475, 4.92654, 4.49942],
			"rotation": {"angle": 0, "axis": "y", "origin": [8, 4.25154, 2.77442]},
			"faces": {
				"east": {"uv": [12, 2, 14.35, 2.9], "texture": "#0"},
				"south": {"uv": [12, 2, 13, 3], "texture": "#0"},
				"west": {"uv": [12, 2, 14.35, 2.9], "texture": "#0"},
				"up": {"uv": [12, 2, 13, 3], "texture": "#0"},
				"down": {"uv": [2, 0, 3, 2.35], "texture": "#0"}
			}
		},
		{
			"from": [7.6, 4.12654, 4.42442],
			"to": [8.4, 4.52654, 5.22442],
			"rotation": {"angle": -22.5, "axis": "x", "origin": [8, 4.22654, 4.72442]},
			"faces": {
				"north": {"uv": [13, 2, 13.8, 2.4], "texture": "#0"},
				"east": {"uv": [13, 2, 13.8, 2.4], "texture": "#0"},
				"west": {"uv": [13, 2, 13.8, 2.4], "texture": "#0"},
				"up": {"uv": [13, 2, 13.8, 2.4], "texture": "#0"},
				"down": {"uv": [13, 2, 13.8, 2.4], "texture": "#0"}
			}
		},
		{
			"from": [7.5, 5.3, 4.5],
			"to": [8.5, 6.3, 13.5],
			"faces": {
				"north": {"uv": [0, 0, 1, 1], "texture": "#0"},
				"east": {"uv": [5, 0, 14, 1], "texture": "#0"},
				"south": {"uv": [0, 0, 1, 1], "texture": "#0"},
				"west": {"uv": [7, 0, 16, 1], "texture": "#0"},
				"down": {"uv": [0, 0, 1, 9], "texture": "#0"}
			}
		},
		{
			"from": [7.5, 4.3, 4.5],
			"to": [8.5, 5.3, 11.5],
			"faces": {
				"north": {"uv": [0, 0, 1, 1], "texture": "#0"},
				"east": {"uv": [9, 0, 16, 1], "texture": "#0"},
				"south": {"uv": [0, 0, 1, 1], "texture": "#0"},
				"west": {"uv": [7, 0, 14, 1], "texture": "#0"},
				"down": {"uv": [0, 4, 1, 11], "texture": "#0"}
			}
		}
	],
	"display": {
		"thirdperson_righthand": {
			"rotation": [67, -178.25, 0],
			"translation": [0, 4.5, 1]
		},
		"thirdperson_lefthand": {
			"rotation": [67, -178.25, 0],
			"translation": [0, 4.5, 1]
		},
		"firstperson_righthand": {
			"rotation": [21, -180, 0],
			"translation": [-1.25, 4.75, 0.25]
		},
		"firstperson_lefthand": {
			"rotation": [21, -180, 0],
			"translation": [-1.25, 4.75, 0.25]
		},
		"ground": {
			"rotation": [0, 0, -86],
			"translation": [0, -2.25, 0],
			"scale": [0.75195, 0.75195, 0.75195]
		},
		"gui": {
			"rotation": [5.25, 60, -9],
			"translation": [0.25, 1.75, 0],
			"scale": [1.13086, 1.13086, 1.13086]
		},
		"head": {
			"rotation": [-15, -180, 0],
			"translation": [0, 9.5, -1.75]
		},
		"fixed": {
			"rotation": [-180, -86, -180],
			"translation": [-0.25, 2, -1],
			"scale": [1.23242, 1.23242, 1.23242]
		}
	}
}