{
    "providers": [
        {
            "type": "bitmap",
            "file": "minecraft:gui/title/minebreak_logo.png",
            "ascent": 16,
            "height": 32,
            "chars": ["ꡥꡦ"]
        },
		{
            "type": "bitmap",
            "file": "minecraft:minebreak/gui/spaces/space_split.png",
            "ascent": -3,
            "height": -3,
            "chars": ["ꌶ"]
        },
		{
            "type": "bitmap",
            "file": "minecraft:minebreak/gui/spaces/space_split.png",
            "ascent": -10,
            "height": -10,
            "chars": ["ꍥ"]
        },
		{
            "type": "bitmap",
            "file": "minecraft:minebreak/gui/misc/star_full.png",
            "ascent": 8,
            "height": 8,
            "chars": ["逅"]
        },
        {
            "ascent":8,
            "chars":["ꑔ"],
            "file":"minecraft:minebreak/gui/misc/red_star_full.png",
            "height":8,
            "type":"bitmap"
        },
		{
            "type": "bitmap",
            "file": "minecraft:minebreak/gui/misc/star_empty.png",
            "ascent": 8,
            "height": 8,
            "chars": ["逨"]
        },
		{
            "type": "bitmap",
            "file": "minecraft:minebreak/badges/admin.png",
            "ascent": 7,
            "height": 7,
            "chars": ["셼"]
        },
		{
            "type": "bitmap",
            "file": "minecraft:minebreak/badges/bot.png",
            "ascent": 7,
            "height": 7,
            "chars": ["솅"]
        },
		{
            "type": "bitmap",
            "file": "minecraft:minebreak/badges/guard.png",
            "ascent": 7,
            "height": 7,
            "chars": ["션"]
        },
		{
            "type": "bitmap",
            "file": "minecraft:minebreak/badges/halloween_badge.png",
            "ascent": 7,
            "height": 7,
            "chars": ["솭"]
        },
		{
            "type": "bitmap",
            "file": "minecraft:minebreak/badges/patreon.png",
            "ascent": 7,
            "height": 7,
            "chars": ["逌"]
        },
		{
            "type": "bitmap",
            "file": "minecraft:minebreak/badges/inmate.png",
            "ascent": 7,
            "height": 7,
            "chars": ["逄"]
        },
        {
            "ascent":7,
            "chars":["셅"],
            "file":"minecraft:minebreak/badges/beta.png",
            "height":7,
            "type":"bitmap"
        },
		{
            "type": "bitmap",
            "file": "minecraft:minebreak/badges/tester.png",
            "ascent": 7,
            "height": 7,
            "chars": ["솠"]
        },
        {
            "ascent":8,
            "chars":["鄜"],
            "file":"minecraft:minebreak/gui/background.png",
            "height":75,
            "type":"bitmap"
        },
		{
            "type": "bitmap",
            "file": "minecraft:gui/title/minebreak_logo.png",
            "ascent": 8,
            "height": 16,
            "chars": ["ꍐ逖"]
        },
		{
            "type": "bitmap",
            "file": "minecraft:minebreak/emoji/smile.png",
            "ascent": 9,
            "height": 10,
            "chars": ["诶"]
        },
		{
            "type": "bitmap",
            "file": "minecraft:minebreak/emoji/tongue.png",
            "ascent": 9,
            "height": 10,
            "chars": ["吉"]
        },
		{
            "type": "bitmap",
            "file": "minecraft:minebreak/emoji/sad.png",
            "ascent": 9,
            "height": 10,
            "chars": ["西"]
        },
		{
            "type": "bitmap",
            "file": "minecraft:minebreak/emoji/heart_eyes.png",
            "ascent": 9,
            "height": 10,
            "chars": ["迪"]
        },
		{
			"ascent":13,
			"chars":["섚"],
			"file":"minecraft:minebreak/gui/sidebar_placeholder.png",
			"height":138,
			"type":"bitmap"
		},
		{
			"ascent":19,
			"chars":["씑"],
			"file":"minecraft:minebreak/gui/bin/bin_s.png",
			"height":79,
			"type":"bitmap"
        },
        {
			"ascent":19,
			"chars":["ꍲ"],
			"file":"minecraft:minebreak/gui/crafting.png",
			"height":133,
			"type":"bitmap"
        },
        {
			"ascent":-32754,
			"chars":["꤈"],
			"file":"minecraft:minebreak/gui/spaces/negative_space.png",
			"height":-3,
			"type":"bitmap"
		},
		{
			"ascent":-32754,
			"chars":["名"],
			"file":"minecraft:minebreak/gui/spaces/negative_space.png",
			"height":-170,
			"type":"bitmap"
        },
        {
            "ascent":7,
            "chars":["ꌤ"],
            "file":"minecraft:minebreak/item/easter/golden_egg.png",
            "height":8,
            "type":"bitmap"
        },
        {
            "ascent":7,
            "chars":["ꌦ"],
            "file":"minecraft:minebreak/badges/fox.png",
            "height":9,
            "type":"bitmap"
        },
        {
            "ascent":7,
            "chars":["ꌯ"],
            "file":"minecraft:minebreak/badges/fox_face.png",
            "height":8,
            "type":"bitmap"
        },
        {
            "ascent":9,
            "chars":["ꍂ"],
            "file":"minecraft:minebreak/badges/bunny.png",
            "height":12,
            "type":"bitmap"
        },
        {
            "ascent":7,
            "chars":["속"],
            "file":"minecraft:minebreak/badges/moon.png",
            "height":9,
            "type":"bitmap"
        },
        {
            "ascent":512,
            "chars":["ꌒ"],
            "file":"minecraft:minebreak/gui/black_box.png",
            "height":1024,
            "type":"bitmap"
        },
        {
            "ascent":9,
            "chars":["섫"],
            "file":"minecraft:minebreak/emoji/cash_eyes.png",
            "height":10,
            "type":"bitmap"
        },
        {
            "ascent":9,
            "chars":["솗"],
            "file":"minecraft:minebreak/emoji/cool.png",
            "height":10,
            "type":"bitmap"
        },
        {
            "ascent":9,
            "chars":["씘"],
            "file":"minecraft:minebreak/emoji/devil.png",
            "height":10,
            "type":"bitmap"
        },
        {
            "ascent":9,
            "chars":["쐅"],
            "file":"minecraft:minebreak/emoji/lul.png",
            "height":10,
            "type":"bitmap"
        },
        {
            "ascent":9,
            "chars":["솝"],
            "file":"minecraft:minebreak/emoji/rly.png",
            "height":10,
            "type":"bitmap"
        },
        {
            "ascent":9,
            "chars":["逈"],
            "file":"minecraft:minebreak/emoji/tear.png",
            "height":10,
            "type":"bitmap"
        },
        {
            "ascent":9,
            "chars":["ꌱ"],
            "file":"minecraft:minebreak/badges/twitch.png",
            "height":10,
            "type":"bitmap"
        },
        {
            "ascent":9,
            "chars":["ꍣ"],
            "file":"minecraft:minebreak/icons/twitch.png",
            "height":10,
            "type":"bitmap"
        },
        {
            "ascent":8,
            "chars":["셭"],
            "file":"minecraft:minebreak/badges/og.png",
            "height":8,
            "type":"bitmap"
        },
        {
            "ascent":9,
            "chars":["ꌎ"],
            "file":"minecraft:minebreak/item/ruby.png",
            "height":12,
            "type":"bitmap"
        },
        {
            "ascent":8,
            "chars":["ꌣ"],
            "file":"minecraft:minebreak/badges/bubble.png",
            "height":8,
            "type":"bitmap"
        },
        {
            "ascent":9,
            "chars":["ꅂ"],
            "file":"minecraft:minebreak/badges/christmas2021/escape_finish.png",
            "height":9,
            "type":"bitmap"
        },
        {
            "ascent":9,
            "chars":["ꆤ"],
            "file":"minecraft:minebreak/badges/christmas2021/event_top.png",
            "height":9,
            "type":"bitmap"
        }
    ]
}