{
	"credit": "MineBreak ",
	"gui_light": "side",
	"texture_size": [1, 1],
	"textures": {
		"0": "minecraft:minebreak/item/mop/cola",
		"1": "minecraft:minebreak/item/mop/lays",
		"3": "minecraft:minebreak/item/mop/cigarette"
	},
	"elements": [
		{
			"name": "cocacola",
			"from": [9, 7, 4],
			"to": [14, 8, 11],
			"faces": {
				"north": {"uv": [0, 0, 4, 0.992], "texture": "#0"},
				"east": {"uv": [0, 2, 6, 3.008], "texture": "#0"},
				"south": {"uv": [0, 1.008, 4, 2], "texture": "#0"},
				"west": {"uv": [3.008, 0, 9.008, 1.008], "texture": "#0"},
				"up": {"uv": [0, 0, 4, 6], "texture": "#0"},
				"down": {"uv": [0, 4, 4, 10], "texture": "#0"}
			}
		},
		{
			"name": "lays",
			"from": [1.70711, 7, 3.70711],
			"to": [5.70711, 9, 11.70711],
			"rotation": {"angle": 45, "axis": "y", "origin": [8, 8, 8]},
			"faces": {
				"north": {"uv": [12, 4, 16, 5.984], "texture": "#1"},
				"east": {"uv": [2, 6, 16, 8], "texture": "#1"},
				"south": {"uv": [12, 4, 16, 6.016], "texture": "#1"},
				"west": {"uv": [2, 6, 16, 8], "texture": "#1"},
				"up": {"uv": [0.016, 9.008, 4.016, 16], "texture": "#1"},
				"down": {"uv": [0, 9.008, 4.016, 16], "texture": "#1"}
			}
		},
		{
			"name": "cigarete",
			"from": [4.5412, 7, 2.30656],
			"to": [12.5412, 8, 3.30656],
			"rotation": {"angle": 22.5, "axis": "y", "origin": [8, 8, 8]},
			"faces": {
				"north": {"uv": [6, 0, 9.008, 16], "rotation": 90, "texture": "#3"},
				"east": {"uv": [6, 13.008, 9.008, 16], "rotation": 270, "texture": "#3"},
				"south": {"uv": [6, 0, 9.008, 16], "rotation": 270, "texture": "#3"},
				"west": {"uv": [12, 2, 15.008, 4.992], "rotation": 270, "texture": "#3"},
				"up": {"uv": [6, 0, 9.008, 16], "rotation": 270, "texture": "#3"},
				"down": {"uv": [6, 0, 9.008, 16], "rotation": 270, "texture": "#3"}
			}
		},
		{
			"name": "cigarete",
			"from": [6.8149, 7, 13.89386],
			"to": [11.8149, 8, 14.89386],
			"rotation": {"angle": 22.5, "axis": "y", "origin": [8, 8, 8]},
			"faces": {
				"north": {"uv": [6, 0, 9.008, 16], "rotation": 270, "texture": "#3"},
				"east": {"uv": [12, 2, 15.008, 4.992], "rotation": 270, "texture": "#3"},
				"south": {"uv": [6, 0, 9.008, 16], "rotation": 90, "texture": "#3"},
				"west": {"uv": [6, 13.008, 9.008, 16], "rotation": 270, "texture": "#3"},
				"up": {"uv": [6, 0, 9.008, 16], "rotation": 90, "texture": "#3"},
				"down": {"uv": [6, 0, 9.008, 16], "rotation": 90, "texture": "#3"}
			}
		}
	],
	"display": {
		"thirdperson_righthand": {
			"rotation": [51, -17, 0],
			"translation": [0.25, 0.5, -0.75],
			"scale": [0.5, 0.5, 0.5]
		},
		"thirdperson_lefthand": {
			"rotation": [90, 0, 0],
			"translation": [0.25, 0.5, 0.25],
			"scale": [0.5, 0.5, 0.5]
		},
		"ground": {
			"scale": [0.7, 0.7, 0.7]
		},
		"gui": {
			"rotation": [51, -17, 0],
			"translation": [0.25, 0.75, 0]
		},
		"head": {
			"translation": [0, -14.75, 0]
		},
		"fixed": {
			"rotation": [90, 0, 0]
		}
	}
}