{
	"credit": "_Moon_Stone_",
	"textures": {
		"0": "block/beehive_end",
		"2": "block/diorite",
		"3": "block/black_concrete_powder",
		"4": "block/red_concrete_powder",
		"7": "block/green_concrete_powder",
		"9": "block/blue_concrete",
		"10": "block/brown_concrete"
	},
	"elements": [
		{
			"from": [0, 0, 4],
			"to": [16, 1, 16],
			"rotation": {"angle": 0, "axis": "y", "origin": [8, 8, 11]},
			"faces": {
				"north": {"uv": [0, 0, 16, 1], "texture": "#0"},
				"east": {"uv": [0, 0, 12, 1], "texture": "#0", "cullface": "east"},
				"south": {"uv": [0, 0, 16, 1], "texture": "#0", "cullface": "south"},
				"west": {"uv": [0, 0, 12, 1], "texture": "#0", "cullface": "west"},
				"up": {"uv": [0, 0, 16, 12], "texture": "#0"},
				"down": {"uv": [0, 0, 16, 12], "texture": "#0", "cullface": "down"}
			}
		},
		{
			"from": [0, 7, 7],
			"to": [16, 8, 15],
			"rotation": {"angle": 0, "axis": "y", "origin": [8, 15, 11]},
			"faces": {
				"north": {"uv": [0, 0, 16, 1], "texture": "#0"},
				"east": {"uv": [0, 0, 8, 1], "texture": "#0", "cullface": "east"},
				"west": {"uv": [0, 0, 8, 1], "texture": "#0", "cullface": "west"},
				"up": {"uv": [0, 0, 16, 8], "texture": "#0"},
				"down": {"uv": [0, 0, 16, 8], "texture": "#0"}
			}
		},
		{
			"from": [0, 1, 15],
			"to": [16, 12, 16],
			"rotation": {"angle": 0, "axis": "y", "origin": [23, 9, 23]},
			"faces": {
				"north": {"uv": [0, 1, 16, 11], "texture": "#0"},
				"east": {"uv": [0, 0, 1, 11], "texture": "#0", "cullface": "east"},
				"south": {"uv": [0, 0, 16, 11], "texture": "#0", "cullface": "south"},
				"west": {"uv": [0, 0, 1, 11], "texture": "#0", "cullface": "west"},
				"up": {"uv": [0, 0, 16, 1], "texture": "#0"}
			}
		},
		{
			"from": [1, 12, 15],
			"to": [15, 13, 16],
			"rotation": {"angle": 0, "axis": "y", "origin": [23, 20, 23]},
			"faces": {
				"north": {"uv": [0, 1, 16, 2], "texture": "#0"},
				"east": {"uv": [0, 0, 1, 1], "texture": "#0"},
				"south": {"uv": [0, 1, 16, 2], "texture": "#0", "cullface": "south"},
				"west": {"uv": [0, 0, 1, 1], "texture": "#0"},
				"up": {"uv": [0, 0, 14, 1], "texture": "#0"}
			}
		},
		{
			"from": [3, 14, 15],
			"to": [13, 15, 16],
			"rotation": {"angle": 0, "axis": "y", "origin": [23, 22, 23]},
			"faces": {
				"north": {"uv": [3, 0, 13, 1], "texture": "#0"},
				"east": {"uv": [0, 0, 1, 1], "texture": "#0"},
				"south": {"uv": [0, 0, 10, 1], "texture": "#0", "cullface": "south"},
				"west": {"uv": [0, 0, 1, 1], "texture": "#0"},
				"up": {"uv": [0, 0, 10, 1], "texture": "#0"}
			}
		},
		{
			"from": [2, 13, 15],
			"to": [14, 14, 16],
			"rotation": {"angle": 0, "axis": "y", "origin": [23, 21, 23]},
			"faces": {
				"north": {"uv": [0, 0, 12, 1], "texture": "#0"},
				"east": {"uv": [0, 0, 1, 1], "texture": "#0"},
				"south": {"uv": [0, 0, 12, 1], "texture": "#0"},
				"west": {"uv": [0, 0, 1, 1], "texture": "#0"},
				"up": {"uv": [0, 0, 12, 1], "texture": "#0"}
			}
		},
		{
			"from": [15, 1, 13],
			"to": [16, 2, 15],
			"rotation": {"angle": 0, "axis": "y", "origin": [23, 9, 21]},
			"faces": {
				"north": {"uv": [0, 0, 1, 1], "texture": "#0"},
				"east": {"uv": [0, 0, 2, 1], "texture": "#0", "cullface": "east"},
				"west": {"uv": [0, 0, 7, 1], "texture": "#0"},
				"up": {"uv": [0, 0, 1, 2], "texture": "#0"}
			}
		},
		{
			"from": [15, 2, 14],
			"to": [16, 3, 15],
			"rotation": {"angle": 0, "axis": "y", "origin": [23, 10, 21]},
			"faces": {
				"north": {"uv": [0, 0, 1, 1], "texture": "#0"},
				"east": {"uv": [0, 0, 2, 1], "texture": "#0", "cullface": "east"},
				"west": {"uv": [0, 0, 7, 1], "texture": "#0"},
				"up": {"uv": [0, 0, 1, 2], "texture": "#0"}
			}
		},
		{
			"from": [0, 2, 14],
			"to": [1, 3, 15],
			"rotation": {"angle": 0, "axis": "y", "origin": [8, 10, 21]},
			"faces": {
				"north": {"uv": [0, 0, 1, 1], "texture": "#0"},
				"west": {"uv": [0, 0, 7, 1], "texture": "#0", "cullface": "west"},
				"up": {"uv": [0, 0, 1, 2], "texture": "#0"}
			}
		},
		{
			"from": [0, 1, 13],
			"to": [1, 2, 15],
			"rotation": {"angle": 0, "axis": "y", "origin": [8, 9, 21]},
			"faces": {
				"north": {"uv": [0, 0, 1, 1], "texture": "#0"},
				"west": {"uv": [0, 0, 7, 1], "texture": "#0", "cullface": "west"},
				"up": {"uv": [0, 0, 1, 2], "texture": "#0"}
			}
		},
		{
			"from": [0, 9, 14],
			"to": [1, 10, 15],
			"rotation": {"angle": 0, "axis": "y", "origin": [8, 17, 21]},
			"faces": {
				"north": {"uv": [0, 0, 1, 1], "texture": "#0"},
				"east": {"uv": [0, 0, 2, 1], "texture": "#0"},
				"west": {"uv": [0, 0, 1, 1], "texture": "#0", "cullface": "west"},
				"up": {"uv": [0, 0, 1, 2], "texture": "#0"}
			}
		},
		{
			"from": [0, 8, 13],
			"to": [1, 9, 15],
			"rotation": {"angle": 0, "axis": "y", "origin": [8, 16, 21]},
			"faces": {
				"north": {"uv": [0, 0, 1, 1], "texture": "#0"},
				"east": {"uv": [0, 0, 2, 1], "texture": "#0"},
				"west": {"uv": [0, 0, 1, 16], "texture": "#0", "cullface": "west"},
				"up": {"uv": [0, 0, 1, 2], "texture": "#0"}
			}
		},
		{
			"from": [15, 9, 14],
			"to": [16, 10, 15],
			"rotation": {"angle": 0, "axis": "y", "origin": [23, 17, 21]},
			"faces": {
				"north": {"uv": [0, 0, 1, 1], "texture": "#0"},
				"east": {"uv": [0, 0, 2, 1], "texture": "#0", "cullface": "east"},
				"up": {"uv": [0, 0, 1, 2], "texture": "#0"}
			}
		},
		{
			"from": [15, 8, 13],
			"to": [16, 9, 15],
			"rotation": {"angle": 0, "axis": "y", "origin": [23, 16, 21]},
			"faces": {
				"north": {"uv": [0, 0, 1, 1], "texture": "#0"},
				"east": {"uv": [0, 0, 2, 1], "texture": "#0", "cullface": "east"},
				"west": {"uv": [0, 0, 16, 1], "texture": "#0"},
				"up": {"uv": [0, 0, 1, 2], "texture": "#0"}
			}
		},
		{
			"from": [1, 1, 9],
			"to": [2, 6, 15],
			"rotation": {"angle": 0, "axis": "y", "origin": [9, 9, 22]},
			"faces": {
				"north": {"uv": [9, 6, 10, 11], "texture": "#7"},
				"east": {"uv": [0, 0, 6, 5], "texture": "#7"},
				"west": {"uv": [0, 0, 11, 11], "texture": "#7"},
				"up": {"uv": [0, 0, 1, 6], "texture": "#7"}
			}
		},
		{
			"from": [2, 1, 8],
			"to": [3, 6, 9],
			"rotation": {"angle": 0, "axis": "y", "origin": [10, 9, 15]},
			"faces": {
				"north": {"uv": [3, 3, 4, 8], "texture": "#7"},
				"east": {"uv": [0, 0, 1, 5], "texture": "#7"},
				"south": {"uv": [0, 0, 1, 5], "texture": "#7"},
				"west": {"uv": [0, 0, 11, 11], "texture": "#7"},
				"up": {"uv": [0, 0, 1, 1], "texture": "#7"}
			}
		},
		{
			"from": [2, 1, 9],
			"to": [3, 5, 14],
			"rotation": {"angle": 0, "axis": "y", "origin": [11, 9, 16]},
			"faces": {
				"south": {"uv": [0, 0, 1, 4], "texture": "#2"},
				"up": {"uv": [10, 5, 11, 9], "texture": "#2"}
			}
		},
		{
			"from": [3, 1, 9],
			"to": [4, 6, 15],
			"rotation": {"angle": 0, "axis": "y", "origin": [11, 9, 22]},
			"faces": {
				"north": {"uv": [0, 0, 1, 5], "texture": "#7"},
				"east": {"uv": [0, 0, 6, 5], "texture": "#7"},
				"west": {"uv": [0, 0, 11, 11], "texture": "#7"},
				"up": {"uv": [0, 0, 1, 6], "texture": "#7"}
			}
		},
		{
			"from": [5, 1, 13],
			"to": [8, 5, 14],
			"rotation": {"angle": 0, "axis": "y", "origin": [13, 9, 20]},
			"faces": {
				"north": {"uv": [0, 0, 3, 4], "texture": "#9"},
				"east": {"uv": [0, 0, 1, 4], "texture": "#9"},
				"south": {"uv": [0, 0, 3, 4], "texture": "#9"},
				"west": {"uv": [0, 0, 1, 4], "texture": "#9"},
				"up": {"uv": [0, 0, 3, 1], "texture": "#9"}
			}
		},
		{
			"from": [8, 1, 10],
			"to": [9, 5, 13],
			"rotation": {"angle": 0, "axis": "y", "origin": [17, 9, 17]},
			"faces": {
				"north": {"uv": [0, 0, 1, 4], "texture": "#9"},
				"east": {"uv": [0, 0, 3, 4], "texture": "#9"},
				"south": {"uv": [0, 0, 1, 4], "texture": "#9"},
				"west": {"uv": [0, 0, 3, 4], "texture": "#9"},
				"up": {"uv": [0, 0, 1, 3], "texture": "#9"}
			}
		},
		{
			"from": [9, 4, 11],
			"to": [10, 5, 12],
			"rotation": {"angle": 0, "axis": "y", "origin": [18, 9, 17]},
			"faces": {
				"north": {"uv": [0, 0, 1, 1], "texture": "#9"},
				"east": {"uv": [0, 0, 1, 1], "texture": "#9"},
				"south": {"uv": [0, 0, 1, 1], "texture": "#9"},
				"up": {"uv": [0, 0, 1, 1], "texture": "#9"},
				"down": {"uv": [0, 0, 1, 1], "texture": "#9"}
			}
		},
		{
			"from": [9, 2, 11],
			"to": [10, 3, 12],
			"rotation": {"angle": 0, "axis": "y", "origin": [18, 7, 17]},
			"faces": {
				"north": {"uv": [0, 0, 1, 1], "texture": "#9"},
				"east": {"uv": [0, 0, 1, 1], "texture": "#9"},
				"south": {"uv": [0, 0, 1, 1], "texture": "#9"},
				"up": {"uv": [0, 0, 1, 1], "texture": "#9"},
				"down": {"uv": [0, 0, 1, 1], "texture": "#9"}
			}
		},
		{
			"from": [10, 3, 11],
			"to": [11, 4, 12],
			"rotation": {"angle": 0, "axis": "y", "origin": [19, 8, 17]},
			"faces": {
				"north": {"uv": [0, 0, 1, 1], "texture": "#9"},
				"east": {"uv": [0, 0, 1, 1], "texture": "#9"},
				"south": {"uv": [0, 0, 1, 1], "texture": "#9"},
				"west": {"uv": [0, 0, 1, 1], "texture": "#9"},
				"up": {"uv": [0, 0, 1, 1], "texture": "#9"},
				"down": {"uv": [0, 0, 1, 1], "texture": "#9"}
			}
		},
		{
			"from": [4, 1, 10],
			"to": [5, 5, 13],
			"rotation": {"angle": 0, "axis": "y", "origin": [13, 9, 17]},
			"faces": {
				"north": {"uv": [0, 0, 1, 4], "texture": "#9"},
				"east": {"uv": [0, 0, 3, 4], "texture": "#9"},
				"south": {"uv": [0, 0, 1, 4], "texture": "#9"},
				"up": {"uv": [0, 0, 1, 3], "texture": "#9"}
			}
		},
		{
			"from": [5, 1, 9],
			"to": [8, 5, 10],
			"rotation": {"angle": 0, "axis": "y", "origin": [13, 9, 16]},
			"faces": {
				"north": {"uv": [0, 0, 3, 4], "texture": "#9"},
				"east": {"uv": [0, 0, 1, 4], "texture": "#9"},
				"south": {"uv": [0, 0, 3, 4], "texture": "#9"},
				"west": {"uv": [0, 0, 1, 4], "texture": "#9"},
				"up": {"uv": [0, 0, 3, 1], "texture": "#9"}
			}
		},
		{
			"from": [5, 1, 10],
			"to": [8, 4, 13],
			"rotation": {"angle": 0, "axis": "y", "origin": [14, 9, 19]},
			"faces": {
				"up": {"uv": [0, 0, 3, 3], "texture": "#10"}
			}
		},
		{
			"from": [6, 9, 14],
			"to": [15, 10, 15],
			"rotation": {"angle": 0, "axis": "y", "origin": [16, 17, 22]},
			"faces": {
				"west": {"uv": [0, 0, 1, 1], "texture": "#4"},
				"up": {"uv": [0, 0, 9, 1], "texture": "#4"},
				"down": {"uv": [0, 0, 9, 1], "texture": "#4"}
			}
		},
		{
			"from": [6, 8, 8],
			"to": [15, 9, 14],
			"rotation": {"angle": 0, "axis": "y", "origin": [16, 16, 21]},
			"faces": {
				"north": {"uv": [0, 0, 9, 1], "texture": "#4"},
				"east": {"uv": [0, 0, 6, 1], "texture": "#4"},
				"south": {"uv": [0, 0, 9, 1], "texture": "#4"},
				"west": {"uv": [0, 0, 6, 1], "texture": "#4"},
				"up": {"uv": [0, 0, 9, 6], "texture": "#4"}
			}
		},
		{
			"from": [6, 10, 8],
			"to": [15, 11, 14],
			"rotation": {"angle": 0, "axis": "y", "origin": [16, 18, 21]},
			"faces": {
				"north": {"uv": [0, 0, 9, 1], "texture": "#4"},
				"east": {"uv": [0, 0, 6, 1], "texture": "#4"},
				"south": {"uv": [0, 0, 9, 1], "texture": "#4"},
				"west": {"uv": [0, 0, 6, 1], "texture": "#4"},
				"up": {"uv": [0, 0, 9, 6], "texture": "#4"},
				"down": {"uv": [0, 0, 9, 6], "texture": "#4"}
			}
		},
		{
			"from": [6, 9, 9],
			"to": [15, 10, 14],
			"rotation": {"angle": 0, "axis": "y", "origin": [16, 14, 16]},
			"faces": {
				"north": {"uv": [2, 15, 11, 16], "texture": "#2"},
				"east": {"uv": [0, 0, 5, 1], "texture": "#2"},
				"west": {"uv": [0, 0, 5, 1], "texture": "#2"}
			}
		},
		{
			"from": [7, 12, 14],
			"to": [14, 13, 15],
			"rotation": {"angle": 0, "axis": "y", "origin": [16, 20, 22]},
			"faces": {
				"east": {"uv": [0, 0, 1, 1], "texture": "#3"},
				"west": {"uv": [0, 0, 1, 1], "texture": "#3"},
				"up": {"uv": [0, 0, 7, 1], "texture": "#3"},
				"down": {"uv": [0, 0, 7, 1], "texture": "#3"}
			}
		},
		{
			"from": [7, 11, 9],
			"to": [14, 12, 14],
			"rotation": {"angle": 0, "axis": "y", "origin": [16, 19, 21]},
			"faces": {
				"north": {"uv": [0, 0, 7, 1], "texture": "#3"},
				"east": {"uv": [0, 0, 5, 1], "texture": "#3"},
				"south": {"uv": [0, 0, 7, 1], "texture": "#3"},
				"west": {"uv": [0, 0, 5, 1], "texture": "#3"},
				"up": {"uv": [0, 0, 7, 5], "texture": "#3"}
			}
		},
		{
			"from": [7, 13, 9],
			"to": [14, 14, 14],
			"rotation": {"angle": 0, "axis": "y", "origin": [16, 21, 21]},
			"faces": {
				"north": {"uv": [0, 0, 7, 1], "texture": "#3"},
				"east": {"uv": [0, 0, 5, 1], "texture": "#3"},
				"south": {"uv": [0, 0, 7, 1], "texture": "#3"},
				"west": {"uv": [0, 0, 5, 1], "texture": "#3"},
				"up": {"uv": [0, 0, 7, 5], "texture": "#3"},
				"down": {"uv": [0, 0, 7, 5], "texture": "#3"}
			}
		},
		{
			"from": [7, 12, 10],
			"to": [14, 13, 14],
			"rotation": {"angle": 0, "axis": "y", "origin": [16, 17, 16]},
			"faces": {
				"north": {"uv": [1, 5, 8, 6], "texture": "#2"},
				"east": {"uv": [0, 0, 4, 1], "texture": "#2"},
				"west": {"uv": [0, 0, 4, 1], "texture": "#2"}
			}
		}
	],
	"groups": [
		{
			"name": "group",
			"origin": [23, 16, 21],
			"children": [0, 1, 2, 3, 4, 5, 6, 7, 8, 9, 10, 11, 12, 13]
		},
		{
			"name": "group",
			"origin": [12, 9, 22],
			"children": [14, 15, 16, 17]
		},
		{
			"name": "group",
			"origin": [13, 9, 16],
			"children": [18, 19, 20, 21, 22, 23, 24, 25]
		},
		{
			"name": "group",
			"origin": [16, 18, 21],
			"children": [26, 27, 28, 29]
		},
		{
			"name": "group",
			"origin": [16, 18, 21],
			"children": [30, 31, 32, 33]
		}
	]
}