{
	"credit": "MineBreak",
	"textures": {
		"0": "block/red_wool",
		"1": "block/white_wool",
		"particle": "block/red_wool"
	},
	"elements": [
		{
			"from": [3.5, 0, 4.2],
			"to": [12.45, 4, 14],
			"rotation": {"angle": 0, "axis": "y", "origin": [2, 0, 2]},
			"faces": {
				"north": {"uv": [0, 0, 8.95, 4], "texture": "#1"},
				"east": {"uv": [0, 0, 9.8, 4], "texture": "#1"},
				"south": {"uv": [0, 0, 8.95, 4], "texture": "#1"},
				"west": {"uv": [0, 0, 9.8, 4], "texture": "#1"},
				"up": {"uv": [0, 0, 8.95, 9.8], "texture": "#1"},
				"down": {"uv": [0, 0, 8.95, 9.8], "texture": "#1"}
			}
		},
		{
			"from": [4.5, 2.25, 4.5],
			"to": [11.5, 7.25, 11.5],
			"rotation": {"angle": 22.5, "axis": "x", "origin": [8, 1.5, 8]},
			"faces": {
				"north": {"uv": [0, 0, 7, 5], "texture": "#0"},
				"east": {"uv": [0, 0, 7, 5], "texture": "#0"},
				"south": {"uv": [0, 0, 7, 5], "texture": "#0"},
				"west": {"uv": [0, 0, 7, 5], "texture": "#0"},
				"up": {"uv": [0, 0, 7, 7], "texture": "#0"}
			}
		},
		{
			"from": [6.5, 5.73619, 9.08311],
			"to": [9.5, 8.73619, 12.08311],
			"rotation": {"angle": 45, "axis": "x", "origin": [8, 7.73619, 10.58311]},
			"faces": {
				"north": {"uv": [0, 0, 3, 3], "texture": "#0"},
				"east": {"uv": [0, 0, 3, 3], "texture": "#0"},
				"south": {"uv": [0, 0, 3, 3], "texture": "#0"},
				"west": {"uv": [0, 0, 3, 3], "texture": "#0"}
			}
		},
		{
			"from": [5.75, 6.79589, 10.03982],
			"to": [10.25, 11.29589, 14.03982],
			"rotation": {"angle": -45, "axis": "x", "origin": [8, 10.04589, 11.53982]},
			"faces": {
				"north": {"uv": [0, 0, 4.5, 4.5], "rotation": 180, "texture": "#1"},
				"east": {"uv": [0, 0, 4.5, 4], "rotation": 270, "texture": "#1"},
				"south": {"uv": [0, 0, 4.5, 4.5], "texture": "#1"},
				"west": {"uv": [0, 0, 4.5, 4], "rotation": 90, "texture": "#1"},
				"up": {"uv": [0, 0, 4.5, 4], "rotation": 180, "texture": "#1"},
				"down": {"uv": [0, 0, 4.5, 4], "texture": "#1"}
			}
		}
	],
	"display": {
		"thirdperson_righthand": {
			"rotation": [64.25, 0, 12],
			"translation": [1, 0, -1.75],
			"scale": [0.5, 0.5, 0.5]
		},
		"firstperson_righthand": {
			"rotation": [-13, 93, 1],
			"translation": [0, 2.75, 0]
		},
		"gui": {
			"rotation": [0, -37, 0],
			"translation": [1, 1.25, 0]
		},
		"head": {
			"rotation": [17, 0, 0],
			"translation": [0, 14.75, 1.75],
			"scale": [1.6, 1.6, 1.6]
		},
		"fixed": {
			"rotation": [-90, 0, 0],
			"translation": [0, 0, -16],
			"scale": [2, 2, 2]
		}
	}
}