{
	"credit": "MineBreak ",
	"textures": {
		"0": "minecraft:minebreak/item/christmas/bear",
		"1": "block/spruce_log",
		"2": "block/spruce_log_top",
		"3": "minecraft:minebreak/item/christmas/tree_leaves"
	},
	"elements": [
		{
			"name": "nose",
			"from": [11.22222, 12, 9.02778],
			"to": [11.72222, 14, 13.02778],
			"rotation": {"angle": -45, "axis": "y", "origin": [12.75, 11.88889, 11.02778]},
			"faces": {
				"north": {"uv": [2, 4, 3, 5], "texture": "#0"},
				"south": {"uv": [3, 4, 4, 5], "texture": "#0"},
				"west": {"uv": [1, 3, 5, 5], "texture": "#0"},
				"up": {"uv": [1, 3, 5, 4], "rotation": 270, "texture": "#0"},
				"down": {"uv": [2, 4, 4, 5], "rotation": 90, "texture": "#0"}
			}
		},
		{
			"name": "head",
			"from": [11.72222, 12, 8.02778],
			"to": [15.72222, 17, 14.02778],
			"rotation": {"angle": -45, "axis": "y", "origin": [12.75, 11.88889, 11.02778]},
			"faces": {
				"north": {"uv": [12, 11, 16, 16], "texture": "#0"},
				"east": {"uv": [10, 0, 16, 5], "texture": "#0"},
				"south": {"uv": [0, 11, 4, 16], "texture": "#0"},
				"west": {"uv": [0, 0, 6, 5], "texture": "#0"},
				"up": {"uv": [0, 5, 6, 9], "rotation": 270, "texture": "#0"},
				"down": {"uv": [10, 5, 16, 9], "rotation": 90, "texture": "#0"}
			}
		},
		{
			"name": "ear",
			"from": [12.72222, 16, 7.02778],
			"to": [13.22222, 18, 9.02778],
			"rotation": {"angle": -45, "axis": "y", "origin": [12.75, 11.88889, 11.02778]},
			"faces": {
				"north": {"uv": [0, 0, 0.5, 2], "texture": "#0"},
				"east": {"uv": [12, 0, 14, 2], "texture": "#0"},
				"south": {"uv": [0, 0, 0.5, 2], "texture": "#0"},
				"west": {"uv": [6, 0, 8, 2], "texture": "#0"},
				"up": {"uv": [0, 0, 2, 0.5], "rotation": 270, "texture": "#0"},
				"down": {"uv": [0, 0, 2, 0.5], "rotation": 90, "texture": "#0"}
			}
		},
		{
			"name": "ear",
			"from": [12.72222, 16, 13.02778],
			"to": [13.22222, 18, 15.02778],
			"rotation": {"angle": -45, "axis": "y", "origin": [12.75, 11.88889, 11.02778]},
			"faces": {
				"north": {"uv": [0, 0, 0.5, 2], "texture": "#0"},
				"east": {"uv": [14, 0, 16, 2], "texture": "#0"},
				"south": {"uv": [0, 0, 0.5, 2], "texture": "#0"},
				"west": {"uv": [6, 2, 8, 4], "texture": "#0"},
				"up": {"uv": [0, 0, 2, 0.5], "rotation": 270, "texture": "#0"},
				"down": {"uv": [0, 0, 2, 0.5], "rotation": 90, "texture": "#0"}
			}
		},
		{
			"from": [11.72222, 10, 8.02778],
			"to": [14.72222, 11, 9.02778],
			"rotation": {"angle": -45, "axis": "y", "origin": [12.75, 11.88889, 11.02778]},
			"faces": {
				"north": {"uv": [13, 9, 16, 10], "texture": "#0"},
				"east": {"uv": [15, 10, 16, 11], "texture": "#0"},
				"south": {"uv": [13, 9, 16, 10], "texture": "#0"},
				"west": {"uv": [14, 10, 15, 11], "texture": "#0"},
				"up": {"uv": [9, 8, 10, 11], "rotation": 270, "texture": "#0"},
				"down": {"uv": [9, 8, 10, 11], "rotation": 90, "texture": "#0"}
			}
		},
		{
			"from": [11.72222, 10, 13.02778],
			"to": [14.72222, 11, 14.02778],
			"rotation": {"angle": -45, "axis": "y", "origin": [12.75, 11.88889, 11.02778]},
			"faces": {
				"north": {"uv": [13, 9, 16, 10], "texture": "#0"},
				"east": {"uv": [15, 10, 16, 11], "texture": "#0"},
				"south": {"uv": [13, 9, 16, 10], "texture": "#0"},
				"west": {"uv": [14, 10, 15, 11], "texture": "#0"},
				"up": {"uv": [9, 8, 10, 11], "rotation": 270, "texture": "#0"},
				"down": {"uv": [9, 8, 10, 11], "rotation": 90, "texture": "#0"}
			}
		},
		{
			"name": "body",
			"from": [12.72222, 7, 9.02778],
			"to": [14.72222, 12, 13.02778],
			"rotation": {"angle": -45, "axis": "y", "origin": [12.75, 11.88889, 11.02778]},
			"faces": {
				"north": {"uv": [14, 11, 16, 16], "texture": "#0"},
				"east": {"uv": [8, 11, 12, 16], "texture": "#0"},
				"south": {"uv": [14, 0, 16, 5], "texture": "#0"},
				"west": {"uv": [4, 11, 8, 16], "texture": "#0"},
				"down": {"uv": [0, 11, 4, 13], "rotation": 90, "texture": "#0"}
			}
		},
		{
			"from": [10.72222, 7, 9.02778],
			"to": [12.72222, 8, 10.02778],
			"rotation": {"angle": -45, "axis": "y", "origin": [12.75, 11.88889, 11.02778]},
			"faces": {
				"north": {"uv": [15, 8, 16, 10], "texture": "#0"},
				"south": {"uv": [15, 8, 16, 10], "texture": "#0"},
				"west": {"uv": [15, 8, 16, 10], "texture": "#0"},
				"up": {"uv": [15, 8, 16, 10], "rotation": 270, "texture": "#0"},
				"down": {"uv": [15, 8, 16, 10], "rotation": 90, "texture": "#0"}
			}
		},
		{
			"from": [10.72222, 7, 12.02778],
			"to": [12.72222, 8, 13.02778],
			"rotation": {"angle": -45, "axis": "y", "origin": [12.75, 11.88889, 11.02778]},
			"faces": {
				"north": {"uv": [15, 8, 16, 10], "texture": "#0"},
				"south": {"uv": [15, 8, 16, 10], "texture": "#0"},
				"west": {"uv": [15, 8, 16, 10], "texture": "#0"},
				"up": {"uv": [15, 8, 16, 10], "rotation": 270, "texture": "#0"},
				"down": {"uv": [15, 8, 16, 10], "rotation": 90, "texture": "#0"}
			}
		},
		{
			"from": [1.125, 13.75, 5.8],
			"to": [5.125, 14.75, 6.55],
			"rotation": {"angle": 0, "axis": "y", "origin": [3.125, 14.25, 6]},
			"faces": {
				"north": {"uv": [0, 0, 15, 5], "texture": "#3"},
				"east": {"uv": [0, 0, 6, 6], "texture": "#3"},
				"west": {"uv": [0, 0, 6, 6], "texture": "#3"},
				"up": {"uv": [0, 0, 15, 5], "texture": "#3"},
				"down": {"uv": [0, 0, 15, 5], "texture": "#3"}
			}
		},
		{
			"from": [0, 13.75, 7],
			"to": [0.75, 14.75, 11],
			"rotation": {"angle": 0, "axis": "y", "origin": [4.25, 23.25, 13.5]},
			"faces": {
				"north": {"uv": [0, 0, 6, 6], "texture": "#3"},
				"south": {"uv": [0, 0, 6, 6], "texture": "#3"},
				"west": {"uv": [0, 0, 15, 3], "texture": "#3"},
				"up": {"uv": [0, 0, 3, 15], "texture": "#3"},
				"down": {"uv": [0, 0, 3, 15], "texture": "#3"}
			}
		},
		{
			"from": [1.125, 13.75, 11.4],
			"to": [5.125, 14.75, 12.15],
			"rotation": {"angle": 0, "axis": "y", "origin": [3.125, 14.25, 12]},
			"faces": {
				"east": {"uv": [0, 0, 6, 6], "texture": "#3"},
				"south": {"uv": [0, 0, 15, 3], "texture": "#3"},
				"west": {"uv": [0, 0, 6, 6], "texture": "#3"},
				"up": {"uv": [0, 0, 15, 3], "texture": "#3"},
				"down": {"uv": [0, 0, 15, 3], "texture": "#3"}
			}
		},
		{
			"from": [5.75, 13.75, 7],
			"to": [6.5, 14.75, 11],
			"rotation": {"angle": 0, "axis": "y", "origin": [10, 23.25, 13.5]},
			"faces": {
				"north": {"uv": [0, 0, 6, 6], "texture": "#3"},
				"east": {"uv": [0, 0, 15, 3], "texture": "#3"},
				"south": {"uv": [0, 0, 6, 6], "texture": "#3"},
				"up": {"uv": [0, 0, 3, 15], "texture": "#3"},
				"down": {"uv": [0, 0, 3, 15], "texture": "#3"}
			}
		},
		{
			"from": [1.125, 11.75, 5.8],
			"to": [5.125, 12.75, 6.55],
			"rotation": {"angle": 0, "axis": "y", "origin": [3.125, 12.25, 6]},
			"faces": {
				"north": {"uv": [0, 0, 15, 3], "texture": "#3"},
				"east": {"uv": [0, 0, 6, 6], "texture": "#3"},
				"west": {"uv": [0, 0, 6, 6], "texture": "#3"},
				"up": {"uv": [0, 0, 15, 3], "texture": "#3"},
				"down": {"uv": [0, 0, 15, 3], "texture": "#3"}
			}
		},
		{
			"from": [0, 11.75, 7],
			"to": [0.75, 12.75, 11],
			"rotation": {"angle": 0, "axis": "y", "origin": [4.25, 21.25, 13.5]},
			"faces": {
				"north": {"uv": [0, 0, 6, 6], "texture": "#3"},
				"south": {"uv": [0, 0, 6, 6], "texture": "#3"},
				"west": {"uv": [0, 0, 15, 3], "texture": "#3"},
				"up": {"uv": [0, 0, 3, 15], "texture": "#3"},
				"down": {"uv": [0, 0, 3, 15], "texture": "#3"}
			}
		},
		{
			"from": [1.125, 11.75, 11.4],
			"to": [5.125, 12.75, 12.15],
			"rotation": {"angle": 0, "axis": "y", "origin": [3.125, 12.25, 12]},
			"faces": {
				"east": {"uv": [0, 0, 6, 6], "texture": "#3"},
				"south": {"uv": [0, 0, 15, 3], "texture": "#3"},
				"west": {"uv": [0, 0, 6, 6], "texture": "#3"},
				"up": {"uv": [0, 0, 15, 3], "texture": "#3"},
				"down": {"uv": [0, 0, 15, 3], "texture": "#3"}
			}
		},
		{
			"from": [5.75, 11.75, 7],
			"to": [6.5, 12.75, 11],
			"rotation": {"angle": 0, "axis": "y", "origin": [10, 21.25, 13.5]},
			"faces": {
				"north": {"uv": [0, 0, 6, 6], "texture": "#3"},
				"east": {"uv": [0, 0, 15, 3], "texture": "#3"},
				"south": {"uv": [0, 0, 6, 6], "texture": "#3"},
				"up": {"uv": [0, 0, 3, 15], "texture": "#3"},
				"down": {"uv": [0, 0, 3, 15], "texture": "#3"}
			}
		},
		{
			"from": [2.25, 18.25, 8],
			"to": [4.25, 19.25, 10],
			"rotation": {"angle": 0, "axis": "y", "origin": [11.25, 27.75, 16]},
			"faces": {
				"north": {"uv": [0, 0, 10, 5], "texture": "#3"},
				"east": {"uv": [0, 0, 10, 3], "texture": "#3"},
				"south": {"uv": [0, 0, 10, 3], "texture": "#3"},
				"west": {"uv": [0, 0, 10, 3], "texture": "#3"},
				"up": {"uv": [0, 0, 11, 10], "texture": "#3"}
			}
		},
		{
			"from": [1.5, 17.1611, 7.25],
			"to": [5, 18.1611, 10.75],
			"rotation": {"angle": 0, "axis": "y", "origin": [10.75, 26.75, 15.5]},
			"faces": {
				"north": {"uv": [0, 0, 12, 4], "texture": "#3"},
				"east": {"uv": [0, 0, 12, 4], "texture": "#3"},
				"south": {"uv": [0, 0, 12, 4], "texture": "#3"},
				"west": {"uv": [0, 0, 12, 4], "texture": "#3"},
				"up": {"uv": [0, 0, 12, 13], "texture": "#3"},
				"down": {"uv": [0, 0, 12, 4], "texture": "#3"}
			}
		},
		{
			"from": [1.5, 14.75, 7.25],
			"to": [5, 15.75, 10.75],
			"rotation": {"angle": 0, "axis": "y", "origin": [10.75, 24.25, 15.5]},
			"faces": {
				"north": {"uv": [0, 0, 12, 4], "texture": "#3"},
				"east": {"uv": [0, 0, 12, 4], "texture": "#3"},
				"south": {"uv": [0, 0, 12, 4], "texture": "#3"},
				"west": {"uv": [0, 0, 12, 4], "texture": "#3"},
				"up": {"uv": [0, 0, 13, 13], "texture": "#3"}
			}
		},
		{
			"from": [0.75, 13.75, 6.5],
			"to": [5.75, 14.75, 11.5],
			"rotation": {"angle": 0, "axis": "y", "origin": [10.75, 23.25, 14.5]},
			"faces": {
				"north": {"uv": [0, 0, 13, 3], "texture": "#3"},
				"east": {"uv": [0, 0, 13, 3], "texture": "#3"},
				"south": {"uv": [0, 0, 13, 3], "texture": "#3"},
				"west": {"uv": [0, 0, 13, 3], "texture": "#3"},
				"up": {"uv": [0, 0, 14, 14], "texture": "#3"},
				"down": {"uv": [0, 0, 13, 13], "texture": "#3"}
			}
		},
		{
			"from": [1.5, 12.75, 7.25],
			"to": [5, 13.75, 11],
			"rotation": {"angle": 0, "axis": "y", "origin": [10, 22.25, 14.75]},
			"faces": {
				"north": {"uv": [0, 0, 14, 3], "texture": "#3"},
				"east": {"uv": [0, 0, 14, 3], "texture": "#3"},
				"south": {"uv": [0, 0, 14, 3], "texture": "#3"},
				"west": {"uv": [0, 0, 14, 3], "texture": "#3"}
			}
		},
		{
			"from": [0.75, 11.75, 6.5],
			"to": [5.75, 12.75, 11.5],
			"rotation": {"angle": 0, "axis": "y", "origin": [9.25, 21.25, 14]},
			"faces": {
				"north": {"uv": [0, 0, 15, 3], "texture": "#3"},
				"east": {"uv": [0, 0, 15, 3], "texture": "#3"},
				"south": {"uv": [0, 0, 15, 3], "texture": "#3"},
				"west": {"uv": [0, 0, 15, 3], "texture": "#3"},
				"up": {"uv": [0, 0, 16, 16], "texture": "#3"},
				"down": {"uv": [0, 0, 16, 16], "texture": "#3"}
			}
		},
		{
			"name": "Log",
			"from": [2.25, 7, 8],
			"to": [4.25, 18.25, 10],
			"rotation": {"angle": 0, "axis": "y", "origin": [10.25, 17.75, 16]},
			"faces": {
				"north": {"uv": [0, 0, 5, 16], "texture": "#1"},
				"east": {"uv": [0, 0, 5, 16], "texture": "#1"},
				"south": {"uv": [0, 0, 5, 16], "texture": "#1"},
				"west": {"uv": [0, 0, 5, 16], "texture": "#1"},
				"down": {"uv": [0, 0, 16, 16], "texture": "#2"}
			}
		}
	],
	"display": {
		"thirdperson_righthand": {
			"rotation": [41, 36, 0],
			"scale": [0.6, 0.6, 0.6]
		},
		"gui": {
			"rotation": [0, 168, 0],
			"translation": [0, -3.5, 0],
			"scale": [0.88, 0.88, 0.88]
		},
		"head": {
			"translation": [0, -14.75, 0]
		}
	},
	"groups": [
		{
			"name": "Bear",
			"origin": [8, 8, 8],
			"children": [
				{
					"name": "head",
					"origin": [8, 8, 8],
					"children": [0, 1,
						{
							"name": "ears",
							"origin": [13, 18, 15],
							"children": [2, 3]
						}
					]
				},
				{
					"name": "arms",
					"origin": [13, 11, 17],
					"children": [4, 5]
				}, 6,
				{
					"name": "legs",
					"origin": [12, 8, 15],
					"children": [7, 8]
				}
			]
		},
		{
			"name": "Tree",
			"origin": [8, 8, 8],
			"children": [
				{
					"name": "Leaves",
					"origin": [8, 8, 8],
					"children": [
						{
							"name": "group",
							"origin": [10, 21.25, 8.5],
							"children": [9, 10, 11, 12]
						},
						{
							"name": "group",
							"origin": [10, 21.25, 8.5],
							"children": [13, 14, 15, 16]
						}, 17, 18, 19, 20, 21, 22]
				}, 23]
		}
	]
}