{
	"credit": "Made with Blockbench",
	"textures": {
		"0": "entity/snow_golem",
		"1": "block/carved_pumpkin",
		"2": "block/pumpkin_side",
		"3": "block/pumpkin_top",
		"particle": "entity/snow_golem"
	},
	"elements": [
		{
			"name": "head",
			"from": [5, 17, 5],
			"to": [11, 23, 11],
			"faces": {
				"north": {"uv": [2, 2, 4, 4], "texture": "#0"},
				"east": {"uv": [0, 2, 2, 4], "texture": "#0"},
				"south": {"uv": [6, 2, 8, 4], "texture": "#0"},
				"west": {"uv": [4, 2, 6, 4], "texture": "#0"},
				"up": {"uv": [2, 0, 4, 2], "texture": "#0"}
			}
		},
		{
			"name": "middle",
			"from": [4, 9, 4],
			"to": [12, 17, 12],
			"faces": {
				"north": {"uv": [2.5, 6.5, 5, 9], "texture": "#0"},
				"east": {"uv": [0, 6.5, 2.5, 9], "texture": "#0"},
				"south": {"uv": [7.5, 6.5, 10, 9], "texture": "#0"},
				"west": {"uv": [5, 6.5, 7.5, 9], "texture": "#0"},
				"up": {"uv": [2.5, 4, 5, 6.5], "texture": "#0"}
			}
		},
		{
			"name": "bottom",
			"from": [3, 0, 3],
			"to": [13, 9, 13],
			"faces": {
				"north": {"uv": [3, 12, 6, 15], "texture": "#0"},
				"east": {"uv": [0, 12, 3, 15], "texture": "#0"},
				"south": {"uv": [9, 12, 12, 15], "texture": "#0"},
				"west": {"uv": [6, 12, 9, 15], "texture": "#0"},
				"up": {"uv": [3, 9, 6, 12], "texture": "#0"},
				"down": {"uv": [6, 9, 9, 12], "texture": "#0"}
			}
		},
		{
			"name": "left",
			"from": [2.58744, 4.99748, 8],
			"to": [3.58744, 16.99748, 9],
			"rotation": {"angle": -22.5, "axis": "z", "origin": [3.08744, 10.99748, 8.5]},
			"faces": {
				"north": {"uv": [8, 0.5, 12.75, 1], "rotation": 90, "texture": "#0"},
				"east": {"uv": [8, 0.5, 12.75, 1], "rotation": 90, "texture": "#0"},
				"south": {"uv": [9, 0.5, 13.75, 1], "rotation": 90, "texture": "#0"},
				"west": {"uv": [8.5, 0, 13.25, 0.5], "rotation": 90, "texture": "#0"},
				"down": {"uv": [8, 0.5, 8.5, 1], "rotation": 90, "texture": "#0"}
			}
		},
		{
			"name": "left",
			"from": [12.5874, 4.9975, 8],
			"to": [13.5874, 16.9975, 9],
			"rotation": {"angle": 22.5, "axis": "z", "origin": [12.93309, 10.74611, 8.5]},
			"faces": {
				"north": {"uv": [8, 0.5, 12.75, 1], "rotation": 90, "texture": "#0"},
				"east": {"uv": [8, 0.5, 12.75, 1], "rotation": 90, "texture": "#0"},
				"south": {"uv": [9, 0.5, 13.75, 1], "rotation": 90, "texture": "#0"},
				"west": {"uv": [8.5, 0, 13.25, 0.5], "rotation": 90, "texture": "#0"},
				"down": {"uv": [8, 0.5, 8.5, 1], "rotation": 90, "texture": "#0"}
			}
		},
		{
			"name": "pumpkin",
			"from": [3, 17, 3],
			"to": [13, 27, 13],
			"faces": {
				"north": {"uv": [0, 0, 16, 16], "texture": "#1"},
				"east": {"uv": [0, 0, 16, 16], "texture": "#2"},
				"south": {"uv": [0, 0, 16, 16], "texture": "#2"},
				"west": {"uv": [0, 0, 16, 16], "texture": "#2"},
				"up": {"uv": [0, 0, 16, 16], "texture": "#3"},
				"down": {"uv": [0, 0, 16, 16], "texture": "#3"}
			}
		}
	],
	"display": {
		"thirdperson_righthand": {
			"rotation": [0, -37, 0],
			"translation": [1.5, -4.25, 0],
			"scale": [0.5, 0.5, 0.5]
		},
		"firstperson_righthand": {
			"rotation": [0, 116, -17],
			"translation": [0, 0, 2],
			"scale": [0.5, 0.5, 0.5]
		},
		"ground": {
			"scale": [0.5, 0.5, 0.5]
		},
		"gui": {
			"rotation": [0, 150, 0],
			"translation": [0, -2.75, 0],
			"scale": [0.5, 0.5, 0.5]
		},
		"head": {
			"translation": [0, 10.25, 0],
			"scale": [0.5, 0.5, 0.5]
		},
		"fixed": {
			"rotation": [-90, 0, 0],
			"translation": [0, 0, -7.75]
		}
	},
	"groups": [
		{
			"name": "snowman",
			"origin": [0, 0, 0],
			"color": 0,
			"children": [
				0,
				1,
				2,
				{
					"name": "arms",
					"origin": [0, 0, 0],
					"color": 0,
					"children": [3, 4]
				}
			]
		},
		5
	]
}