{
	"credit": "MineBreak",
	"textures": {
		"0": "minebreak/item/tools/dynamite"
	},
	"elements": [
		{
			"from": [7.175, 1.29423, 8.16538],
			"to": [8.825, 8.99423, 9.81538],
			"rotation": {"angle": 0, "axis": "x", "origin": [8.0625, 1.10192, 8.99231]},
			"faces": {
				"north": {"uv": [14.35, 1, 16, 11], "rotation": 180, "texture": "#0"},
				"east": {"uv": [2, 0, 11, 1.65], "rotation": 270, "texture": "#0"},
				"south": {"uv": [14.35, 2, 16, 11], "texture": "#0"},
				"west": {"uv": [1.1, 0, 11.1, 1.65], "rotation": 90, "texture": "#0"},
				"up": {"uv": [8, 4, 9.95, 5.95], "rotation": 180, "texture": "#0"},
				"down": {"uv": [8, 4, 9.95, 5.95], "texture": "#0"}
			}
		},
		{
			"from": [7.175, 8.99423, 8.16538],
			"to": [7.525, 9.39423, 9.81538],
			"rotation": {"angle": 0, "axis": "x", "origin": [8.0625, 1.10192, 8.99231]},
			"faces": {
				"north": {"uv": [0, 0, 0.35, 0.8], "rotation": 180, "texture": "#0"},
				"east": {"uv": [0, 0, 0.8, 1.65], "rotation": 270, "texture": "#0"},
				"south": {"uv": [14, 4, 14.35, 4.8], "texture": "#0"},
				"west": {"uv": [15.2, 10.975, 16, 12.625], "rotation": 90, "texture": "#0"},
				"up": {"uv": [15.5, 11, 15.85, 12.65], "rotation": 180, "texture": "#0"}
			}
		},
		{
			"from": [7.525, 8.99423, 8.16538],
			"to": [8.825, 9.39423, 8.56538],
			"rotation": {"angle": 0, "axis": "x", "origin": [8.0625, 1.10192, 8.99231]},
			"faces": {
				"north": {"uv": [0, 0, 0.4, 1.3], "rotation": 270, "texture": "#0"},
				"east": {"uv": [0, 0, 0.4, 0.4], "texture": "#0"},
				"south": {"uv": [0, 0, 0.4, 1.3], "rotation": 90, "texture": "#0"},
				"up": {"uv": [0, 0, 0.4, 1.3], "rotation": 90, "texture": "#0"}
			}
		},
		{
			"from": [7.525, 8.99423, 9.44038],
			"to": [8.825, 9.39423, 9.81538],
			"rotation": {"angle": 0, "axis": "x", "origin": [8.0625, 1.10192, 8.99231]},
			"faces": {
				"north": {"uv": [0, 0, 0.8, 1.3], "rotation": 270, "texture": "#0"},
				"east": {"uv": [12, 4, 12.375, 4.8], "texture": "#0"},
				"south": {"uv": [12.1, 11, 12.9, 12.3], "rotation": 90, "texture": "#0"},
				"up": {"uv": [12.225, 9, 12.6, 10.3], "rotation": 90, "texture": "#0"}
			}
		},
		{
			"from": [8.525, 8.99423, 8.54038],
			"to": [8.825, 9.39423, 9.44038],
			"rotation": {"angle": 0, "axis": "x", "origin": [8.0625, 1.10192, 8.99231]},
			"faces": {
				"east": {"uv": [10.375, 0, 11.275, 0.8], "texture": "#0"},
				"west": {"uv": [0, 0, 0.9, 0.8], "rotation": 180, "texture": "#0"},
				"up": {"uv": [0.725, 3.25, 1.625, 3.55], "rotation": 90, "texture": "#0"}
			}
		},
		{
			"from": [7.525, 0.89423, 9.44038],
			"to": [8.825, 1.29423, 9.81538],
			"rotation": {"angle": 0, "axis": "x", "origin": [8.0625, 1.10192, 8.99231]},
			"faces": {
				"north": {"uv": [0, 0, 0.8, 1.3], "rotation": 270, "texture": "#0"},
				"east": {"uv": [0, 0, 0.375, 0.8], "texture": "#0"},
				"south": {"uv": [13, 1, 13.8, 2.3], "rotation": 90, "texture": "#0"},
				"down": {"uv": [0, 0, 0.375, 1.3], "rotation": 90, "texture": "#0"}
			}
		},
		{
			"from": [7.175, 0.89423, 8.16538],
			"to": [7.525, 1.29423, 9.81538],
			"rotation": {"angle": 0, "axis": "x", "origin": [8.0625, 1.10192, 8.99231]},
			"faces": {
				"north": {"uv": [0, 0, 0.35, 0.8], "rotation": 180, "texture": "#0"},
				"east": {"uv": [0, 0, 0.8, 1.65], "rotation": 270, "texture": "#0"},
				"south": {"uv": [6, 1, 6.35, 1.8], "texture": "#0"},
				"west": {"uv": [0, 0, 0.8, 1.65], "rotation": 90, "texture": "#0"},
				"down": {"uv": [0, 0, 0.35, 1.65], "texture": "#0"}
			}
		},
		{
			"from": [7.525, 0.89423, 8.16538],
			"to": [8.825, 1.29423, 8.56538],
			"rotation": {"angle": 0, "axis": "x", "origin": [8.0625, 1.10192, 8.99231]},
			"faces": {
				"north": {"uv": [0, 0, 0.8, 1.3], "rotation": 270, "texture": "#0"},
				"east": {"uv": [0, 2, 0.4, 2.8], "texture": "#0"},
				"south": {"uv": [0, 0, 0.8, 1.3], "rotation": 90, "texture": "#0"},
				"down": {"uv": [0, 0, 0.4, 1.3], "rotation": 90, "texture": "#0"}
			}
		},
		{
			"from": [8.525, 0.89423, 8.54038],
			"to": [8.825, 1.29423, 9.44038],
			"rotation": {"angle": 0, "axis": "x", "origin": [8.0625, 1.10192, 8.99231]},
			"faces": {
				"east": {"uv": [0, 1, 0.9, 1.8], "texture": "#0"},
				"west": {"uv": [0, 0, 0.9, 0.8], "rotation": 180, "texture": "#0"},
				"down": {"uv": [0, 0, 0.9, 0.3], "rotation": 90, "texture": "#0"}
			}
		},
		{
			"from": [7.775, 9.02083, 8.7875],
			"to": [8.225, 10.57083, 9.2375],
			"rotation": {"angle": 0, "axis": "x", "origin": [8.11667, 11.26667, 4.35417]},
			"faces": {
				"north": {"uv": [1, 6, 1.45, 7.55], "rotation": 180, "texture": "#0"},
				"east": {"uv": [5, 5, 6.55, 5.45], "rotation": 270, "texture": "#0"},
				"south": {"uv": [0, 5, 0.45, 6.55], "texture": "#0"},
				"west": {"uv": [2, 5, 3.55, 5.45], "rotation": 90, "texture": "#0"},
				"up": {"uv": [0.1, 5.3, 0.55, 5.75], "rotation": 180, "texture": "#0"},
				"down": {"uv": [0, 0, 0.45, 0.45], "texture": "#0"}
			}
		},
		{
			"from": [8.075, 10.57083, 8.8875],
			"to": [8.525, 11.22083, 9.3375],
			"rotation": {"angle": 0, "axis": "x", "origin": [8.11667, 11.26667, 4.35417]},
			"faces": {
				"north": {"uv": [2.9, 5.1, 3.35, 5.75], "rotation": 180, "texture": "#0"},
				"east": {"uv": [6, 5, 6.65, 5.45], "rotation": 270, "texture": "#0"},
				"south": {"uv": [1.4, 6.6, 1.85, 7.25], "texture": "#0"},
				"west": {"uv": [4.5, 4.4, 5.15, 4.85], "rotation": 90, "texture": "#0"},
				"up": {"uv": [1.4, 8, 1.85, 8.45], "rotation": 180, "texture": "#0"},
				"down": {"uv": [0.2, 6, 0.65, 6.45], "texture": "#0"}
			}
		},
		{
			"from": [7.825, 11.22083, 9.1875],
			"to": [8.275, 12.59583, 9.6375],
			"rotation": {"angle": 0, "axis": "x", "origin": [8.11667, 11.26667, 4.35417]},
			"faces": {
				"north": {"uv": [1.4, 7.1, 1.85, 8.475], "rotation": 180, "texture": "#0"},
				"east": {"uv": [3.9, 5.3, 5.275, 5.75], "rotation": 270, "texture": "#0"},
				"south": {"uv": [0.1, 6.7, 0.55, 8.075], "texture": "#0"},
				"west": {"uv": [3, 4.2, 4.375, 4.65], "rotation": 90, "texture": "#0"},
				"up": {"uv": [0.4, 4.4, 0.85, 4.85], "rotation": 180, "texture": "#0"},
				"down": {"uv": [7.4, 5.5, 7.85, 5.95], "texture": "#0"}
			}
		},
		{
			"from": [8.025, 1.16923, 8.56538],
			"to": [8.525, 1.89423, 8.96538],
			"rotation": {"angle": 0, "axis": "x", "origin": [8.0625, 1.10192, 8.99231]},
			"faces": {
				"south": {"uv": [9.1, 5.1, 9.75, 5.5], "texture": "#0"},
				"west": {"uv": [9.1, 5.1, 9.75, 5.5], "rotation": 90, "texture": "#0"},
				"down": {"uv": [9.1, 5.1, 9.75, 5.5], "texture": "#0"}
			}
		},
		{
			"from": [7.525, 1.11923, 8.96538],
			"to": [8.025, 1.89423, 9.44038],
			"rotation": {"angle": 0, "axis": "x", "origin": [8.0625, 1.10192, 8.99231]},
			"faces": {
				"north": {"uv": [8, 4, 8.7, 4.475], "rotation": 180, "texture": "#0"},
				"east": {"uv": [8, 4, 8.7, 4.475], "rotation": 270, "texture": "#0"},
				"down": {"uv": [8, 4, 8.7, 4.475], "texture": "#0"}
			}
		},
		{
			"from": [7.51875, 8.41923, 8.55913],
			"to": [7.99375, 9.19423, 8.98413],
			"rotation": {"angle": 0, "axis": "x", "origin": [8.0625, 1.10192, 8.99231]},
			"faces": {
				"east": {"uv": [9.2, 5.4, 9.9, 5.875], "rotation": 180, "texture": "#0"},
				"south": {"uv": [9.2, 5.4, 9.9, 5.875], "rotation": 270, "texture": "#0"},
				"up": {"uv": [9.2, 5.4, 9.9, 5.875], "rotation": 90, "texture": "#0"}
			}
		},
		{
			"from": [7.96875, 8.46923, 8.95913],
			"to": [8.54375, 9.19423, 9.48413],
			"rotation": {"angle": 0, "axis": "x", "origin": [8.0625, 1.10192, 8.99231]},
			"faces": {
				"north": {"uv": [8.2, 4.4, 8.85, 4.8], "rotation": 270, "texture": "#0"},
				"west": {"uv": [8.2, 4.4, 8.85, 4.8], "rotation": 180, "texture": "#0"},
				"up": {"uv": [8.2, 4.4, 8.85, 4.8], "rotation": 270, "texture": "#0"}
			}
		}
	],
	"display": {
		"thirdperson_righthand": {
			"translation": [0, 0.75, 0]
		},
		"thirdperson_lefthand": {
			"translation": [0, 0.75, 0]
		},
		"firstperson_righthand": {
			"translation": [0, 3.75, 0]
		},
		"firstperson_lefthand": {
			"translation": [0, 3.75, 0]
		},
		"ground": {
			"translation": [0, 4.25, 0]
		},
		"gui": {
			"rotation": [31, -180, -33],
			"translation": [-0.75, 0.75, 0]
		},
		"head": {
			"rotation": [-87.5, 0, 0],
			"translation": [0, -3.5, -12.25]
		},
		"fixed": {
			"rotation": [0, 0, 40],
			"translation": [-1.75, 2.5, -3.75],
			"scale": [2, 2, 2]
		}
	}
}