{
	"credit": "MineBreak",
	"texture_size": [32, 32],
	"textures": {
		"1": "minecraft:minebreak/item/christmas2021/gift_blue"
	},
	"elements": [
		{
			"from": [3, 0, 3],
			"to": [13, 10, 13],
			"faces": {
				"north": {"uv": [0, 0, 5, 5], "texture": "#1"},
				"east": {"uv": [0, 0, 5, 5], "texture": "#1"},
				"south": {"uv": [0, 0, 5, 5], "texture": "#1"},
				"west": {"uv": [0, 0, 5, 5], "texture": "#1"},
				"up": {"uv": [8, 0, 13, 5], "texture": "#1"},
				"down": {"uv": [8, 0, 13, 5], "texture": "#1"}
			}
		},
		{
			"from": [4, 9.5, 8],
			"to": [12, 14.5, 8],
			"faces": {
				"north": {"uv": [0, 8, 4, 10.5], "texture": "#1"},
				"south": {"uv": [0, 8, 4, 10.5], "texture": "#1"}
			}
		},
		{
			"from": [2.75, 0, 7],
			"to": [3, 10, 9],
			"faces": {
				"north": {"uv": [2.5, 0, 2.625, 5], "texture": "#1"},
				"south": {"uv": [2.5, 0, 2.625, 5], "texture": "#1"},
				"west": {"uv": [2, 0, 3, 5], "texture": "#1"},
				"down": {"uv": [2.5, 0, 2.625, 1], "texture": "#1"}
			}
		},
		{
			"from": [13, 0, 7],
			"to": [13.25, 10, 9],
			"rotation": {"angle": 0, "axis": "y", "origin": [13.125, 5, 8]},
			"faces": {
				"north": {"uv": [2.5, 0, 2.625, 5], "texture": "#1"},
				"east": {"uv": [2, 0, 3, 5], "texture": "#1"},
				"south": {"uv": [2.5, 0, 2.625, 5], "texture": "#1"},
				"down": {"uv": [2.5, 0, 2.625, 1], "texture": "#1"}
			}
		},
		{
			"from": [7, 0, 2.75],
			"to": [9, 10, 3],
			"rotation": {"angle": 0, "axis": "y", "origin": [13.125, 5, 8]},
			"faces": {
				"north": {"uv": [2, 0, 3, 5], "texture": "#1"},
				"east": {"uv": [2.5, 0, 2.625, 5], "texture": "#1"},
				"west": {"uv": [2.5, 0, 2.625, 5], "texture": "#1"},
				"down": {"uv": [2, 0, 2.125, 1], "rotation": 90, "texture": "#1"}
			}
		},
		{
			"from": [7, 0, 13],
			"to": [9, 10, 13.25],
			"rotation": {"angle": 0, "axis": "y", "origin": [13.125, 5, 8]},
			"faces": {
				"east": {"uv": [2, 0, 2.125, 5], "texture": "#1"},
				"south": {"uv": [2, 0, 3, 5], "texture": "#1"},
				"west": {"uv": [2, 0, 2.125, 5], "texture": "#1"},
				"down": {"uv": [2, 0, 2.125, 1], "rotation": 90, "texture": "#1"}
			}
		},
		{
			"from": [7, 10, 2.75],
			"to": [9, 10.25, 13.25],
			"faces": {
				"north": {"uv": [10, 2, 11, 2.125], "texture": "#1"},
				"east": {"uv": [7.75, 2, 13, 2.125], "texture": "#1"},
				"south": {"uv": [10, 2, 11, 2.125], "texture": "#1"},
				"west": {"uv": [7.75, 2, 13, 2.125], "texture": "#1"},
				"up": {"uv": [10, 0, 11, 5.25], "texture": "#1"}
			}
		},
		{
			"from": [9, 10, 7],
			"to": [13.25, 10.25, 9],
			"faces": {
				"north": {"uv": [8, 2, 10.125, 2.125], "texture": "#1"},
				"east": {"uv": [8, 2, 9, 2.125], "texture": "#1"},
				"south": {"uv": [8, 2, 10.125, 2.125], "texture": "#1"},
				"up": {"uv": [8, 2, 10.125, 3], "texture": "#1"}
			}
		},
		{
			"from": [2.75, 10, 7],
			"to": [7, 10.25, 9],
			"faces": {
				"north": {"uv": [10.75, 2, 12.875, 2.125], "texture": "#1"},
				"south": {"uv": [10.5, 2, 12.625, 2.125], "texture": "#1"},
				"west": {"uv": [12, 2.5, 13, 2.625], "texture": "#1"},
				"up": {"uv": [10.875, 2, 13, 3], "texture": "#1"}
			}
		}
	],
	"display": {
		"thirdperson_righthand": {
			"rotation": [4.68, 33.42, -15.5],
			"translation": [0, 0, -1.5],
			"scale": [0.5, 0.5, 0.5]
		},
		"firstperson_righthand": {
			"rotation": [0, 26.75, 0]
		},
		"ground": {
			"translation": [0, 4.75, 0]
		},
		"gui": {
			"rotation": [31, 33, 0],
			"translation": [0, 1.25, 0],
			"scale": [0.7, 0.7, 0.7]
		},
		"head": {
			"translation": [0, 14, 0]
		},
		"fixed": {
			"rotation": [-90, 0, 0],
			"translation": [0, 0, -16.75],
			"scale": [2, 2, 2]
		}
	}
}