{
	"credit": "SatanicAntichrist",
	"textures": {
		"particle": "minebreak/gui/stonecutter_saw",
		"layer1": "minebreak/gui/stonecutter_saw",
		"layer0": "minebreak/gui/background"
	},
	"elements": [
		{
			"from": [0, 0, 9],
			"to": [16, 16, 10],
			"rotation": {"angle": 0, "axis": "y", "origin": [8, 8, 9]},
			"faces": {
				"north": {"uv": [4, 8, 12, 16], "texture": "#layer1"},
				"south": {"uv": [4, 8, 12, 16], "texture": "#layer1"},
				"up": {"uv": [4, 8, 12, 16], "texture": "#layer1"},
				"down": {"uv": [4, 8, 12, 16], "texture": "#layer1"}
			}
		},
		{
			"from": [16, 0, 9],
			"to": [22, 16, 10],
			"rotation": {"angle": 0, "axis": "y", "origin": [14, 8, 9]},
			"faces": {
				"north": {"uv": [1, 8, 4, 16], "texture": "#layer1"},
				"south": {"uv": [12, 8, 15, 16], "texture": "#layer1"},
				"up": {"uv": [12, 8, 15, 16], "texture": "#layer1"},
				"down": {"uv": [12, 8, 15, 16], "texture": "#layer1"}
			}
		},
		{
			"from": [-6, 0, 9],
			"to": [0, 16, 10],
			"rotation": {"angle": 0, "axis": "y", "origin": [2, 8, 9]},
			"faces": {
				"north": {"uv": [12, 8, 15, 16], "texture": "#layer1"},
				"south": {"uv": [1, 8, 4, 16], "texture": "#layer1"},
				"up": {"uv": [1, 8, 4, 16], "texture": "#layer1"},
				"down": {"uv": [1, 8, 4, 16], "texture": "#layer1"}
			}
		},
		{
			"from": [-16, 0, 9],
			"to": [-6, 16, 10],
			"rotation": {"angle": 0, "axis": "y", "origin": [-8, 8, 9]},
			"faces": {
				"north": {"uv": [12, 8, 15, 16], "texture": "#layer0"},
				"south": {"uv": [1, 8, 4, 16], "texture": "#layer0"},
				"west": {"uv": [1, 8, 4, 16], "texture": "#layer0"},
				"up": {"uv": [1, 8, 4, 16], "texture": "#layer0"},
				"down": {"uv": [1, 8, 4, 16], "texture": "#layer0"}
			}
		},
		{
			"from": [22, 0, 9],
			"to": [32, 16, 10],
			"rotation": {"angle": 0, "axis": "y", "origin": [30, 8, 9]},
			"faces": {
				"north": {"uv": [12, 8, 15, 16], "texture": "#layer0"},
				"east": {"uv": [1, 8, 4, 16], "texture": "#layer0"},
				"south": {"uv": [1, 8, 4, 16], "texture": "#layer0"},
				"up": {"uv": [1, 8, 4, 16], "texture": "#layer0"},
				"down": {"uv": [1, 8, 4, 16], "texture": "#layer0"}
			}
		}
	],
	"gui_light": "front",
	"display": {
		"gui": {
			"scale": [1.12, 1.18, 1]
		}
	}
}