{
	"textures": {
		"0": "minecraft:minebreak/item/mop/mop",
		"1": "minecraft:minebreak/item/mop/drziak",
		"particle": "minecraft:minebreak/item/mop/mop"
	},
	"elements": [
		{
			"from": [6.75866, 4.21194, 9.6],
			"to": [7.55866, 8.46194, 10.4],
			"rotation": {"angle": -22.5, "axis": "z", "origin": [8, 8, 8]},
			"faces": {
				"north": {"uv": [0, 0, 2, 8.25], "texture": "#0"},
				"east": {"uv": [0, 0, 2, 8.25], "texture": "#0"},
				"south": {"uv": [0, 0, 2, 8.25], "texture": "#0"},
				"west": {"uv": [0, 0, 2, 8.25], "texture": "#0"},
				"up": {"uv": [5, 4, 7, 6], "texture": "#0"},
				"down": {"uv": [8, 11, 10, 13], "texture": "#0"}
			}
		},
		{
			"from": [6.75866, 4.21194, 6.85],
			"to": [7.55866, 8.46194, 7.65],
			"rotation": {"angle": -22.5, "axis": "z", "origin": [8, 8, 8]},
			"faces": {
				"north": {"uv": [0, 0, 2, 8.25], "texture": "#0"},
				"east": {"uv": [0, 0, 2, 8.25], "texture": "#0"},
				"south": {"uv": [0, 0, 2, 8.25], "texture": "#0"},
				"west": {"uv": [0, 0, 2, 8.25], "texture": "#0"},
				"up": {"uv": [5, 4, 7, 6], "texture": "#0"},
				"down": {"uv": [8, 11, 10, 13], "texture": "#0"}
			}
		},
		{
			"from": [6.75866, 4.21194, 8.25],
			"to": [7.55866, 8.46194, 9.05],
			"rotation": {"angle": -22.5, "axis": "z", "origin": [8, 8, 8]},
			"faces": {
				"north": {"uv": [0, 0, 2, 8.25], "texture": "#0"},
				"east": {"uv": [0, 0, 2, 8.25], "texture": "#0"},
				"south": {"uv": [0, 0, 2, 8.25], "texture": "#0"},
				"west": {"uv": [0, 0, 2, 8.25], "texture": "#0"},
				"up": {"uv": [5, 4, 7, 6], "texture": "#0"},
				"down": {"uv": [8, 11, 10, 13], "texture": "#0"}
			}
		},
		{
			"from": [9.37858, 3.76641, 6.85],
			"to": [10.17858, 8.01641, 7.65],
			"rotation": {"angle": 22.5, "axis": "z", "origin": [8, 8, 8]},
			"faces": {
				"north": {"uv": [0, 0, 2, 8.25], "texture": "#0"},
				"east": {"uv": [0, 0, 2, 8.25], "texture": "#0"},
				"south": {"uv": [0, 0, 2, 8.25], "texture": "#0"},
				"west": {"uv": [0, 0, 2, 8.25], "texture": "#0"},
				"up": {"uv": [5, 4, 7, 6], "texture": "#0"},
				"down": {"uv": [8, 11, 10, 13], "texture": "#0"}
			}
		},
		{
			"from": [7.10151, 4.31881, 8.2],
			"to": [7.90151, 8.56881, 9],
			"rotation": {"angle": 22.5, "axis": "z", "origin": [8.25, 14, 8]},
			"faces": {
				"north": {"uv": [0, 0, 2, 8.25], "texture": "#0"},
				"east": {"uv": [0, 0, 2, 8.25], "texture": "#0"},
				"south": {"uv": [0, 0, 2, 8.25], "texture": "#0"},
				"west": {"uv": [0, 0, 2, 8.25], "texture": "#0"},
				"up": {"uv": [5, 4, 7, 6], "texture": "#0"},
				"down": {"uv": [8, 11, 10, 13], "texture": "#0"}
			}
		},
		{
			"from": [9.37858, 3.76641, 9.6],
			"to": [10.17858, 8.01641, 10.4],
			"rotation": {"angle": 22.5, "axis": "z", "origin": [8, 8, 8]},
			"faces": {
				"north": {"uv": [0, 0, 2, 8.25], "texture": "#0"},
				"east": {"uv": [0, 0, 2, 8.25], "texture": "#0"},
				"south": {"uv": [0, 0, 2, 8.25], "texture": "#0"},
				"west": {"uv": [0, 0, 2, 8.25], "texture": "#0"},
				"up": {"uv": [5, 4, 7, 6], "texture": "#0"},
				"down": {"uv": [8, 11, 10, 13], "texture": "#0"}
			}
		},
		{
			"from": [8.1, 4.06023, 6.8215],
			"to": [8.9, 8.31023, 7.6215],
			"rotation": {"angle": 22.5, "axis": "x", "origin": [6, 8, 8]},
			"faces": {
				"north": {"uv": [0, 0, 2, 8.25], "texture": "#0"},
				"east": {"uv": [0, 0, 2, 8.25], "texture": "#0"},
				"south": {"uv": [0, 0, 2, 8.25], "texture": "#0"},
				"west": {"uv": [0, 0, 2, 8.25], "texture": "#0"},
				"up": {"uv": [5, 4, 7, 6], "rotation": 90, "texture": "#0"},
				"down": {"uv": [8, 11, 10, 13], "rotation": 270, "texture": "#0"}
			}
		},
		{
			"from": [8.1, 3.46979, 9.55351],
			"to": [8.9, 7.71979, 10.35351],
			"rotation": {"angle": -22.5, "axis": "x", "origin": [6, 8, 8]},
			"faces": {
				"north": {"uv": [0, 0, 2, 8.25], "texture": "#0"},
				"east": {"uv": [0, 0, 2, 8.25], "texture": "#0"},
				"south": {"uv": [0, 0, 2, 8.25], "texture": "#0"},
				"west": {"uv": [0, 0, 2, 8.25], "texture": "#0"},
				"up": {"uv": [5, 4, 7, 6], "rotation": 90, "texture": "#0"},
				"down": {"uv": [8, 11, 10, 13], "rotation": 270, "texture": "#0"}
			}
		},
		{
			"from": [8, 9, 8],
			"to": [9, 29, 9],
			"faces": {
				"north": {"uv": [0, 0, 1, 16], "texture": "#0"},
				"east": {"uv": [0, 0, 1, 16], "texture": "#0"},
				"south": {"uv": [0, 0, 1, 16], "texture": "#0"},
				"west": {"uv": [0, 0, 1, 16], "texture": "#0"},
				"up": {"uv": [0, 0, 1, 1], "texture": "#0"},
				"down": {"uv": [0, 0, 1, 1], "texture": "#0"}
			}
		},
		{
			"name": "vrsok",
			"from": [7.6, 27.75, 7.6],
			"to": [9.4, 28.75, 9.4],
			"faces": {
				"north": {"uv": [11, 13, 13, 14], "texture": "#0"},
				"east": {"uv": [14, 14, 16, 15], "texture": "#0"},
				"south": {"uv": [12, 14, 14, 15], "texture": "#0"},
				"west": {"uv": [13, 13, 15, 14], "texture": "#0"},
				"up": {"uv": [11, 13, 13, 15], "texture": "#0"},
				"down": {"uv": [14, 13, 16, 15], "texture": "#0"}
			}
		},
		{
			"from": [6.75, 8.5, 6.75],
			"to": [10.25, 9, 10.5],
			"faces": {
				"north": {"uv": [0, 0, 7.5, 2.5], "texture": "#1"},
				"east": {"uv": [0, 0, 7.75, 2.5], "texture": "#1"},
				"south": {"uv": [0, 0, 7.5, 2.5], "texture": "#1"},
				"west": {"uv": [0, 0, 7.75, 2.5], "texture": "#1"},
				"up": {"uv": [0, 0, 6.5, 6.75], "texture": "#1"},
				"down": {"uv": [0, 0, 5.5, 5.75], "texture": "#1"}
			}
		}
	],
	"display": {
		"thirdperson_righthand": {
			"rotation": [-180, 0, 0],
			"translation": [-0.5, 11.25, 2]
		},
		"thirdperson_lefthand": {
			"rotation": [-180, 0, 0],
			"translation": [0, 10.25, 1.75]
		},
		"firstperson_righthand": {
			"rotation": [-180, 0, 0],
			"translation": [0, 11, 1.75],
			"scale": [0.53516, 0.53516, 0.53516]
		},
		"firstperson_lefthand": {
			"rotation": [-180, 0, 0],
			"translation": [0, 9.75, 0],
			"scale": [0.53516, 0.53516, 0.53516]
		},
		"gui": {
			"rotation": [0, 0, -180],
			"translation": [0, 4.25, 0],
			"scale": [0.50586, 0.50586, 0.50586]
		},
		"head": {
			"rotation": [-180, 0, 0],
			"translation": [0, 14.5, 0],
			"scale": [0.39039, 0.39039, 0.39039]
		},
		"fixed": {
			"translation": [0, -6.5, -1],
			"scale": [0.66758, 0.66758, 0.66758]
		}
	},
	"groups": [
		{
			"name": "MOP",
			"origin": [8, 8, 8],
			"children": [0, 1, 2, 3, 4, 5, 6, 7]
		},
		{
			"name": "rucka",
			"origin": [8, 8, 8],
			"children": [8, 9,
				{
					"name": "Drziak",
					"origin": [8, 8, 8],
					"children": [10]
				}
			]
		}
	]
}
