{
	"credit": "MineBreak",
	"texture_size": [32, 32],
	"textures": {
		"1": "minecraft:minebreak/item/christmas2021/gift_yellow"
	},
	"elements": [
		{
			"from": [0, 0, 3],
			"to": [16, 5, 13],
			"faces": {
				"north": {"uv": [0, 2.5, 8, 5], "texture": "#1"},
				"east": {"uv": [0, 0, 5, 2.5], "texture": "#1"},
				"south": {"uv": [0, 2.5, 8, 5], "texture": "#1"},
				"west": {"uv": [0, 0, 5, 2.5], "texture": "#1"},
				"up": {"uv": [8, 0, 16, 5], "texture": "#1"},
				"down": {"uv": [8, 0, 16, 5], "texture": "#1"}
			}
		},
		{
			"from": [4, 4.75, 8],
			"to": [12, 9.75, 8],
			"faces": {
				"north": {"uv": [0, 8, 4, 10.5], "texture": "#1"},
				"south": {"uv": [0, 8, 4, 10.5], "texture": "#1"}
			}
		},
		{
			"from": [7, 0, 2.75],
			"to": [9, 5, 3],
			"faces": {
				"north": {"uv": [2, 0, 3, 2.5], "texture": "#1"},
				"east": {"uv": [2, 0, 2.125, 2.5], "texture": "#1"},
				"west": {"uv": [2, 0, 2.125, 2.5], "texture": "#1"},
				"down": {"uv": [2, 0.125, 3, 0.25], "texture": "#1"}
			}
		},
		{
			"from": [7, 0, 13],
			"to": [9, 5, 13.25],
			"faces": {
				"east": {"uv": [3.5, 2.5, 3.625, 5], "texture": "#1"},
				"south": {"uv": [3.5, 2.5, 4.5, 5], "texture": "#1"},
				"west": {"uv": [3.5, 2.5, 3.625, 5], "texture": "#1"},
				"down": {"uv": [3.5, 2.5, 4.5, 2.625], "texture": "#1"}
			}
		},
		{
			"from": [-0.25, 0, 7],
			"to": [0, 5, 9],
			"rotation": {"angle": 0, "axis": "y", "origin": [8, 2.5, 13.125]},
			"faces": {
				"north": {"uv": [2.5, 0, 2.625, 2.5], "texture": "#1"},
				"south": {"uv": [2.5, 0, 2.625, 2.5], "texture": "#1"},
				"west": {"uv": [2, 0, 3, 2.5], "texture": "#1"},
				"down": {"uv": [2, 0.625, 3, 0.75], "rotation": 270, "texture": "#1"}
			}
		},
		{
			"from": [16, 0, 7],
			"to": [16.25, 5, 9],
			"rotation": {"angle": 0, "axis": "y", "origin": [8, 2.5, 13.125]},
			"faces": {
				"north": {"uv": [3.5, 2.5, 3.625, 5], "texture": "#1"},
				"east": {"uv": [3.5, 2.5, 4.5, 5], "texture": "#1"},
				"south": {"uv": [3.5, 2.5, 3.625, 5], "texture": "#1"},
				"down": {"uv": [3.5, 2.5, 4.5, 2.625], "rotation": 270, "texture": "#1"}
			}
		},
		{
			"from": [-0.25, 5, 7],
			"to": [16.25, 5.25, 9],
			"faces": {
				"north": {"uv": [7.75, 5, 16, 5.125], "texture": "#1"},
				"east": {"uv": [9, 5.5, 10, 5.625], "texture": "#1"},
				"south": {"uv": [7.75, 5, 16, 5.125], "texture": "#1"},
				"west": {"uv": [9, 5.5, 10, 5.625], "texture": "#1"},
				"up": {"uv": [7.75, 5, 16, 6], "texture": "#1"}
			}
		},
		{
			"from": [7, 5, 9],
			"to": [9, 5.25, 13.25],
			"faces": {
				"east": {"uv": [11, 2, 13.125, 2.125], "texture": "#1"},
				"south": {"uv": [11.5, 2, 12.5, 2.125], "texture": "#1"},
				"west": {"uv": [11, 2, 13.125, 2.125], "texture": "#1"},
				"up": {"uv": [11.5, 0, 12.5, 2.125], "texture": "#1"}
			}
		},
		{
			"from": [7, 5, 2.75],
			"to": [9, 5.25, 7],
			"faces": {
				"north": {"uv": [11.375, 2.75, 12.375, 2.875], "texture": "#1"},
				"east": {"uv": [10.875, 2.75, 13, 2.875], "texture": "#1"},
				"west": {"uv": [10.875, 2.75, 13, 2.875], "texture": "#1"},
				"up": {"uv": [11.5, 3, 12.5, 5.125], "texture": "#1"}
			}
		}
	],
	"display": {
		"thirdperson_righthand": {
			"rotation": [4.68, 33.42, -15.5],
			"translation": [0, 1.25, -1.5],
			"scale": [0.5, 0.5, 0.5]
		},
		"firstperson_righthand": {
			"rotation": [0, 26.75, 0],
			"translation": [0, 5, 0]
		},
		"ground": {
			"translation": [0, 4.75, 0]
		},
		"gui": {
			"rotation": [31, 33, 0],
			"translation": [0, 1.25, 0],
			"scale": [0.7, 0.7, 0.7]
		},
		"head": {
			"translation": [0, 14.5, 0]
		},
		"fixed": {
			"rotation": [-90, 0, 0],
			"translation": [0, 0, -16.75],
			"scale": [2, 2, 2]
		}
	}
}