{
	"credit": "MineBreak",
	"textures": {
		"0": "minecraft:block/ice"
	},
	"elements": [
		{
			"from": [5.7, 0, 5.15],
			"to": [6.4, 1, 6.7],
			"faces": {
				"north": {"uv": [8, 1, 9.7, 3], "texture": "#0"},
				"east": {"uv": [8, 1, 11.7, 3], "texture": "#0"},
				"south": {"uv": [8, 1, 11.7, 3], "texture": "#0"},
				"west": {"uv": [8, 1, 11.7, 3], "texture": "#0"},
				"up": {"uv": [8, 1, 10.7, 5.55], "texture": "#0"},
				"down": {"uv": [8, 1, 9.7, 3], "texture": "#0"}
			}
		},
		{
			"from": [6.4, 0, 5.15],
			"to": [7.375, 1, 5.825],
			"rotation": {"angle": 0, "axis": "y", "origin": [6.05, 0.5, 5.925]},
			"faces": {
				"north": {"uv": [5, 5, 5.975, 6], "texture": "#0"},
				"east": {"uv": [5, 2, 5.675, 3], "texture": "#0"},
				"south": {"uv": [13, 3, 13.975, 4], "texture": "#0"},
				"west": {"uv": [7, 1, 7.675, 2], "texture": "#0"},
				"up": {"uv": [7, 3, 7.675, 3.975], "rotation": 270, "texture": "#0"},
				"down": {"uv": [6, 1, 6.675, 1.975], "rotation": 90, "texture": "#0"}
			}
		},
		{
			"from": [7.25, 0.3, 8.575],
			"to": [8.225, 0.7, 9.05],
			"rotation": {"angle": 0, "axis": "y", "origin": [6.05, 0.5, 5.925]},
			"faces": {
				"north": {"uv": [8, 1, 8.975, 1.4], "texture": "#0"},
				"east": {"uv": [8, 1, 8.475, 1.4], "texture": "#0"},
				"south": {"uv": [8, 1, 8.975, 1.4], "texture": "#0"},
				"up": {"uv": [8, 1, 10.975, 5.475], "texture": "#0"},
				"down": {"uv": [8, 1, 8.975, 1.475], "texture": "#0"}
			}
		},
		{
			"from": [7.25, 0.3, 9.725],
			"to": [7.85, 0.7, 10.075],
			"rotation": {"angle": 0, "axis": "y", "origin": [6.05, 0.5, 5.925]},
			"faces": {
				"north": {"uv": [8, 1, 8.6, 1.4], "texture": "#0"},
				"east": {"uv": [8, 1, 8.35, 1.4], "texture": "#0"},
				"south": {"uv": [8, 1, 8.6, 1.4], "texture": "#0"},
				"up": {"uv": [8, 1, 8.6, 1.35], "texture": "#0"},
				"down": {"uv": [8, 1, 8.6, 1.35], "texture": "#0"}
			}
		},
		{
			"from": [7.375, 0, 5.15],
			"to": [8.075, 1, 6.7],
			"faces": {
				"north": {"uv": [13, 1, 15.7, 3], "texture": "#0"},
				"east": {"uv": [8, 1, 11.7, 3], "texture": "#0"},
				"west": {"uv": [8, 1, 11.7, 3], "texture": "#0"},
				"up": {"uv": [8, 1, 11.7, 5.55], "texture": "#0"},
				"down": {"uv": [8, 1, 11.7, 3], "texture": "#0"}
			}
		},
		{
			"from": [6.55, 0.25, 6.875],
			"to": [7.25, 0.75, 10.9],
			"faces": {
				"north": {"uv": [8, 1, 8.7, 1.5], "texture": "#0"},
				"east": {"uv": [8, 1, 12.025, 1.5], "texture": "#0"},
				"south": {"uv": [8, 1, 8.7, 1.5], "texture": "#0"},
				"west": {"uv": [8, 1, 12.025, 1.5], "texture": "#0"},
				"up": {"uv": [8, 0, 10.7, 6.025], "texture": "#0"},
				"down": {"uv": [8, 1, 11.7, 3.025], "texture": "#0"}
			}
		},
		{
			"from": [5.475, 0, 6.3],
			"to": [6.175, 0.9999, 7.3],
			"rotation": {"angle": 45, "axis": "y", "origin": [6.05, 0.5, 6.2]},
			"faces": {
				"east": {"uv": [8, 1, 11.7, 3], "texture": "#0"},
				"south": {"uv": [8, 1, 11.7, 3], "texture": "#0"},
				"west": {"uv": [8, 1, 11.7, 3], "texture": "#0"},
				"up": {"uv": [8, 1, 8.7, 2], "texture": "#0"},
				"down": {"uv": [8, 1, 11.7, 3], "texture": "#0"}
			}
		},
		{
			"from": [6.81517, 0, 5.45836],
			"to": [7.51517, 0.9999, 6.45836],
			"rotation": {"angle": -45, "axis": "y", "origin": [6.31517, 0.5, 6.78336]},
			"faces": {
				"north": {"uv": [8, 1, 11.7, 3], "texture": "#0"},
				"east": {"uv": [8, 1, 11.7, 3], "texture": "#0"},
				"south": {"uv": [8, 1, 11.7, 3], "texture": "#0"},
				"west": {"uv": [8, 1, 11.7, 3], "texture": "#0"},
				"up": {"uv": [8, 1, 8.7, 2], "texture": "#0"},
				"down": {"uv": [8, 1, 11.7, 3], "texture": "#0"}
			}
		}
	],
	"display": {
		"thirdperson_righthand": {
			"rotation": [-83.51, 7.48, 90.82],
			"translation": [-3.5, 2.25, 0],
			"scale": [0.72, 0.51, 0.7]
		},
		"thirdperson_lefthand": {
			"rotation": [-85.88, -5.35, -93.17],
			"translation": [3.75, 2.25, 0],
			"scale": [0.72, 0.51, 0.7]
		},
		"firstperson_righthand": {
			"rotation": [-141.66, 4.97, 92.69],
			"translation": [-3.75, 2.25, 1],
			"scale": [0.72, 0.51, 0.7]
		},
		"firstperson_lefthand": {
			"rotation": [-152.21, 6.42, -76.04],
			"translation": [1, 2.75, 4.25],
			"scale": [0.43633, 0.43633, 0.43633]
		},
		"ground": {
			"translation": [0, 0.5, 0],
			"scale": [0.85352, 0.54492, 0.7207]
		},
		"gui": {
			"rotation": [-79.69, -57.99, -154.49],
			"translation": [0.5, -0.5, -6.5],
			"scale": [1.51953, 0.83203, 1.61133]
		},
		"head": {
			"rotation": [0, 0, -88.75],
			"translation": [7.25, -5.75, -8.5]
		},
		"fixed": {
			"rotation": [-88.49, 60.5, -1.28],
			"translation": [0.5, -0.5, -15.5],
			"scale": [2, 2, 2]
		}
	}
}