{
	"credit": "MineBreak",
	"texture_size": [32, 32],
	"textures": {
		"4": "block/craftingtable",
		"particle": "block/barrel_bottom"
	},
	"elements": [
		{
			"from": [0, 5, 1],
			"to": [1, 6, 15],
			"rotation": {"angle": 0, "axis": "y", "origin": [3, 21, 8]},
			"faces": {
				"east": {"uv": [0, 15.5, 7, 16], "texture": "#4"},
				"west": {"uv": [0, 15.5, 7, 16], "texture": "#4", "cullface": "west"},
				"up": {"uv": [0, 15.5, 7, 16], "rotation": 90, "texture": "#4"},
				"down": {"uv": [0, 15.5, 7, 16], "rotation": 270, "texture": "#4"}
			}
		},
		{
			"from": [10, 0, 0.01],
			"to": [11, 13, 1],
			"rotation": {"angle": 0, "axis": "y", "origin": [3, 21, 8]},
			"faces": {
				"north": {"uv": [0, 10.5, 0.5, 16], "texture": "#4", "cullface": "north"},
				"east": {"uv": [0, 10.5, 0.5, 16], "texture": "#4"},
				"south": {"uv": [0, 10.5, 0.5, 16], "texture": "#4"},
				"west": {"uv": [0, 10.5, 0.5, 16], "texture": "#4"},
				"down": {"uv": [0, 15.5, 0.5, 16], "rotation": 270, "texture": "#4", "cullface": "down"}
			}
		},
		{
			"from": [10, 0, 15],
			"to": [11, 13, 15.99],
			"rotation": {"angle": 0, "axis": "y", "origin": [3, 21, 8]},
			"faces": {
				"north": {"uv": [0, 10.5, 0.5, 16], "texture": "#4"},
				"east": {"uv": [0, 10.5, 0.5, 16], "texture": "#4"},
				"south": {"uv": [0, 10.5, 0.5, 16], "texture": "#4", "cullface": "south"},
				"west": {"uv": [0, 10.5, 0.5, 16], "texture": "#4"},
				"down": {"uv": [0, 15.5, 0.5, 16], "rotation": 270, "texture": "#4", "cullface": "down"}
			}
		},
		{
			"from": [0, 0, 0.01],
			"to": [1, 13, 1],
			"rotation": {"angle": 0, "axis": "y", "origin": [3, 21, 8]},
			"faces": {
				"north": {"uv": [0, 10.5, 0.5, 16], "texture": "#4", "cullface": "north"},
				"east": {"uv": [0, 10.5, 0.5, 16], "texture": "#4"},
				"south": {"uv": [0, 10.5, 0.5, 16], "texture": "#4"},
				"west": {"uv": [0, 10.5, 0.5, 16], "texture": "#4", "cullface": "west"},
				"down": {"uv": [0, 15.5, 0.5, 16], "rotation": 270, "texture": "#4", "cullface": "down"}
			}
		},
		{
			"from": [0, 0, 15],
			"to": [1, 13, 15.99],
			"rotation": {"angle": 0, "axis": "y", "origin": [3, 21, 8]},
			"faces": {
				"north": {"uv": [0, 15.5, 0.5, 16], "texture": "#4"},
				"east": {"uv": [0, 10.5, 0.5, 16], "texture": "#4"},
				"south": {"uv": [0, 10.5, 0.5, 16], "texture": "#4", "cullface": "south"},
				"west": {"uv": [0, 10.5, 0.5, 16], "texture": "#4", "cullface": "west"},
				"down": {"uv": [0, 15.5, 0.5, 16], "rotation": 270, "texture": "#4", "cullface": "down"}
			}
		},
		{
			"from": [1, 5, 0],
			"to": [10, 6, 1],
			"rotation": {"angle": 0, "axis": "y", "origin": [3, 21, 8]},
			"faces": {
				"north": {"uv": [0, 15.5, 7, 16], "texture": "#4", "cullface": "north"},
				"south": {"uv": [0, 15.5, 7, 16], "texture": "#4"},
				"up": {"uv": [0, 10.5, 0.5, 16], "rotation": 90, "texture": "#4"},
				"down": {"uv": [0, 10.5, 0.5, 16], "rotation": 270, "texture": "#4"}
			}
		},
		{
			"from": [1, 5, 15],
			"to": [10, 6, 16],
			"rotation": {"angle": 0, "axis": "y", "origin": [3, 21, 8]},
			"faces": {
				"north": {"uv": [0, 15.5, 7, 16], "texture": "#4"},
				"south": {"uv": [0, 15.5, 7, 16], "texture": "#4", "cullface": "south"},
				"up": {"uv": [0, 10.5, 0.5, 16], "rotation": 90, "texture": "#4"},
				"down": {"uv": [0, 10.5, 0.5, 16], "rotation": 270, "texture": "#4"}
			}
		},
		{
			"from": [10, 11, 1],
			"to": [11, 12, 15],
			"rotation": {"angle": 0, "axis": "y", "origin": [3, 21, 8]},
			"faces": {
				"east": {"uv": [0, 15.5, 7, 16], "texture": "#4"},
				"west": {"uv": [0, 15.5, 7, 16], "texture": "#4"},
				"up": {"uv": [0, 15.5, 7, 16], "rotation": 90, "texture": "#4"},
				"down": {"uv": [0, 15.5, 7, 16], "rotation": 270, "texture": "#4"}
			}
		},
		{
			"from": [0, 13, 0],
			"to": [12, 14, 16],
			"rotation": {"angle": 0, "axis": "y", "origin": [3, 21, 8]},
			"faces": {
				"north": {"uv": [0, 0, 6, 0.5], "texture": "#4", "cullface": "north"},
				"east": {"uv": [0, 0, 8, 0.5], "texture": "#4"},
				"south": {"uv": [0, 0, 6, 0.5], "texture": "#4", "cullface": "south"},
				"west": {"uv": [0, 0, 8, 0.5], "texture": "#4", "cullface": "west"},
				"up": {"uv": [0, 0, 8, 6], "rotation": 90, "texture": "#4"},
				"down": {"uv": [0, 0, 8, 6], "rotation": 270, "texture": "#4"}
			}
		}
	],
	"display": {
		"thirdperson_righthand": {
			"translation": [2.25, 0, 0],
			"scale": [0.5, 0.5, 0.5]
		},
		"thirdperson_lefthand": {
			"translation": [2.25, 0, 0],
			"scale": [0.5, 0.5, 0.5]
		},
		"firstperson_righthand": {
			"rotation": [0, 15.5, 5.75],
			"translation": [0, 1, 0],
			"scale": [0.5, 0.5, 0.5]
		},
		"firstperson_lefthand": {
			"rotation": [0, 15.5, 5.75],
			"translation": [0, 1, 0],
			"scale": [0.5, 0.5, 0.5]
		},
		"ground": {
			"translation": [0, 1, 0],
			"scale": [0.6, 0.6, 0.6]
		},
		"gui": {
			"rotation": [16.5, 49, 0],
			"translation": [1.25, 0.5, -2],
			"scale": [0.7, 0.7, 0.7]
		},
		"head": {
			"translation": [5.75, 2.75, 0]
		},
		"fixed": {
			"rotation": [0, 90, 0]
		}
	},
	"groups": [
		{
			"name": "legs",
			"origin": [9, 16, 11],
			"children": [0, 1, 2, 3, 4, 5, 6, 7]
		}, 8]
}