{
    "parent": "item/generated",
    "textures": {
        "layer0": "item/blaze_powder"
    },
    "overrides": [
        {"predicate": {"custom_model_data": 200}, "model": "item/minebreak/misc/lockpick"},
        {"predicate": {"custom_model_data": 202}, "model": "item/minebreak/misc/key"},
        {"predicate": {"custom_model_data": 3005}, "model": "item/minebreak/halloween/key_halloween"},
        {"predicate": {"custom_model_data": 2021311}, "model": "item/minebreak/christmas2021/small_ice_key"},
        {"predicate": {"custom_model_data": 2021312}, "model": "item/minebreak/christmas2021/ice_key"}
    ]
}
