{
  "parent": "minecraft:item/generated",
  "textures": {
    "layer0": "minecraft:item/bread"
 },
    "overrides": [
      {"predicate": {"custom_model_data": 2501}, "model": "item/minebreak/food/bread"},
      {"predicate":{"custom_model_data": 2502}, "model": "item/minebreak/food/moldy_bread"},
      {"predicate": {"custom_model_data": 2020309}, "model": "item/minebreak/christmas/chocolate"},
      {"predicate": {"custom_model_data": 2021116}, "model": "item/minebreak/easter/lamb"}
    ]
}