{
    "parent": "item/handheld",
    "textures": {
        "layer0": "minecraft:minebreak/item/tools/sword/diamond"
    },
    "overrides": [
        {"predicate": {"damaged": 0}, "model": "item/minebreak/tools/sword/diamond"},
        {"predicate": {"damaged": 1, "damage": 0.1}, "model": "item/minebreak/tools/sword/diamond"},
        {"predicate": {"damaged": 1, "damage": 0.6}, "model": "item/minebreak/tools/sword/diamond_d"},
        {"predicate": {"damaged": 1, "damage": 0.9}, "model": "item/minebreak/tools/sword/diamond_b"},
        
        {"predicate": {"custom_model_data": 1}, "model": "item/minebreak/tools/dagger/diamond"},
        {"predicate": {"custom_model_data": 2}, "model": "item/minebreak/tools/mace/diamond"},
        {"predicate": {"custom_model_data": 3}, "model": "item/minebreak/tools/pike/diamond"},
        
        {"predicate": {"custom_model_data": 100}, "model": "item/minebreak/tools/sword/ruby"},
        {"predicate": {"custom_model_data": 101}, "model": "item/minebreak/tools/dagger/ruby"},
        {"predicate": {"custom_model_data": 102}, "model": "item/minebreak/tools/mace/ruby"},
        {"predicate": {"custom_model_data": 103}, "model": "item/minebreak/tools/pike/ruby"},
        
        {"predicate": {"custom_model_data": 200}, "model": "item/minebreak/tools/sword/emerald"},
        {"predicate": {"custom_model_data": 201}, "model": "item/minebreak/tools/dagger/emerald"},
        {"predicate": {"custom_model_data": 202}, "model": "item/minebreak/tools/mace/emerald"},
        {"predicate": {"custom_model_data": 203}, "model": "item/minebreak/tools/pike/emerald"},
        
        {"predicate": {"custom_model_data": 300, "damaged": 0}, "model": "item/minebreak/tools/sword/obsidian"},
        {"predicate": {"custom_model_data": 300, "damaged": 1, "damage": 0.1}, "model": "item/minebreak/tools/sword/obsidian"},
        {"predicate": {"custom_model_data": 300, "damaged": 1, "damage": 0.6}, "model": "item/minebreak/tools/sword/obsidian_d"},
        {"predicate": {"custom_model_data": 300, "damaged": 1, "damage": 0.9}, "model": "item/minebreak/tools/sword/obsidian_b"},
        {"predicate": {"custom_model_data": 301}, "model": "item/minebreak/tools/dagger/obsidian"},
        {"predicate": {"custom_model_data": 302}, "model": "item/minebreak/tools/mace/obsidian"},
        {"predicate": {"custom_model_data": 303}, "model": "item/minebreak/tools/pike/obsidian"}
    ]
}
