{
    "parent": "item/generated",
    "textures": {
        "layer0": "item/egg"
    },
    "overrides": [
        {"predicate": {"custom_model_data": 2020101}, "model": "item/minebreak/easter/egg_0"},
        {"predicate": {"custom_model_data": 2020102}, "model": "item/minebreak/easter/egg_3"},
        {"predicate": {"custom_model_data": 2020103}, "model": "item/minebreak/easter/egg_1"},
        {"predicate": {"custom_model_data": 2020104}, "model": "item/minebreak/easter/egg_2"}
    ]
}
