{
    "parent": "item/generated",
    "textures": {
        "layer0": "item/leather"
    },
    "overrides": [
        {"predicate": {"custom_model_data": 1}, "model": "item/minebreak/misc/pouch"},
        {"predicate": {"custom_model_data": 666}, "model": "item/minebreak/backpack/backpack"},
        {"predicate": {"custom_model_data": 4300}, "model": "item/minebreak/clothes/clean/helmet"},
        {"predicate": {"custom_model_data": 4301}, "model": "item/minebreak/clothes/clean/chestplate"},
        {"predicate": {"custom_model_data": 4302}, "model": "item/minebreak/clothes/clean/leggings"},
        {"predicate": {"custom_model_data": 4303}, "model": "item/minebreak/clothes/clean/boots"},
        {"predicate": {"custom_model_data": 4304}, "model": "item/minebreak/clothes/dirty/helmet"},
        {"predicate": {"custom_model_data": 4305}, "model": "item/minebreak/clothes/dirty/chestplate"},
        {"predicate": {"custom_model_data": 4306}, "model": "item/minebreak/clothes/dirty/leggings"},
        {"predicate": {"custom_model_data": 4307}, "model": "item/minebreak/clothes/dirty/boots"},
        {"predicate": {"custom_model_data": 2021306}, "model": "minebreak/misc/christmas2021/snowman_plush/snowman_plush0"},
        {"predicate": {"custom_model_data": 2021307}, "model": "minebreak/misc/christmas2021/pinguins/pinguin_small"},
        {"predicate": {"custom_model_data": 2021308}, "model": "minebreak/misc/christmas2021/pinguins/pinguin_big"},
        {"predicate": {"custom_model_data": 2021309}, "model": "minebreak/misc/christmas2021/christmas_hat"},
        {"predicate": {"custom_model_data": 2021301}, "model": "item/minebreak/christmas2021/golden_pig"}
    ]
}
