{
    "parent": "item/generated",
    "textures": {
        "layer0": "item/paper"
    },
    "overrides": [
        {"predicate": {"custom_model_data": 1}, "model": "item/minebreak/placeholder/slot/horse_armor"},
        {"predicate": {"custom_model_data": 2}, "model": "item/minebreak/placeholder/slot/chest"},
        {"predicate": {"custom_model_data": 3}, "model": "item/minebreak/placeholder/slot/bow"},
        {"predicate": {"custom_model_data": 4}, "model": "item/minebreak/placeholder/slot/arrow"},
        {"predicate": {"custom_model_data": 5}, "model": "item/minebreak/placeholder/slot/weapon"},
        {"predicate": {"custom_model_data": 6}, "model": "item/minebreak/placeholder/slot/tool"},
        {"predicate": {"custom_model_data": 7}, "model": "item/minebreak/placeholder/slot/shield"},
        {"predicate": {"custom_model_data": 8}, "model": "item/minebreak/placeholder/slot/bucket"},
        {"predicate": {"custom_model_data": 9}, "model": "item/minebreak/placeholder/slot/food"},
        {"predicate": {"custom_model_data": 10}, "model": "item/minebreak/placeholder/slot/ingot"},
        {"predicate": {"custom_model_data": 19}, "model": "item/minebreak/research_cube"},
        {"predicate": {"custom_model_data": 205}, "model": "item/minebreak/crafting/blueprint"},
        {"predicate": {"custom_model_data": 209}, "model": "item/minebreak/misc/rope"},
        {"predicate": {"custom_model_data": 502}, "model": "item/glass_shard"},
        {"predicate": {"custom_model_data": 950}, "model": "item/minebreak/crafting/bandage"},
        {"predicate": {"custom_model_data": 951}, "model": "item/minebreak/crafting/improved_bandage"}, 
        {"predicate": {"custom_model_data": 1000}, "model": "item/minebreak/gui/background"},
        {"predicate": {"custom_model_data": 1010}, "model": "item/minebreak/gui/left"},
        {"predicate": {"custom_model_data": 1011}, "model": "item/minebreak/gui/right"},
        {"predicate": {"custom_model_data": 1012}, "model": "item/minebreak/gui/up"},
        {"predicate": {"custom_model_data": 1013}, "model": "item/minebreak/gui/down"},
        {"predicate": {"custom_model_data": 1020}, "model": "item/minebreak/gui/fire"},
        {"predicate": {"custom_model_data": 1030}, "model": "item/minebreak/gui/ok"},
        {"predicate": {"custom_model_data": 1031}, "model": "item/minebreak/gui/ko"},
        {"predicate": {"custom_model_data": 1041}, "model": "item/minebreak/gui/saw_left"},
        {"predicate": {"custom_model_data": 1042}, "model": "item/minebreak/gui/saw_middle"},
        {"predicate": {"custom_model_data": 1043}, "model": "item/minebreak/gui/saw_right"},
        {"predicate": {"custom_model_data": 1100}, "model": "item/minebreak/gui/bricks"},
        {"predicate": {"custom_model_data": 1101}, "model": "item/minebreak/gui/bricks_basalt"},
        {"predicate": {"custom_model_data": 1102}, "model": "item/minebreak/gui/bricks_stone"},
        {"predicate": {"custom_model_data": 1103}, "model": "item/minebreak/gui/bricks_stone_moss"},
        {"predicate": {"custom_model_data": 1104}, "model": "item/minebreak/gui/bricks_stone_cracked"},
        {"predicate": {"custom_model_data": 1105}, "model": "item/minebreak/gui/bricks_end"},
        {"predicate": {"custom_model_data": 1106}, "model": "item/minebreak/gui/bricks_nether"},
        {"predicate": {"custom_model_data": 1107}, "model": "item/minebreak/gui/bricks_nether_red"},
        {"predicate": {"custom_model_data": 1108}, "model": "item/minebreak/gui/bricks_magma"},
		{"predicate": {"custom_model_data": 2004}, "model": "item/minebreak/halloween/gui/knife_1"},
		{"predicate": {"custom_model_data": 2005}, "model": "item/minebreak/halloween/gui/knife_2"},
		{"predicate": {"custom_model_data": 2006}, "model": "item/minebreak/halloween/gui/knife_3"},
		{"predicate": {"custom_model_data": 2007}, "model": "item/minebreak/halloween/gui/wooden_background"},
		{"predicate": {"custom_model_data": 2130}, "model": "item/minebreak/christmas/gui/scissors"},
		{"predicate": {"custom_model_data": 2131}, "model": "item/minebreak/christmas/gui/background"},
        {"predicate": {"custom_model_data": 3000}, "model": "item/minebreak/crafting/cloth"},
        {"predicate": {"custom_model_data": 3001}, "model": "item/minebreak/crafting/sewn_cloth"},
        {"predicate": {"custom_model_data": 3002}, "model": "item/minebreak/crafting/scrap"},
        {"predicate": {"custom_model_data": 3003}, "model": "item/minebreak/crafting/compressed_scrap"},
        {"predicate": {"custom_model_data": 3004}, "model": "block/barrel"},
        {"predicate": {"custom_model_data": 3005}, "model": "item/paper"},
        {"predicate": {"custom_model_data": 3006}, "model": "item/minebreak/misc/duck_tape"},
        {"predicate": {"custom_model_data": 3007}, "model": "item/minebreak/misc/glue"},
        {"predicate": {"custom_model_data": 3008}, "model": "missing"},
        {"predicate": {"custom_model_data": 3009}, "model": "item/filled_map"},
        {"predicate": {"custom_model_data": 4202}, "model": "item/coal_ore"},
        {"predicate": {"custom_model_data": 4203}, "model": "item/coal"},
        {"predicate": {"custom_model_data": 4204}, "model": "item/iron_ore"},
        {"predicate": {"custom_model_data": 4205}, "model": "item/iron_ingot"},
        {"predicate": {"custom_model_data": 4206}, "model": "item/iron_nugget"},
        {"predicate": {"custom_model_data": 4207}, "model": "item/gold_ore"},
        {"predicate": {"custom_model_data": 4208}, "model": "item/gold_ingot"},
        {"predicate": {"custom_model_data": 4209}, "model": "item/gold_nugget"},
        {"predicate": {"custom_model_data": 4210}, "model": "item/diamond_ore"},
        {"predicate": {"custom_model_data": 4211}, "model": "item/diamond"},
		{"predicate": {"custom_model_data": 4501}, "model": "item/oak_wood"},
		{"predicate": {"custom_model_data": 4502}, "model": "item/spruce_wood"},
		{"predicate": {"custom_model_data": 4503}, "model": "item/birch_wood"},
        {"predicate": {"custom_model_data": 4504}, "model": "item/minebreak/wood_cutter/oak_log"},
        {"predicate": {"custom_model_data": 4505}, "model": "item/minebreak/wood_cutter/spruce_log"},
        {"predicate": {"custom_model_data": 4506}, "model": "item/minebreak/wood_cutter/birch_log"},
        {"predicate": {"custom_model_data": 2020211}, "model": "block/carved_pumpkin"},
        {"predicate": {"custom_model_data": 2021110}, "model": "item/minebreak/easter/red_ribbon"},
        {"predicate": {"custom_model_data": 2021111}, "model": "item/minebreak/easter/blue_ribbon"},
        {"predicate": {"custom_model_data": 2021112}, "model": "item/minebreak/easter/green_ribbon"},
        {"predicate": {"custom_model_data": 2021113}, "model": "item/minebreak/easter/orange_ribbon"},
        {"predicate": {"custom_model_data": 2021114}, "model": "item/minebreak/easter/yellow_ribbon"},
        {"predicate": {"custom_model_data": 2021115}, "model": "item/paper"},
        {"predicate": {"custom_model_data": 2021302}, "model": "item/minebreak/christmas2021/gift_blue"},
        {"predicate": {"custom_model_data": 2021303}, "model": "item/minebreak/christmas2021/gift_yellow"},
        {"predicate": {"custom_model_data": 2021304}, "model": "item/minebreak/christmas2021/gift_red"}
    ]
}
