{
    "parent": "item/generated",
    "textures": {
        "layer0": "item/slime_ball"
    },
    "overrides": [
        {"predicate": {"custom_model_data": 1000}, "model": "item/bucket_empty"},   
        {"predicate": {"custom_model_data": 4102}, "model": "item/bucket_water"},
        {"predicate": {"custom_model_data": 4103}, "model": "item/minebreak/misc/bucket_excrement"},
        {"predicate": {"custom_model_data": 2021314}, "model": "item/minebreak/christmas2021/firework_blue"},
        {"predicate": {"custom_model_data": 2021315}, "model": "item/minebreak/christmas2021/firework_green"},
        {"predicate": {"custom_model_data": 2021316}, "model": "item/minebreak/christmas2021/firework_purple"},
        {"predicate": {"custom_model_data": 2021317}, "model": "item/minebreak/christmas2021/firework_yellow"}
    ]
}
