{
    "parent": "item/handheld",
    "textures": {
        "layer0": "item/stone_shovel"
    },
    "overrides": [
        {"predicate": {"custom_model_data": 203}, "model": "item/minebreak/crafting/crowbar"},
        {"predicate": {"custom_model_data": 204}, "model": "item/minebreak/tools/screwdriver"},
        {"predicate": {"custom_model_data": 206}, "model": "item/minebreak/misc/wire_cutters"},
        {"predicate": {"custom_model_data": 504}, "model": "item/minebreak/crafting/rusty_pipe"},
        {"predicate": {"custom_model_data": 1016}, "model": "item/minebreak/misc/pouch"},
        {"predicate": {"custom_model_data": 4101}, "model": "item/minebreak/misc/mop"},
        {"predicate": {"custom_model_data": 2020310}, "model": "item/minebreak/christmas/candy_baton"},
        {"predicate": {"custom_model_data": 2020311}, "model": "item/minebreak/christmas/candy_baton"},
        {"predicate": {"custom_model_data": 2020312}, "model": "item/minebreak/christmas/pouch_with_toys"}

    ]
}
