{
    "parent": "item/generated",
    "textures": {
        "layer0": "minecraft:item/sugar"
    },
    "overrides": [
		{"predicate": {"custom_model_data": 2001}, "model": "item/minebreak/food/milk"},
		{"predicate": {"custom_model_data": 2002}, "model": "item/sugar"},
		{"predicate": {"custom_model_data": 2004}, "model": "item/minebreak/misc/starch"},
		{"predicate": {"custom_model_data": 2068}, "model": "item/minebreak/halloween/random_bag"},
		{"predicate": {"custom_model_data": 2508}, "model": "item/minebreak/halloween/tp_lolipop"},
		{"predicate": {"custom_model_data": 3003}, "model": "item/sugar"},
		{"predicate": {"custom_model_data": 2020201}, "model": "item/minebreak/halloween/green_candy"},
		{"predicate": {"custom_model_data": 2020202}, "model": "item/minebreak/halloween/blue_candy"},
		{"predicate": {"custom_model_data": 2020203}, "model": "item/minebreak/halloween/red_candy"},
		{"predicate": {"custom_model_data": 2020204}, "model": "item/minebreak/halloween/yellow_candy"},
		{"predicate": {"custom_model_data": 2020205}, "model": "item/minebreak/halloween/purple_candy"},
		{"predicate": {"custom_model_data": 2020206}, "model": "item/minebreak/halloween/poison_candy"},
		{"predicate": {"custom_model_data": 2020208}, "model": "item/minebreak/halloween/candy_bag"},
		{"predicate": {"custom_model_data": 2020209}, "model": "item/minebreak/halloween/random_bag"},
		{"predicate": {"custom_model_data": 2020302}, "model": "item/minebreak/christmas/gift"},
		{"predicate": {"custom_model_data": 2020303}, "model": "item/minebreak/christmas/box_with_candy"},
		{"predicate": {"custom_model_data": 2020304}, "model": "item/minebreak/christmas/gingerbread"},
		{"predicate": {"custom_model_data": 2020305}, "model": "item/minebreak/christmas/candy_cane"},
		{"predicate": {"custom_model_data": 2020306}, "model": "item/minebreak/christmas/linzer_sweets"},
		{"predicate": {"custom_model_data": 2020307}, "model": "item/minebreak/christmas/christmas_candy"},
		{"predicate": {"custom_model_data": 2020308}, "model": "item/minebreak/christmas/coffee_biscuit"},
		{"predicate": {"custom_model_data": 2021102}, "model": "item/minebreak/easter/red_egg"},
		{"predicate": {"custom_model_data": 2021103}, "model": "item/minebreak/easter/blue_egg"},
		{"predicate": {"custom_model_data": 2021104}, "model": "item/minebreak/easter/yellow_egg"},
		{"predicate": {"custom_model_data": 2021105}, "model": "item/minebreak/easter/orange_egg"},
		{"predicate": {"custom_model_data": 2021106}, "model": "item/minebreak/easter/green_egg"},
		{"predicate": {"custom_model_data": 2021107}, "model": "item/minebreak/easter/magenta_egg"},
		{"predicate": {"custom_model_data": 2021108}, "model": "item/minebreak/easter/egg_pouch"},
		{"predicate": {"custom_model_data": 2021109}, "model": "item/minebreak/easter/mystery_egg"},
		{"predicate": {"custom_model_data": 2020310}, "model": "item/apple"}
	]
}
