{
    "parent": "item/handheld",
    "textures": {
        "layer0": "item/wooden_hoe"
    },
    "overrides": [
        {"predicate": {"custom_model_data": 103, "damaged": 0}, "model": "item/minebreak/misc/taser/taser_standard_active"},
        {"predicate": {"custom_model_data": 103, "damaged": 1}, "model": "item/minebreak/misc/taser/taser_standard"},
        {"predicate": {"custom_model_data": 104, "damaged": 0}, "model": "item/minebreak/misc/taser/taser_strong_active"},
        {"predicate": {"custom_model_data": 104, "damaged": 1}, "model": "item/minebreak/misc/taser/taser_strong"}
    ]
}
