{
    "parent": "item/handheld",
    "textures": {
        "layer0": "minecraft:minebreak/item/tools/sword/wood"
    },
    "overrides": [
        {"predicate": {"custom_model_data": 1}, "model": "item/minebreak/tools/dagger/wood"},
        {"predicate": {"custom_model_data": 2}, "model": "item/minebreak/tools/mace/wood"},
        {"predicate": {"custom_model_data": 3}, "model": "item/minebreak/tools/pike/wood"},
        {"predicate": {"custom_model_data": 501}, "model": "item/minebreak/halloween/broom"},
        {"predicate": {"custom_model_data": 503}, "model": "item/minebreak/misc/baseball_bat"},
        {"predicate": {"custom_model_data": 3009}, "model": "item/minebreak/crafting/iron_rod"},
        {"predicate": {"custom_model_data": 2020100}, "model": "item/minebreak/easter/easter_whip_old"},
        {"predicate": {"custom_model_data": 2021101}, "model": "item/minebreak/easter/whip"}
    ]
}
