{
	"credit": "MineBreak",
	"textures": {
		"0": "minecraft:minebreak/item/research_cube/1",
		"1": "minecraft:minebreak/item/research_cube/2",
		"2": "minecraft:minebreak/item/research_cube/3",
		"particle": "minecraft:minebreak/item/research_cube/1"
	},
	"elements": [
		{
			"from": [3, 0, 3],
			"to": [13, 10, 13],
			"faces": {
				"north": {"uv": [0, 0, 16, 16], "texture": "#0"},
				"east": {"uv": [0, 0, 16, 16], "texture": "#1"},
				"south": {"uv": [0, 0, 16, 16], "texture": "#0"},
				"west": {"uv": [0, 0, 16, 16], "texture": "#1"},
				"up": {"uv": [0, 0, 16, 16], "texture": "#2"},
				"down": {"uv": [0, 0, 16, 16], "texture": "#2"}
			}
		}
	],
	"display": {
		"thirdperson_righthand": {
			"scale": [0.27, 0.27, 0.3]
		},
		"ground": {
			"translation": [0, 10, 0]
		}
	}
}