{
	"credit": "MineBreak",
	"texture_size": [32, 32],
	"textures": {
		"3": "minebreak/misc/christmas2021/pinguin"
	},
	"elements": [
		{
			"from": [4, 1, 5],
			"to": [12, 9, 11],
			"rotation": {"angle": 0, "axis": "y", "origin": [0, -2, 0]},
			"faces": {
				"north": {"uv": [0, 8, 4, 12], "texture": "#3"},
				"east": {"uv": [13, 4, 16, 8], "texture": "#3"},
				"south": {"uv": [8, 4.0625, 12, 7.9375], "texture": "#3"},
				"west": {"uv": [13, 0, 16, 4], "texture": "#3"},
				"up": {"uv": [8, 0, 12, 3], "texture": "#3"},
				"down": {"uv": [0, 13, 4, 16], "texture": "#3"}
			}
		},
		{
			"from": [5, 9, 6],
			"to": [11, 14, 10],
			"rotation": {"angle": 0, "axis": "y", "origin": [8, 11.5, 8]},
			"faces": {
				"north": {"uv": [2, 2, 5, 4.5], "texture": "#3"},
				"east": {"uv": [0, 0, 2, 2.5], "texture": "#3"},
				"south": {"uv": [5, 2.5, 8, 5], "texture": "#3"},
				"west": {"uv": [5, 0, 7, 2.5], "texture": "#3"},
				"up": {"uv": [2, 0, 5, 2], "texture": "#3"}
			}
		},
		{
			"from": [7, 10, 5],
			"to": [9, 10.5, 6],
			"rotation": {"angle": 0, "axis": "y", "origin": [0, -2, 0]},
			"faces": {
				"north": {"uv": [7, 1.25, 8, 1.5], "texture": "#3"},
				"east": {"uv": [7.5, 1.5, 8, 1.75], "texture": "#3"},
				"west": {"uv": [7, 1.5, 7.5, 1.75], "texture": "#3"},
				"up": {"uv": [7, 0, 8, 0.5], "texture": "#3"},
				"down": {"uv": [7, 0.5, 8, 1], "texture": "#3"}
			}
		},
		{
			"from": [2.61313, 3.08239, 7],
			"to": [3.61313, 8.08239, 10],
			"rotation": {"angle": -22.5, "axis": "z", "origin": [3.11313, 5.58239, 8.5]},
			"faces": {
				"north": {"uv": [4, 5.5, 4.5, 8], "texture": "#3"},
				"east": {"uv": [5, 5, 6.5, 7.5], "texture": "#3"},
				"south": {"uv": [3.5, 5.5, 4, 8], "texture": "#3"},
				"west": {"uv": [6.5, 5, 8, 7.5], "texture": "#3"},
				"up": {"uv": [4.5, 6.5, 5, 8], "texture": "#3"},
				"down": {"uv": [4.5, 5, 5, 6.5], "texture": "#3"}
			}
		},
		{
			"from": [12.36313, 3.08239, 7],
			"to": [13.36313, 8.08239, 10],
			"rotation": {"angle": 22.5, "axis": "z", "origin": [12.86313, 5.58239, 8.5]},
			"faces": {
				"north": {"uv": [0.5, 3, 1, 5.5], "texture": "#3"},
				"east": {"uv": [0, 5.5, 1.5, 8], "texture": "#3"},
				"south": {"uv": [3, 5.5, 3.5, 8], "texture": "#3"},
				"west": {"uv": [1.5, 5.5, 3, 8], "texture": "#3"},
				"up": {"uv": [0, 2.5, 0.5, 4], "texture": "#3"},
				"down": {"uv": [0, 4, 0.5, 5.5], "texture": "#3"}
			}
		},
		{
			"from": [4, 0, 6],
			"to": [7, 1, 9],
			"faces": {
				"north": {"uv": [6.5, 12.5, 8, 13], "texture": "#3"},
				"east": {"uv": [6.5, 12, 8, 12.5], "texture": "#3"},
				"south": {"uv": [6.5, 11.5, 8, 12], "texture": "#3"},
				"west": {"uv": [6.5, 11, 8, 11.5], "texture": "#3"},
				"down": {"uv": [6.5, 8, 8, 9.5], "texture": "#3"}
			}
		},
		{
			"from": [9, 0, 6],
			"to": [12, 1, 9],
			"faces": {
				"north": {"uv": [5, 12.5, 6.5, 13], "texture": "#3"},
				"east": {"uv": [5, 12, 6.5, 12.5], "texture": "#3"},
				"south": {"uv": [5, 11.5, 6.5, 12], "texture": "#3"},
				"west": {"uv": [5, 11, 6.5, 11.5], "texture": "#3"},
				"down": {"uv": [5, 8, 6.5, 9.5], "texture": "#3"}
			}
		}
	],
	"display": {
		"thirdperson_righthand": {
			"rotation": [0, -35, 0],
			"translation": [0.5, -1.75, 0],
			"scale": [0.5, 0.5, 0.5]
		},
		"firstperson_righthand": {
			"rotation": [0, 126, -20]
		},
		"ground": {
			"scale": [0.5, 0.5, 0.5]
		},
		"gui": {
			"rotation": [0, 150, 0],
			"scale": [0.8, 0.8, 0.8]
		},
		"head": {
			"translation": [0, 13.75, 0]
		},
		"fixed": {
			"rotation": [-90, 0, 0],
			"translation": [0, 0, -16.25],
			"scale": [2, 2, 2]
		}
	},
	"groups": [
		0,
		{
			"name": "head",
			"origin": [0, 0, 0],
			"color": 0,
			"children": [1, 2]
		},
		{
			"name": "arms",
			"origin": [12.86313, 7.58239, 8.5],
			"color": 0,
			"children": [3, 4]
		},
		{
			"name": "legs",
			"origin": [0, 0, 0],
			"color": 0,
			"children": [5, 6]
		}
	]
}