{
	"credit": "Made with Blockbench",
	"textures": {
		"0": "minecraft:minebreak/item/christmas/blue",
		"1": "minecraft:minebreak/item/christmas/yelow",
		"particle": "minecraft:minebreak/item/christmas/blue"
	},
	"elements": [
		{
			"from": [0, 0, 0],
			"to": [16, 13, 16],
			"faces": {
				"north": {"uv": [0, 0, 16, 13], "texture": "#0"},
				"east": {"uv": [0, 0, 16, 13], "texture": "#0"},
				"south": {"uv": [0, 0, 16, 13], "texture": "#0"},
				"west": {"uv": [0, 0, 16, 13], "texture": "#0"},
				"up": {"uv": [0, 0, 16, 16], "texture": "#0"},
				"down": {"uv": [0, 0, 16, 16], "texture": "#0"}
			}
		},
		{
			"from": [-1, 13, -1],
			"to": [17, 16, 17],
			"faces": {
				"north": {"uv": [0, 0, 16, 3], "texture": "#0"},
				"east": {"uv": [0, 0, 16, 3], "texture": "#0"},
				"south": {"uv": [0, 0, 16, 3], "texture": "#0"},
				"west": {"uv": [0, 0, 16, 3], "texture": "#0"},
				"up": {"uv": [0, 0, 16, 16], "texture": "#0"},
				"down": {"uv": [0, 0, 16, 16], "texture": "#0"}
			}
		},
		{
			"from": [6.7, 12.5, -1],
			"to": [9, 13, -0.5],
			"faces": {
				"north": {"uv": [0, 0, 2.3, 0.5], "texture": "#1"},
				"east": {"uv": [0, 0, 0.5, 0.5], "rotation": 90, "texture": "#1"},
				"south": {"uv": [0, 0, 2.3, 0.5], "rotation": 180, "texture": "#1"},
				"west": {"uv": [0, 0, 0.5, 0.5], "rotation": 270, "texture": "#1"},
				"up": {"uv": [0, 0, 2.3, 0.5], "texture": "#1"},
				"down": {"uv": [0, 0, 2.3, 0.5], "rotation": 180, "texture": "#1"}
			}
		},
		{
			"from": [6.7, 12.5, -1.5],
			"to": [9, 16, -1],
			"faces": {
				"north": {"uv": [0, 0, 2.3, 3.5], "texture": "#1"},
				"east": {"uv": [0, 0, 3.5, 0.5], "rotation": 90, "texture": "#1"},
				"south": {"uv": [0, 0, 2.3, 3.5], "rotation": 180, "texture": "#1"},
				"west": {"uv": [0, 0, 3.5, 0.5], "rotation": 270, "texture": "#1"},
				"up": {"uv": [0, 0, 2.3, 0.5], "texture": "#1"},
				"down": {"uv": [0, 0, 2.3, 0.5], "rotation": 180, "texture": "#1"}
			}
		},
		{
			"from": [-1.5, 16, 7],
			"to": [17.5, 16.5, 9.3],
			"faces": {
				"north": {"uv": [0, 0, 16, 0.5], "texture": "#1"},
				"east": {"uv": [0, 0, 2.3, 0.5], "texture": "#1"},
				"south": {"uv": [0, 0, 16, 0.5], "texture": "#1"},
				"west": {"uv": [0, 0, 2.3, 0.5], "texture": "#1"},
				"up": {"uv": [0, 0, 2.3, 16], "rotation": 90, "texture": "#1"},
				"down": {"uv": [0, 0, 2.3, 16], "rotation": 270, "texture": "#1"}
			}
		},
		{
			"from": [8.5, 16.5, 7],
			"to": [9.5, 17, 9.3],
			"faces": {
				"north": {"uv": [0, 0, 1, 0.5], "texture": "#1"},
				"east": {"uv": [0, 0, 2.3, 0.5], "texture": "#1"},
				"south": {"uv": [0, 0, 1, 0.5], "texture": "#1"},
				"west": {"uv": [0, 0, 2.3, 0.5], "texture": "#1"},
				"up": {"uv": [0, 0, 2.3, 1], "rotation": 90, "texture": "#1"},
				"down": {"uv": [0, 0, 2.3, 1], "rotation": 270, "texture": "#1"}
			}
		},
		{
			"from": [6.5, 16.5, 7],
			"to": [8.5, 17, 9.3],
			"faces": {
				"north": {"uv": [0, 0, 2, 0.5], "texture": "#1"},
				"east": {"uv": [0, 0, 2.3, 0.5], "texture": "#1"},
				"south": {"uv": [0, 0, 2, 0.5], "texture": "#1"},
				"west": {"uv": [0, 0, 2.3, 0.5], "texture": "#1"},
				"up": {"uv": [0, 0, 2.3, 2], "rotation": 90, "texture": "#1"},
				"down": {"uv": [0, 0, 2.3, 2], "rotation": 270, "texture": "#1"}
			}
		},
		{
			"from": [8.5, 18.5, 7],
			"to": [9.5, 19, 9.3],
			"faces": {
				"north": {"uv": [0, 0, 1, 0.5], "texture": "#1"},
				"east": {"uv": [0, 0, 2.3, 0.5], "texture": "#1"},
				"south": {"uv": [0, 0, 1, 0.5], "texture": "#1"},
				"west": {"uv": [0, 0, 2.3, 0.5], "texture": "#1"},
				"up": {"uv": [0, 0, 2.3, 1], "rotation": 90, "texture": "#1"},
				"down": {"uv": [0, 0, 2.3, 1], "rotation": 270, "texture": "#1"}
			}
		},
		{
			"from": [6.5, 18.5, 7],
			"to": [7.5, 19, 9.3],
			"faces": {
				"north": {"uv": [0, 0, 1, 0.5], "texture": "#1"},
				"east": {"uv": [0, 0, 2.3, 0.5], "texture": "#1"},
				"south": {"uv": [0, 0, 1, 0.5], "texture": "#1"},
				"west": {"uv": [0, 0, 2.3, 0.5], "texture": "#1"},
				"up": {"uv": [0, 0, 2.3, 1], "rotation": 90, "texture": "#1"},
				"down": {"uv": [0, 0, 2.3, 1], "rotation": 270, "texture": "#1"}
			}
		},
		{
			"from": [7.5, 17, 7],
			"to": [8.5, 18.5, 9.3],
			"faces": {
				"north": {"uv": [0, 0, 1, 1.5], "texture": "#1"},
				"east": {"uv": [0, 0, 2.3, 1.5], "texture": "#1"},
				"south": {"uv": [0, 0, 1, 1.5], "texture": "#1"},
				"west": {"uv": [0, 0, 2.3, 1.5], "texture": "#1"},
				"up": {"uv": [0, 0, 2.3, 1], "rotation": 90, "texture": "#1"},
				"down": {"uv": [0, 0, 2.3, 1], "rotation": 270, "texture": "#1"}
			}
		},
		{
			"from": [11.5, 17.5, 7],
			"to": [12.1, 19, 9.3],
			"faces": {
				"north": {"uv": [0, 0, 0.6, 1.5], "texture": "#1"},
				"east": {"uv": [0, 0, 2.3, 1.5], "texture": "#1"},
				"south": {"uv": [0, 0, 0.6, 1.5], "texture": "#1"},
				"west": {"uv": [0, 0, 2.3, 1.5], "texture": "#1"},
				"up": {"uv": [0, 0, 2.3, 0.6], "rotation": 90, "texture": "#1"},
				"down": {"uv": [0, 0, 2.3, 0.6], "rotation": 270, "texture": "#1"}
			}
		},
		{
			"from": [3.9, 17.5, 7],
			"to": [4.5, 19, 9.3],
			"faces": {
				"north": {"uv": [0, 0, 0.6, 1.5], "texture": "#1"},
				"east": {"uv": [0, 0, 2.3, 1.5], "texture": "#1"},
				"south": {"uv": [0, 0, 0.6, 1.5], "texture": "#1"},
				"west": {"uv": [0, 0, 2.3, 1.5], "texture": "#1"},
				"up": {"uv": [0, 0, 2.3, 0.6], "rotation": 90, "texture": "#1"},
				"down": {"uv": [0, 0, 2.3, 0.6], "rotation": 270, "texture": "#1"}
			}
		},
		{
			"from": [9.5, 17, 7],
			"to": [11.5, 17.5, 9.3],
			"faces": {
				"north": {"uv": [0, 0, 2, 0.5], "texture": "#1"},
				"east": {"uv": [0, 0, 2.3, 0.5], "texture": "#1"},
				"south": {"uv": [0, 0, 2, 0.5], "texture": "#1"},
				"west": {"uv": [0, 0, 2.3, 0.5], "texture": "#1"},
				"up": {"uv": [0, 0, 2.3, 2], "rotation": 90, "texture": "#1"},
				"down": {"uv": [0, 0, 2.3, 2], "rotation": 270, "texture": "#1"}
			}
		},
		{
			"from": [4.5, 17, 7],
			"to": [6.5, 17.5, 9.3],
			"faces": {
				"north": {"uv": [0, 0, 2, 0.5], "texture": "#1"},
				"east": {"uv": [0, 0, 2.3, 0.5], "texture": "#1"},
				"south": {"uv": [0, 0, 2, 0.5], "texture": "#1"},
				"west": {"uv": [0, 0, 2.3, 0.5], "texture": "#1"},
				"up": {"uv": [0, 0, 2.3, 2], "rotation": 90, "texture": "#1"},
				"down": {"uv": [0, 0, 2.3, 2], "rotation": 270, "texture": "#1"}
			}
		},
		{
			"from": [9.5, 19, 7],
			"to": [11.5, 19.5, 9.3],
			"faces": {
				"north": {"uv": [0, 0, 2, 0.5], "texture": "#1"},
				"east": {"uv": [0, 0, 2.3, 0.5], "texture": "#1"},
				"south": {"uv": [0, 0, 2, 0.5], "texture": "#1"},
				"west": {"uv": [0, 0, 2.3, 0.5], "texture": "#1"},
				"up": {"uv": [0, 0, 2.3, 2], "rotation": 90, "texture": "#1"},
				"down": {"uv": [0, 0, 2.3, 2], "rotation": 270, "texture": "#1"}
			}
		},
		{
			"from": [4.5, 19, 7],
			"to": [6.5, 19.5, 9.3],
			"faces": {
				"north": {"uv": [0, 0, 2, 0.5], "texture": "#1"},
				"east": {"uv": [0, 0, 2.3, 0.5], "texture": "#1"},
				"south": {"uv": [0, 0, 2, 0.5], "texture": "#1"},
				"west": {"uv": [0, 0, 2.3, 0.5], "texture": "#1"},
				"up": {"uv": [0, 0, 2.3, 2], "rotation": 90, "texture": "#1"},
				"down": {"uv": [0, 0, 2.3, 2], "rotation": 270, "texture": "#1"}
			}
		},
		{
			"from": [6.7, 16, -1.5],
			"to": [9, 16.5, 17.5],
			"faces": {
				"north": {"uv": [0, 0, 2.3, 0.5], "texture": "#1"},
				"east": {"uv": [0, 0, 16, 0.5], "texture": "#1"},
				"south": {"uv": [0, 0, 2.3, 0.5], "texture": "#1"},
				"west": {"uv": [0, 0, 16, 0.5], "texture": "#1"},
				"up": {"uv": [0, 0, 2.3, 16], "texture": "#1"},
				"down": {"uv": [0, 0, 2.3, 16], "texture": "#1"}
			}
		},
		{
			"from": [6.7, -0.5, -0.5],
			"to": [9, 0, 16.5],
			"faces": {
				"north": {"uv": [0, 0, 2.3, 0.5], "texture": "#1"},
				"east": {"uv": [0, 0, 16, 0.5], "texture": "#1"},
				"south": {"uv": [0, 0, 2.3, 0.5], "texture": "#1"},
				"west": {"uv": [0, 0, 16, 0.5], "texture": "#1"},
				"up": {"uv": [0, 0, 2.3, 16], "texture": "#1"},
				"down": {"uv": [0, 0, 2.3, 16], "texture": "#1"}
			}
		},
		{
			"from": [-0.5, -0.5, 7],
			"to": [16.5, 0, 9.3],
			"faces": {
				"north": {"uv": [0, 0, 16, 0.5], "texture": "#1"},
				"east": {"uv": [0, 0, 2.3, 0.5], "texture": "#1"},
				"south": {"uv": [0, 0, 16, 0.5], "texture": "#1"},
				"west": {"uv": [0, 0, 2.3, 0.5], "texture": "#1"},
				"up": {"uv": [0, 0, 2.3, 16], "rotation": 270, "texture": "#1"},
				"down": {"uv": [0, 0, 2.3, 16], "rotation": 90, "texture": "#1"}
			}
		},
		{
			"from": [6.7, 0, -0.5],
			"to": [9, 13, 0],
			"faces": {
				"north": {"uv": [0, 0, 2.3, 13], "texture": "#1"},
				"east": {"uv": [0, 0, 0.5, 13], "texture": "#1"},
				"south": {"uv": [0, 0, 2.3, 13], "texture": "#1"},
				"west": {"uv": [0, 0, 0.5, 13], "texture": "#1"},
				"up": {"uv": [0, 0, 2.3, 0.5], "texture": "#1"},
				"down": {"uv": [0, 0, 2.3, 0.5], "texture": "#1"}
			}
		},
		{
			"from": [-1.5, 12.5, 7],
			"to": [-1, 16, 9.3],
			"faces": {
				"north": {"uv": [0, 0, 3.5, 0.5], "rotation": 90, "texture": "#1"},
				"east": {"uv": [0, 0, 2.3, 3.5], "rotation": 180, "texture": "#1"},
				"south": {"uv": [0, 0, 3.5, 0.5], "rotation": 270, "texture": "#1"},
				"west": {"uv": [0, 0, 2.3, 3.5], "texture": "#1"},
				"up": {"uv": [0, 0, 2.3, 0.5], "rotation": 270, "texture": "#1"},
				"down": {"uv": [0, 0, 2.3, 0.5], "rotation": 270, "texture": "#1"}
			}
		},
		{
			"from": [-0.6, 0, 7],
			"to": [-0.1, 13, 9.3],
			"faces": {
				"north": {"uv": [0, 0, 0.5, 13], "texture": "#1"},
				"east": {"uv": [0, 0, 2.3, 13], "texture": "#1"},
				"south": {"uv": [0, 0, 0.5, 13], "texture": "#1"},
				"west": {"uv": [0, 0, 2.3, 13], "texture": "#1"},
				"up": {"uv": [0, 0, 2.3, 0.5], "rotation": 270, "texture": "#1"},
				"down": {"uv": [0, 0, 2.3, 0.5], "rotation": 90, "texture": "#1"}
			}
		},
		{
			"from": [-1, 12.5, 7],
			"to": [-0.5, 13, 9.3],
			"faces": {
				"north": {"uv": [0, 0, 0.5, 0.5], "rotation": 90, "texture": "#1"},
				"east": {"uv": [0, 0, 2.3, 0.5], "rotation": 180, "texture": "#1"},
				"south": {"uv": [0, 0, 0.5, 0.5], "rotation": 270, "texture": "#1"},
				"west": {"uv": [0, 0, 2.3, 0.5], "texture": "#1"},
				"up": {"uv": [0, 0, 2.3, 0.5], "rotation": 270, "texture": "#1"},
				"down": {"uv": [0, 0, 2.3, 0.5], "rotation": 270, "texture": "#1"}
			}
		},
		{
			"from": [6.7, 12.5, 17],
			"to": [9, 16, 17.5],
			"faces": {
				"north": {"uv": [0, 0, 2.3, 3.5], "rotation": 180, "texture": "#1"},
				"east": {"uv": [0, 0, 3.5, 0.5], "rotation": 270, "texture": "#1"},
				"south": {"uv": [0, 0, 2.3, 3.5], "texture": "#1"},
				"west": {"uv": [0, 0, 3.5, 0.5], "rotation": 90, "texture": "#1"},
				"up": {"uv": [0, 0, 2.3, 0.5], "rotation": 180, "texture": "#1"},
				"down": {"uv": [0, 0, 2.3, 0.5], "texture": "#1"}
			}
		},
		{
			"from": [6.65, 0, 16],
			"to": [8.95, 13, 16.5],
			"faces": {
				"north": {"uv": [0, 0, 2.3, 13], "texture": "#1"},
				"east": {"uv": [0, 0, 0.5, 13], "texture": "#1"},
				"south": {"uv": [0, 0, 2.3, 13], "texture": "#1"},
				"west": {"uv": [0, 0, 0.5, 13], "texture": "#1"},
				"up": {"uv": [0, 0, 2.3, 0.5], "texture": "#1"},
				"down": {"uv": [0, 0, 2.3, 0.5], "texture": "#1"}
			}
		},
		{
			"from": [6.7, 12.5, 16.5],
			"to": [9, 13, 17],
			"faces": {
				"north": {"uv": [0, 0, 2.3, 0.5], "rotation": 180, "texture": "#1"},
				"east": {"uv": [0, 0, 0.5, 0.5], "rotation": 270, "texture": "#1"},
				"south": {"uv": [0, 0, 2.3, 0.5], "texture": "#1"},
				"west": {"uv": [0, 0, 0.5, 0.5], "rotation": 90, "texture": "#1"},
				"up": {"uv": [0, 0, 2.3, 0.5], "rotation": 180, "texture": "#1"},
				"down": {"uv": [0, 0, 2.3, 0.5], "texture": "#1"}
			}
		},
		{
			"from": [17, 12.5, 7],
			"to": [17.5, 16, 9.3],
			"faces": {
				"north": {"uv": [0, 0, 3.5, 0.5], "rotation": 270, "texture": "#1"},
				"east": {"uv": [0, 0, 2.3, 3.5], "texture": "#1"},
				"south": {"uv": [0, 0, 3.5, 0.5], "rotation": 90, "texture": "#1"},
				"west": {"uv": [0, 0, 2.3, 3.5], "rotation": 180, "texture": "#1"},
				"up": {"uv": [0, 0, 2.3, 0.5], "rotation": 90, "texture": "#1"},
				"down": {"uv": [0, 0, 2.3, 0.5], "rotation": 90, "texture": "#1"}
			}
		},
		{
			"from": [16.5, 12.5, 7],
			"to": [17, 13, 9.3],
			"faces": {
				"north": {"uv": [0, 0, 0.5, 0.5], "rotation": 270, "texture": "#1"},
				"east": {"uv": [0, 0, 2.3, 0.5], "texture": "#1"},
				"south": {"uv": [0, 0, 0.5, 0.5], "rotation": 90, "texture": "#1"},
				"west": {"uv": [0, 0, 2.3, 0.5], "rotation": 180, "texture": "#1"},
				"up": {"uv": [0, 0, 2.3, 0.5], "rotation": 90, "texture": "#1"},
				"down": {"uv": [0, 0, 2.3, 0.5], "rotation": 90, "texture": "#1"}
			}
		},
		{
			"from": [16, 0, 7],
			"to": [16.5, 13, 9.3],
			"faces": {
				"north": {"uv": [0, 0, 0.5, 13], "texture": "#1"},
				"east": {"uv": [0, 0, 2.3, 13], "texture": "#1"},
				"south": {"uv": [0, 0, 0.5, 13], "texture": "#1"},
				"west": {"uv": [0, 0, 2.3, 13], "texture": "#1"},
				"up": {"uv": [0, 0, 2.3, 0.5], "rotation": 270, "texture": "#1"},
				"down": {"uv": [0, 0, 2.3, 0.5], "rotation": 90, "texture": "#1"}
			}
		}
	],
	"display": {
		"thirdperson_righthand": {
			"rotation": [68, 0, 0],
			"translation": [0, 1.5, 1],
			"scale": [0.29219, 0.29023, 0.29414]
		},
		"thirdperson_lefthand": {
			"rotation": [68, 0, 0],
			"translation": [0, 1.5, 1],
			"scale": [0.29219, 0.29023, 0.29414]
		},
		"firstperson_righthand": {
			"rotation": [-6, 0, 0],
			"translation": [0, 1.5, 1],
			"scale": [0.29219, 0.29023, 0.29414]
		},
		"firstperson_lefthand": {
			"rotation": [-6, 0, 0],
			"translation": [0, 1.5, 1],
			"scale": [0.29219, 0.29023, 0.29414]
		},
		"ground": {
			"rotation": [0, 180, 0],
			"translation": [0, -1.25, 0],
			"scale": [0.29102, 0.30469, 0.29688]
		},
		"gui": {
			"rotation": [26.75, 133.25, 0],
			"translation": [0, -1.25, 0],
			"scale": [0.29102, 0.30469, 0.29688]
		},
		"head": {
			"rotation": [0, 180, 0],
			"translation": [0, 10, 0],
			"scale": [0.58984, 0.68359, 0.58398]
		},
		"fixed": {
			"rotation": [0, 2, 0],
			"translation": [0, -1.25, 0],
			"scale": [0.29102, 0.30469, 0.29688]
		}
	},
	"groups": [0, 1,
		{
			"name": "mašla",
			"origin": [8, 8, 8],
			"children": [2, 3, 4, 5, 6, 7, 8, 9, 10, 11, 12, 13, 14, 15, 16, 17, 18, 19, 20, 21, 22, 23, 24, 25, 26, 27, 28]
		}
	]
}