{
	"credit": "MineBreak",
	"textures": {
		"0": "minecraft:minebreak/misc/christmas2021/firework_rocket_blue",
		"1": "minecraft:minebreak/misc/christmas2021/firework_rocket_green",
		"2": "minecraft:minebreak/misc/christmas2021/firework_rocket_yellow",
		"3": "minecraft:minebreak/misc/christmas2021/firework_rocket_purple",
		"4": "minecraft:item/firework_rocket",
		"5": "minecraft:block/barrel_bottom",
		"particle": "minecraft:block/barrel_bottom"
	},
	"elements": [
		{
			"from": [0, 3, 15],
			"to": [16, 5, 16],
			"faces": {
				"north": {"uv": [0, 0, 16, 2], "texture": "#5"},
				"east": {"uv": [0, 0, 1, 2], "texture": "#5"},
				"south": {"uv": [0, 7, 16, 9], "texture": "#5"},
				"west": {"uv": [0, 0, 1, 2], "texture": "#5"},
				"up": {"uv": [0, 0, 16, 1], "texture": "#5"},
				"down": {"uv": [0, 0, 16, 1], "texture": "#5"}
			}
		},
		{
			"from": [15, 3, 1],
			"to": [16, 5, 15],
			"faces": {
				"east": {"uv": [1, 4, 15, 6], "texture": "#5"},
				"west": {"uv": [0, 0, 14, 2], "texture": "#5"},
				"up": {"uv": [0, 0, 1, 14], "texture": "#5"},
				"down": {"uv": [0, 0, 1, 14], "texture": "#5"}
			}
		},
		{
			"from": [15, 6, 1],
			"to": [16, 8, 15],
			"faces": {
				"east": {"uv": [0, 1, 14, 3], "texture": "#5"},
				"west": {"uv": [0, 0, 14, 2], "texture": "#5"},
				"up": {"uv": [0, 0, 1, 14], "texture": "#5"},
				"down": {"uv": [0, 0, 1, 14], "texture": "#5"}
			}
		},
		{
			"from": [0, 0, 1],
			"to": [1, 2, 15],
			"faces": {
				"east": {"uv": [0, 0, 14, 2], "texture": "#5"},
				"west": {"uv": [2, 8, 16, 10], "texture": "#5"},
				"up": {"uv": [0, 0, 1, 14], "texture": "#5"},
				"down": {"uv": [0, 0, 1, 14], "texture": "#5"}
			}
		},
		{
			"from": [0, 3, 1],
			"to": [1, 5, 15],
			"faces": {
				"east": {"uv": [0, 0, 14, 2], "texture": "#5"},
				"west": {"uv": [2, 4, 16, 6], "texture": "#5"},
				"up": {"uv": [0, 0, 1, 14], "texture": "#5"},
				"down": {"uv": [0, 0, 1, 14], "texture": "#5"}
			}
		},
		{
			"from": [0, 6, 1],
			"to": [1, 8, 15],
			"faces": {
				"east": {"uv": [0, 0, 14, 2], "texture": "#5"},
				"west": {"uv": [2, 2, 16, 4], "texture": "#5"},
				"up": {"uv": [0, 0, 1, 14], "texture": "#5"},
				"down": {"uv": [0, 0, 1, 14], "texture": "#5"}
			}
		},
		{
			"from": [15, 0, 1],
			"to": [16, 2, 15],
			"faces": {
				"east": {"uv": [2, 13, 16, 15], "texture": "#5"},
				"west": {"uv": [0, 0, 14, 2], "texture": "#5"},
				"up": {"uv": [0, 0, 1, 14], "texture": "#5"},
				"down": {"uv": [0, 0, 1, 14], "texture": "#5"}
			}
		},
		{
			"from": [0, 6, 15],
			"to": [16, 8, 16],
			"faces": {
				"north": {"uv": [0, 0, 16, 2], "texture": "#5"},
				"east": {"uv": [0, 0, 1, 2], "texture": "#5"},
				"south": {"uv": [0, 12, 16, 14], "texture": "#5"},
				"west": {"uv": [0, 0, 1, 2], "texture": "#5"},
				"up": {"uv": [0, 0, 16, 1], "texture": "#5"},
				"down": {"uv": [0, 0, 16, 1], "texture": "#5"}
			}
		},
		{
			"from": [0, 0, 15],
			"to": [16, 2, 16],
			"faces": {
				"north": {"uv": [0, 0, 16, 2], "texture": "#5"},
				"east": {"uv": [0, 0, 1, 2], "texture": "#5"},
				"south": {"uv": [0, 1, 16, 3], "texture": "#5"},
				"west": {"uv": [0, 0, 1, 2], "texture": "#5"},
				"up": {"uv": [0, 0, 16, 1], "texture": "#5"},
				"down": {"uv": [0, 0, 16, 1], "texture": "#5"}
			}
		},
		{
			"from": [0, 6, 0],
			"to": [16, 8, 1],
			"faces": {
				"north": {"uv": [0, 14, 16, 16], "texture": "#5"},
				"east": {"uv": [0, 0, 1, 2], "texture": "#5"},
				"south": {"uv": [0, 0, 16, 2], "texture": "#5"},
				"west": {"uv": [0, 0, 1, 2], "texture": "#5"},
				"up": {"uv": [0, 0, 16, 1], "texture": "#5"},
				"down": {"uv": [0, 0, 16, 1], "texture": "#5"}
			}
		},
		{
			"from": [0, 3, 0],
			"to": [16, 5, 1],
			"faces": {
				"north": {"uv": [0, 1, 16, 3], "texture": "#5"},
				"east": {"uv": [0, 0, 1, 2], "texture": "#5"},
				"south": {"uv": [0, 0, 16, 2], "texture": "#5"},
				"west": {"uv": [0, 0, 1, 2], "texture": "#5"},
				"up": {"uv": [0, 0, 16, 1], "texture": "#5"},
				"down": {"uv": [0, 0, 16, 1], "texture": "#5"}
			}
		},
		{
			"from": [0, 0, 0],
			"to": [16, 2, 1],
			"faces": {
				"north": {"uv": [0, 13, 16, 15], "texture": "#5"},
				"east": {"uv": [0, 0, 1, 2], "texture": "#5"},
				"south": {"uv": [0, 0, 16, 2], "texture": "#5"},
				"west": {"uv": [0, 0, 1, 2], "texture": "#5"},
				"up": {"uv": [0, 0, 16, 1], "texture": "#5"},
				"down": {"uv": [0, 0, 16, 1], "texture": "#5"}
			}
		},
		{
			"from": [1, 0, 12],
			"to": [15, 1, 15],
			"faces": {
				"north": {"uv": [0, 0, 14, 1], "texture": "#5"},
				"up": {"uv": [0, 0, 14, 3], "texture": "#5"},
				"down": {"uv": [0, 0, 14, 3], "texture": "#5"}
			}
		},
		{
			"from": [1, 0, 8.25],
			"to": [15, 1, 11.25],
			"faces": {
				"north": {"uv": [0, 0, 14, 1], "texture": "#5"},
				"south": {"uv": [0, 0, 14, 1], "texture": "#5"},
				"up": {"uv": [0, 0, 14, 3], "texture": "#5"},
				"down": {"uv": [0, 0, 14, 3], "texture": "#5"}
			}
		},
		{
			"from": [1, 0, 1],
			"to": [15, 1, 4],
			"faces": {
				"south": {"uv": [0, 0, 14, 1], "texture": "#5"},
				"up": {"uv": [0, 0, 14, 3], "texture": "#5"},
				"down": {"uv": [0, 0, 14, 3], "texture": "#5"}
			}
		},
		{
			"from": [1, 0, 4.75],
			"to": [15, 1, 7.75],
			"faces": {
				"north": {"uv": [0, 0, 14, 1], "texture": "#5"},
				"south": {"uv": [0, 0, 14, 1], "texture": "#5"},
				"up": {"uv": [0, 0, 14, 3], "texture": "#5"},
				"down": {"uv": [0, 0, 14, 3], "texture": "#5"}
			}
		},
		{
			"from": [1, 1, 14],
			"to": [2, 7, 15],
			"faces": {
				"north": {"uv": [0, 0, 1, 6], "texture": "#5"},
				"east": {"uv": [0, 0, 1, 6], "texture": "#5"},
				"south": {"uv": [0, 0, 1, 6], "texture": "#5"},
				"west": {"uv": [0, 0, 1, 6], "texture": "#5"},
				"up": {"uv": [0, 0, 1, 1], "texture": "#5"}
			}
		},
		{
			"from": [14, 1, 14],
			"to": [15, 7, 15],
			"faces": {
				"north": {"uv": [0, 0, 1, 6], "texture": "#5"},
				"east": {"uv": [0, 0, 1, 6], "texture": "#5"},
				"south": {"uv": [0, 0, 1, 6], "texture": "#5"},
				"west": {"uv": [0, 0, 1, 6], "texture": "#5"},
				"up": {"uv": [0, 0, 1, 1], "texture": "#5"}
			}
		},
		{
			"from": [14, 1, 1],
			"to": [15, 7, 2],
			"faces": {
				"north": {"uv": [0, 0, 1, 6], "texture": "#5"},
				"east": {"uv": [0, 0, 1, 6], "texture": "#5"},
				"south": {"uv": [0, 0, 1, 6], "texture": "#5"},
				"west": {"uv": [0, 0, 1, 6], "texture": "#5"},
				"up": {"uv": [0, 0, 1, 1], "texture": "#5"}
			}
		},
		{
			"from": [1, 1, 1],
			"to": [2, 7, 2],
			"faces": {
				"north": {"uv": [0, 0, 1, 6], "texture": "#5"},
				"east": {"uv": [0, 0, 1, 6], "texture": "#5"},
				"south": {"uv": [0, 0, 1, 6], "texture": "#5"},
				"west": {"uv": [0, 0, 1, 6], "texture": "#5"},
				"up": {"uv": [0, 0, 1, 1], "texture": "#5"}
			}
		},
		{
			"from": [8.5, 1.75, 1.5],
			"to": [9.5, 4.25, 4.5],
			"faces": {
				"north": {"uv": [7, 3, 10, 5], "rotation": 270, "texture": "#1"},
				"east": {"uv": [7, 3, 10, 5], "rotation": 90, "texture": "#1"},
				"south": {"uv": [7, 3, 10, 5], "rotation": 90, "texture": "#1"},
				"up": {"uv": [7, 3, 10, 5], "rotation": 90, "texture": "#1"},
				"down": {"uv": [7, 3, 10, 5], "rotation": 90, "texture": "#1"}
			}
		},
		{
			"from": [1, 1.5, 1.5],
			"to": [7, 4.5, 4.5],
			"faces": {
				"north": {"uv": [7, 6, 10, 13], "rotation": 270, "texture": "#1"},
				"south": {"uv": [7, 6, 10, 13], "rotation": 90, "texture": "#1"},
				"west": {"uv": [7, 11, 10, 14], "rotation": 90, "texture": "#1"},
				"up": {"uv": [7, 6, 10, 13], "rotation": 90, "texture": "#1"},
				"down": {"uv": [7, 6, 10, 13], "rotation": 90, "texture": "#1"}
			}
		},
		{
			"from": [7, 1, 1],
			"to": [8.5, 5, 5],
			"faces": {
				"north": {"uv": [6, 4, 11, 6], "rotation": 270, "texture": "#1"},
				"east": {"uv": [6, 4, 11, 6], "rotation": 90, "texture": "#1"},
				"south": {"uv": [6, 4, 11, 6], "rotation": 90, "texture": "#1"},
				"west": {"uv": [6, 4, 11, 6], "rotation": 90, "texture": "#1"},
				"up": {"uv": [6, 4, 11, 6], "rotation": 90, "texture": "#1"},
				"down": {"uv": [6, 4, 11, 6], "rotation": 90, "texture": "#1"}
			}
		},
		{
			"from": [9.25, 2.5, 2.5],
			"to": [10.25, 3.5, 3.5],
			"faces": {
				"north": {"uv": [8, 2, 9, 3], "rotation": 270, "texture": "#1"},
				"east": {"uv": [8, 2, 9, 3], "rotation": 90, "texture": "#1"},
				"south": {"uv": [8, 2, 9, 3], "rotation": 90, "texture": "#1"},
				"up": {"uv": [8, 2, 9, 3], "rotation": 90, "texture": "#1"},
				"down": {"uv": [8, 2, 9, 3], "rotation": 90, "texture": "#1"}
			}
		},
		{
			"from": [10.84144, 8.59144, 2.1861],
			"to": [13.84144, 9.59144, 4.6861],
			"rotation": {"angle": 0, "axis": "x", "origin": [9.34144, 4.71644, 5.4361]},
			"faces": {
				"north": {"uv": [7, 3, 10, 5], "texture": "#4"},
				"east": {"uv": [7, 3, 10, 5], "texture": "#4"},
				"south": {"uv": [7, 3, 10, 5], "texture": "#4"},
				"west": {"uv": [7, 3, 10, 5], "texture": "#4"},
				"up": {"uv": [7, 3, 10, 5], "rotation": 270, "texture": "#4"}
			}
		},
		{
			"from": [10.84144, 1.09144, 1.9361],
			"to": [13.84144, 7.09144, 4.9361],
			"rotation": {"angle": 0, "axis": "x", "origin": [9.34144, 4.71644, 5.4361]},
			"faces": {
				"north": {"uv": [7, 6, 10, 13], "texture": "#4"},
				"east": {"uv": [7, 6, 10, 13], "texture": "#4"},
				"south": {"uv": [7, 6, 10, 13], "texture": "#4"},
				"west": {"uv": [7, 6, 10, 13], "texture": "#4"},
				"down": {"uv": [7, 11, 10, 14], "rotation": 90, "texture": "#4"}
			}
		},
		{
			"from": [10.34144, 7.09144, 1.4361],
			"to": [14.34144, 8.59144, 5.4361],
			"rotation": {"angle": 0, "axis": "x", "origin": [9.34144, 4.71644, 5.4361]},
			"faces": {
				"north": {"uv": [6, 4, 11, 6], "texture": "#4"},
				"east": {"uv": [6, 4, 11, 6], "texture": "#4"},
				"south": {"uv": [6, 4, 11, 6], "texture": "#4"},
				"west": {"uv": [6, 4, 11, 6], "texture": "#4"},
				"up": {"uv": [6, 4, 11, 6], "rotation": 270, "texture": "#4"},
				"down": {"uv": [6, 4, 11, 6], "rotation": 90, "texture": "#4"}
			}
		},
		{
			"from": [11.84144, 9.34144, 2.9361],
			"to": [12.84144, 10.34144, 3.9361],
			"rotation": {"angle": 0, "axis": "x", "origin": [9.34144, 4.71644, 5.4361]},
			"faces": {
				"north": {"uv": [8, 2, 9, 3], "texture": "#4"},
				"east": {"uv": [8, 2, 9, 3], "texture": "#4"},
				"south": {"uv": [8, 2, 9, 3], "texture": "#4"},
				"west": {"uv": [8, 2, 9, 3], "texture": "#4"},
				"up": {"uv": [8, 2, 9, 3], "rotation": 270, "texture": "#4"}
			}
		},
		{
			"from": [1.84144, 7.75, 2.0262],
			"to": [4.84144, 10.25, 3.0262],
			"rotation": {"angle": 22.5, "axis": "x", "origin": [10.34144, 3, -6.0988]},
			"faces": {
				"north": {"uv": [7, 3, 10, 5], "rotation": 90, "texture": "#2"},
				"east": {"uv": [7, 3, 10, 5], "rotation": 90, "texture": "#2"},
				"west": {"uv": [7, 3, 10, 5], "rotation": 270, "texture": "#2"},
				"up": {"uv": [7, 3, 10, 5], "texture": "#2"}
			}
		},
		{
			"from": [1.84144, 7.5, 4.5262],
			"to": [4.84144, 10.5, 10.5262],
			"rotation": {"angle": 22.5, "axis": "x", "origin": [10.34144, 3, -6.0988]},
			"faces": {
				"east": {"uv": [7, 6, 10, 13], "rotation": 90, "texture": "#2"},
				"south": {"uv": [7, 11, 10, 14], "rotation": 90, "texture": "#2"},
				"west": {"uv": [7, 6, 10, 13], "rotation": 270, "texture": "#2"},
				"up": {"uv": [7, 6, 10, 13], "texture": "#2"},
				"down": {"uv": [7, 6, 10, 13], "rotation": 180, "texture": "#2"}
			}
		},
		{
			"from": [1.34144, 7, 3.0262],
			"to": [5.34144, 11, 4.5262],
			"rotation": {"angle": 22.5, "axis": "x", "origin": [10.34144, 3, -6.0988]},
			"faces": {
				"north": {"uv": [6, 4, 11, 6], "rotation": 90, "texture": "#2"},
				"east": {"uv": [6, 4, 11, 6], "rotation": 90, "texture": "#2"},
				"south": {"uv": [6, 4, 11, 6], "rotation": 90, "texture": "#2"},
				"west": {"uv": [6, 4, 11, 6], "rotation": 270, "texture": "#2"},
				"up": {"uv": [6, 4, 11, 6], "texture": "#2"},
				"down": {"uv": [6, 4, 11, 6], "rotation": 180, "texture": "#2"}
			}
		},
		{
			"from": [2.84144, 8.5, 1.2762],
			"to": [3.84144, 9.5, 2.2762],
			"rotation": {"angle": 22.5, "axis": "x", "origin": [10.34144, 3, -6.0988]},
			"faces": {
				"north": {"uv": [8, 2, 9, 3], "rotation": 90, "texture": "#2"},
				"east": {"uv": [8, 2, 9, 3], "rotation": 90, "texture": "#2"},
				"west": {"uv": [8, 2, 9, 3], "rotation": 270, "texture": "#2"},
				"up": {"uv": [8, 2, 9, 3], "texture": "#2"},
				"down": {"uv": [8, 2, 9, 3], "rotation": 180, "texture": "#2"}
			}
		},
		{
			"from": [6.34144, 11.36727, 10.78178],
			"to": [9.34144, 12.36727, 13.28178],
			"rotation": {"angle": 45, "axis": "x", "origin": [7.84144, 7.49227, 7.28178]},
			"faces": {
				"north": {"uv": [7, 3, 10, 5], "texture": "#3"},
				"east": {"uv": [7, 3, 10, 5], "texture": "#3"},
				"south": {"uv": [7, 3, 10, 5], "texture": "#3"},
				"west": {"uv": [7, 3, 10, 5], "texture": "#3"},
				"up": {"uv": [7, 3, 10, 5], "rotation": 270, "texture": "#3"}
			}
		},
		{
			"from": [6.34144, 3.86727, 10.53178],
			"to": [9.34144, 9.86727, 13.53178],
			"rotation": {"angle": 45, "axis": "x", "origin": [7.84144, 7.49227, 7.28178]},
			"faces": {
				"north": {"uv": [7, 6, 10, 13], "texture": "#3"},
				"east": {"uv": [7, 6, 10, 13], "texture": "#3"},
				"south": {"uv": [7, 6, 10, 13], "texture": "#3"},
				"west": {"uv": [7, 6, 10, 13], "texture": "#3"},
				"down": {"uv": [7, 11, 10, 14], "rotation": 90, "texture": "#3"}
			}
		},
		{
			"from": [5.84144, 9.86727, 10.03178],
			"to": [9.84144, 11.36727, 14.03178],
			"rotation": {"angle": 45, "axis": "x", "origin": [7.84144, 7.49227, 7.28178]},
			"faces": {
				"north": {"uv": [6, 4, 11, 6], "texture": "#3"},
				"east": {"uv": [6, 4, 11, 6], "texture": "#3"},
				"south": {"uv": [6, 4, 11, 6], "texture": "#3"},
				"west": {"uv": [6, 4, 11, 6], "texture": "#3"},
				"up": {"uv": [6, 4, 11, 6], "rotation": 270, "texture": "#3"},
				"down": {"uv": [6, 4, 11, 6], "rotation": 90, "texture": "#3"}
			}
		},
		{
			"from": [7.34144, 12.11727, 11.53178],
			"to": [8.34144, 13.11727, 12.53178],
			"rotation": {"angle": 45, "axis": "x", "origin": [7.84144, 7.49227, 7.28178]},
			"faces": {
				"north": {"uv": [8, 2, 9, 3], "texture": "#3"},
				"east": {"uv": [8, 2, 9, 3], "texture": "#3"},
				"south": {"uv": [8, 2, 9, 3], "texture": "#3"},
				"west": {"uv": [8, 2, 9, 3], "texture": "#3"},
				"up": {"uv": [8, 2, 9, 3], "rotation": 270, "texture": "#3"}
			}
		},
		{
			"from": [10.84144, 9.59144, 6.1861],
			"to": [13.84144, 10.59144, 8.6861],
			"rotation": {"angle": -22.5, "axis": "x", "origin": [12.34144, 7.71644, 10.4361]},
			"faces": {
				"north": {"uv": [7, 3, 10, 5], "texture": "#0"},
				"east": {"uv": [7, 3, 10, 5], "texture": "#0"},
				"south": {"uv": [7, 3, 10, 5], "texture": "#0"},
				"west": {"uv": [7, 3, 10, 5], "texture": "#0"},
				"up": {"uv": [7, 3, 10, 5], "rotation": 270, "texture": "#0"}
			}
		},
		{
			"from": [10.84144, 2.09144, 5.9361],
			"to": [13.84144, 8.09144, 8.9361],
			"rotation": {"angle": -22.5, "axis": "x", "origin": [12.34144, 7.71644, 10.4361]},
			"faces": {
				"north": {"uv": [7, 6, 10, 13], "texture": "#0"},
				"east": {"uv": [7, 6, 10, 13], "texture": "#0"},
				"south": {"uv": [7, 6, 10, 13], "texture": "#0"},
				"west": {"uv": [7, 6, 10, 13], "texture": "#0"},
				"down": {"uv": [7, 11, 10, 14], "rotation": 90, "texture": "#0"}
			}
		},
		{
			"from": [10.34144, 8.09144, 5.4361],
			"to": [14.34144, 9.59144, 9.4361],
			"rotation": {"angle": -22.5, "axis": "x", "origin": [12.34144, 7.71644, 10.4361]},
			"faces": {
				"north": {"uv": [6, 4, 11, 6], "texture": "#0"},
				"east": {"uv": [6, 4, 11, 6], "texture": "#0"},
				"south": {"uv": [6, 4, 11, 6], "texture": "#0"},
				"west": {"uv": [6, 4, 11, 6], "texture": "#0"},
				"up": {"uv": [6, 4, 11, 6], "rotation": 270, "texture": "#0"},
				"down": {"uv": [6, 4, 11, 6], "rotation": 90, "texture": "#0"}
			}
		},
		{
			"from": [11.84144, 10.34144, 6.9361],
			"to": [12.84144, 11.34144, 7.9361],
			"rotation": {"angle": -22.5, "axis": "x", "origin": [12.34144, 7.71644, 10.4361]},
			"faces": {
				"north": {"uv": [8, 2, 9, 3], "texture": "#0"},
				"east": {"uv": [8, 2, 9, 3], "texture": "#0"},
				"south": {"uv": [8, 2, 9, 3], "texture": "#0"},
				"west": {"uv": [8, 2, 9, 3], "texture": "#0"},
				"up": {"uv": [8, 2, 9, 3], "rotation": 270, "texture": "#0"}
			}
		}
	],
	"display": {
		"thirdperson_righthand": {
			"rotation": [116, 1, -73],
			"translation": [3.25, -0.75, -3],
			"scale": [0.5, 0.5, 0.5]
		},
		"firstperson_righthand": {
			"rotation": [13, 13, 16],
			"translation": [0, 3.25, 0]
		},
		"ground": {
			"scale": [0.5, 0.5, 0.5]
		},
		"gui": {
			"rotation": [23, 46, 0],
			"scale": [0.5, 0.5, 0.5]
		},
		"head": {
			"translation": [0, 13.5, 0]
		},
		"fixed": {
			"rotation": [-90, 0, 0],
			"translation": [0, 0, -16],
			"scale": [2, 2, 2]
		}
	},
	"groups": [
		{
			"name": "crate",
			"origin": [0, 0, 0],
			"color": 0,
			"children": [0, 1, 2, 3, 4, 5, 6, 7, 8, 9, 10, 11, 12, 13, 14, 15, 16, 17, 18, 19]
		},
		{
			"name": "rocket",
			"origin": [0, 0, 0],
			"color": 0,
			"children": [20, 21, 22, 23]
		},
		{
			"name": "rocket",
			"origin": [0, 0, 0],
			"color": 0,
			"children": [24, 25, 26, 27]
		},
		{
			"name": "rocket",
			"origin": [0, 0, 0],
			"color": 0,
			"children": [28, 29, 30, 31]
		},
		{
			"name": "rocket",
			"origin": [0, 0, 0],
			"color": 0,
			"children": [32, 33, 34, 35]
		},
		{
			"name": "rocket",
			"origin": [0, 0, 0],
			"color": 0,
			"children": [36, 37, 38, 39]
		}
	]
}