{
	"credit": "MineBreak",
	"texture_size": [32, 32],
	"textures": {
		"0": "minebreak/item/cup/white",
		"1": "minebreak/item/cup/green"
	},
	"elements": [
		{
			"from": [6, 2.4, 7],
			"to": [6.5, 5.6, 9],
			"rotation": {"angle": 0, "axis": "y", "origin": [2.88, 0, 2.88]},
			"faces": {
				"north": {"uv": [0, 0, 16, 16], "texture": "#0"},
				"east": {"uv": [0, 0, 0.5, 0.5], "texture": "#0"},
				"south": {"uv": [0, 0, 16, 16], "texture": "#0"},
				"west": {"uv": [0, 0, 16, 16], "texture": "#0"},
				"down": {"uv": [0, 0, 0.5, 0.5], "texture": "#0"}
			}
		},
		{
			"from": [9, 0.3, 7],
			"to": [9.5, 1.3, 9],
			"rotation": {"angle": 0, "axis": "y", "origin": [2.88, 0, 2.88]},
			"faces": {
				"north": {"uv": [0, 0, 16, 16], "texture": "#0"},
				"east": {"uv": [0, 0, 16, 16], "texture": "#0"},
				"south": {"uv": [0, 0, 0.5, 0.5], "texture": "#0"},
				"west": {"uv": [0, 0, 16, 16], "texture": "#0"},
				"up": {"uv": [0, 0, 0.5, 0.5], "texture": "#0"},
				"down": {"uv": [0, 0, 0.5, 0.5], "texture": "#0"}
			}
		},
		{
			"from": [6.5, 0.3, 7],
			"to": [7, 1.3, 9],
			"rotation": {"angle": 0, "axis": "y", "origin": [2.88, 0, 2.88]},
			"faces": {
				"north": {"uv": [0, 0, 16, 16], "texture": "#0"},
				"east": {"uv": [0, 0, 0.5, 0.5], "texture": "#0"},
				"south": {"uv": [0, 0, 16, 16], "texture": "#0"},
				"west": {"uv": [0, 0, 16, 16], "texture": "#0"},
				"up": {"uv": [0, 0, 0.5, 0.5], "texture": "#0"},
				"down": {"uv": [0, 0, 0.5, 0.5], "texture": "#0"}
			}
		},
		{
			"from": [7, 0, 7],
			"to": [9, 0.3, 9],
			"rotation": {"angle": 0, "axis": "y", "origin": [2.88, 0, 2.88]},
			"faces": {
				"north": {"uv": [0, 0, 16, 16], "texture": "#0"},
				"east": {"uv": [0, 0, 16, 16], "texture": "#0"},
				"south": {"uv": [0, 0, 16, 16], "texture": "#0"},
				"west": {"uv": [0, 0, 16, 16], "texture": "#0"},
				"up": {"uv": [0, 0, 0.5, 0.5], "texture": "#0"},
				"down": {"uv": [0, 0, 0.5, 0.5], "texture": "#0"}
			}
		},
		{
			"from": [6.7, 6.1, 6.7],
			"to": [9.3, 6.4, 9.3],
			"rotation": {"angle": 0, "axis": "y", "origin": [2.88, 0, 2.88]},
			"faces": {
				"north": {"uv": [0, 0, 16, 16], "texture": "#0"},
				"east": {"uv": [10, 0, 16, 8], "texture": "#0"},
				"south": {"uv": [0, 0, 16, 16], "texture": "#0"},
				"west": {"uv": [0, 0, 16, 16], "texture": "#0"},
				"up": {"uv": [4, 0, 16, 12], "texture": "#0"}
			}
		},
		{
			"from": [6.9, 6.4, 6.9],
			"to": [9.1, 6.5, 9.1],
			"rotation": {"angle": 0, "axis": "y", "origin": [2.88, 0, 2.88]},
			"faces": {
				"north": {"uv": [0, 0, 16, 16], "texture": "#0"},
				"east": {"uv": [10, 0, 16, 8], "texture": "#0"},
				"south": {"uv": [0, 0, 16, 16], "texture": "#0"},
				"west": {"uv": [0, 0, 16, 16], "texture": "#0"},
				"up": {"uv": [4, 0, 16, 12], "texture": "#0"}
			}
		},
		{
			"from": [7.1, 6.5, 7],
			"to": [8.9, 6.6, 9],
			"rotation": {"angle": 0, "axis": "y", "origin": [2.88, 0, 2.88]},
			"faces": {
				"north": {"uv": [0, 0, 16, 16], "texture": "#0"},
				"east": {"uv": [10, 0, 16, 8], "texture": "#0"},
				"south": {"uv": [0, 0, 16, 16], "texture": "#0"},
				"west": {"uv": [0, 0, 16, 16], "texture": "#0"},
				"up": {"uv": [4, 0, 16, 12], "texture": "#0"}
			}
		},
		{
			"from": [8.86, 6.5, 7.1],
			"to": [8.96, 6.6, 8.9],
			"rotation": {"angle": 0, "axis": "y", "origin": [2.88, 0, 2.88]},
			"faces": {
				"north": {"uv": [0, 0, 16, 16], "texture": "#0"},
				"east": {"uv": [0, 0, 16, 16], "texture": "#0"},
				"south": {"uv": [10, 0, 16, 8], "texture": "#0"},
				"up": {"uv": [4, 0, 16, 12], "rotation": 90, "texture": "#0"}
			}
		},
		{
			"from": [6.96, 6.5, 7.1],
			"to": [7.16, 6.6, 8.9],
			"rotation": {"angle": 0, "axis": "y", "origin": [2.88, 0, 2.88]},
			"faces": {
				"north": {"uv": [0, 0, 16, 16], "texture": "#0"},
				"south": {"uv": [10, 0, 16, 8], "texture": "#0"},
				"west": {"uv": [0, 0, 16, 16], "texture": "#0"},
				"up": {"uv": [4, 0, 16, 12], "rotation": 90, "texture": "#0"}
			}
		},
		{
			"from": [9.3, 6.1, 6.8],
			"to": [9.5, 6.3, 9.2],
			"rotation": {"angle": 0, "axis": "y", "origin": [2.88, 0, 2.88]},
			"faces": {
				"north": {"uv": [0, 0, 16, 16], "texture": "#0"},
				"east": {"uv": [10, 0, 16, 8], "texture": "#0"},
				"south": {"uv": [0, 0, 16, 16], "texture": "#0"},
				"up": {"uv": [4, 0, 16, 12], "texture": "#0"}
			}
		},
		{
			"from": [6.5, 6.1, 6.8],
			"to": [6.7, 6.3, 9.2],
			"rotation": {"angle": 0, "axis": "y", "origin": [2.88, 0, 2.88]},
			"faces": {
				"north": {"uv": [0, 0, 16, 16], "texture": "#0"},
				"south": {"uv": [0, 0, 16, 16], "texture": "#0"},
				"west": {"uv": [0, 0, 16, 16], "texture": "#0"},
				"up": {"uv": [4, 0, 16, 12], "texture": "#0"}
			}
		},
		{
			"from": [6.8, 6.1, 9.26],
			"to": [9.2, 6.3, 9.56],
			"rotation": {"angle": 0, "axis": "y", "origin": [2.88, 0, 2.88]},
			"faces": {
				"east": {"uv": [10, 0, 16, 8], "texture": "#0"},
				"south": {"uv": [0, 0, 16, 16], "texture": "#0"},
				"west": {"uv": [0, 0, 16, 16], "texture": "#0"},
				"up": {"uv": [4, 0, 16, 12], "rotation": 270, "texture": "#0"}
			}
		},
		{
			"from": [6.8, 6.1, 6.46],
			"to": [9.2, 6.3, 6.76],
			"rotation": {"angle": 0, "axis": "y", "origin": [2.88, 0, 2.88]},
			"faces": {
				"north": {"uv": [0, 0, 16, 16], "texture": "#0"},
				"east": {"uv": [10, 0, 16, 8], "texture": "#0"},
				"west": {"uv": [0, 0, 16, 16], "texture": "#0"},
				"up": {"uv": [4, 0, 16, 12], "rotation": 270, "texture": "#0"}
			}
		},
		{
			"from": [6.3, 5.9, 6.3],
			"to": [9.7, 6.1, 9.7],
			"rotation": {"angle": 0, "axis": "y", "origin": [2.88, 0, 2.88]},
			"faces": {
				"north": {"uv": [0, 0, 16, 16], "texture": "#0"},
				"east": {"uv": [10, 0, 16, 8], "texture": "#0"},
				"south": {"uv": [0, 0, 16, 16], "texture": "#0"},
				"west": {"uv": [0, 0, 16, 16], "texture": "#0"},
				"up": {"uv": [4, 0, 16, 12], "texture": "#0"}
			}
		},
		{
			"from": [6.3, 5.7, 6.1],
			"to": [9.7, 5.9, 9.9],
			"rotation": {"angle": 0, "axis": "y", "origin": [2.88, 0, 2.88]},
			"faces": {
				"north": {"uv": [0, 0, 16, 16], "texture": "#0"},
				"east": {"uv": [10, 0, 16, 8], "texture": "#0"},
				"south": {"uv": [0, 0, 16, 16], "texture": "#0"},
				"west": {"uv": [0, 0, 16, 16], "texture": "#0"},
				"up": {"uv": [4, 0, 16, 12], "texture": "#0"}
			}
		},
		{
			"from": [6.3, 5.6, 5.9],
			"to": [9.7, 5.8, 10.1],
			"rotation": {"angle": 0, "axis": "y", "origin": [2.88, 0, 2.88]},
			"faces": {
				"north": {"uv": [0, 0, 16, 16], "texture": "#0"},
				"east": {"uv": [10, 0, 16, 8], "texture": "#0"},
				"south": {"uv": [0, 0, 16, 16], "texture": "#0"},
				"west": {"uv": [0, 0, 16, 16], "texture": "#0"},
				"up": {"uv": [4, 0, 16, 12], "texture": "#0"},
				"down": {"uv": [0, 0, 0.5, 0.5], "texture": "#0"}
			}
		},
		{
			"from": [6.1, 5.7, 6.3],
			"to": [9.9, 5.9, 9.7],
			"rotation": {"angle": 0, "axis": "y", "origin": [2.88, 0, 2.88]},
			"faces": {
				"north": {"uv": [0, 0, 16, 16], "texture": "#0"},
				"east": {"uv": [10, 0, 16, 8], "texture": "#0"},
				"south": {"uv": [0, 0, 16, 16], "texture": "#0"},
				"west": {"uv": [0, 0, 16, 16], "texture": "#0"},
				"up": {"uv": [4, 0, 16, 12], "texture": "#0"}
			}
		},
		{
			"from": [6.1, 5.6, 6.1],
			"to": [9.9, 5.8, 6.3],
			"rotation": {"angle": 0, "axis": "y", "origin": [2.88, 0, 2.88]},
			"faces": {
				"north": {"uv": [0, 0, 16, 16], "texture": "#0"},
				"east": {"uv": [10, 0, 16, 8], "texture": "#0"},
				"west": {"uv": [0, 0, 16, 16], "texture": "#0"},
				"up": {"uv": [4, 0, 16, 12], "texture": "#0"},
				"down": {"uv": [0, 0, 0.5, 0.5], "texture": "#0"}
			}
		},
		{
			"from": [6.1, 5.6, 9.7],
			"to": [9.9, 5.8, 9.9],
			"rotation": {"angle": 0, "axis": "y", "origin": [2.88, 0, 2.88]},
			"faces": {
				"east": {"uv": [10, 0, 16, 8], "texture": "#0"},
				"south": {"uv": [0, 0, 16, 16], "texture": "#0"},
				"west": {"uv": [0, 0, 16, 16], "texture": "#0"},
				"up": {"uv": [4, 0, 16, 12], "texture": "#0"},
				"down": {"uv": [0, 0, 0.5, 0.5], "texture": "#0"}
			}
		},
		{
			"from": [5.9, 5.6, 6.3],
			"to": [10.1, 5.8, 9.7],
			"rotation": {"angle": 0, "axis": "y", "origin": [2.88, 0, 2.88]},
			"faces": {
				"north": {"uv": [0, 0, 16, 16], "texture": "#0"},
				"east": {"uv": [10, 0, 16, 8], "texture": "#0"},
				"south": {"uv": [0, 0, 16, 16], "texture": "#0"},
				"west": {"uv": [0, 0, 16, 16], "texture": "#0"},
				"up": {"uv": [4, 0, 16, 12], "texture": "#0"},
				"down": {"uv": [0, 0, 0.5, 0.5], "texture": "#0"}
			}
		},
		{
			"from": [9.5, 2.4, 7],
			"to": [10, 5.6, 9],
			"rotation": {"angle": 0, "axis": "y", "origin": [2.88, 0, 2.88]},
			"faces": {
				"north": {"uv": [0, 0, 16, 16], "texture": "#0"},
				"east": {"uv": [0, 0, 16, 16], "texture": "#0"},
				"south": {"uv": [0, 0, 0.5, 0.5], "texture": "#0"},
				"west": {"uv": [0, 0, 16, 16], "texture": "#0"},
				"down": {"uv": [0, 0, 0.5, 0.5], "texture": "#0"}
			}
		},
		{
			"from": [9.5, 1.05, 7],
			"to": [9.75, 2.6, 9],
			"rotation": {"angle": 0, "axis": "y", "origin": [2.88, 0, 2.88]},
			"faces": {
				"north": {"uv": [0, 0, 16, 16], "texture": "#0"},
				"east": {"uv": [0, 0, 16, 16], "texture": "#0"},
				"south": {"uv": [0, 0, 0.5, 0.5], "texture": "#0"},
				"west": {"uv": [0, 0, 16, 16], "texture": "#0"},
				"down": {"uv": [0, 0, 0.5, 0.5], "texture": "#0"}
			}
		},
		{
			"from": [6.25, 1.05, 7],
			"to": [6.5, 2.6, 9],
			"rotation": {"angle": 0, "axis": "y", "origin": [2.88, 0, 2.88]},
			"faces": {
				"north": {"uv": [0, 0, 16, 16], "texture": "#0"},
				"east": {"uv": [0, 0, 0.5, 0.5], "texture": "#0"},
				"south": {"uv": [0, 0, 16, 16], "texture": "#0"},
				"west": {"uv": [0, 0, 16, 16], "texture": "#0"},
				"down": {"uv": [0, 0, 0.5, 0.5], "texture": "#0"}
			}
		},
		{
			"from": [7, 0.3, 6.5],
			"to": [9, 1.3, 7],
			"rotation": {"angle": 0, "axis": "y", "origin": [2.88, 0, 2.88]},
			"faces": {
				"north": {"uv": [0, 0, 16, 16], "texture": "#0"},
				"east": {"uv": [0, 0, 16, 16], "texture": "#0"},
				"south": {"uv": [0, 0, 0.5, 0.5], "texture": "#0"},
				"west": {"uv": [0, 0, 16, 16], "texture": "#0"},
				"up": {"uv": [0, 0, 0.5, 0.5], "texture": "#0"},
				"down": {"uv": [0, 0, 0.5, 0.5], "texture": "#0"}
			}
		},
		{
			"from": [7, 2.4, 6],
			"to": [9, 5.6, 6.5],
			"rotation": {"angle": 0, "axis": "y", "origin": [2.88, 0, 2.88]},
			"faces": {
				"north": {"uv": [0, 0, 16, 16], "texture": "#0"},
				"east": {"uv": [0, 0, 16, 16], "texture": "#0"},
				"south": {"uv": [0, 0, 0.5, 0.5], "texture": "#0"},
				"west": {"uv": [0, 0, 16, 16], "texture": "#0"},
				"down": {"uv": [0, 0, 0.5, 0.5], "texture": "#0"}
			}
		},
		{
			"from": [7, 0.3, 9],
			"to": [9, 1.3, 9.5],
			"rotation": {"angle": 0, "axis": "y", "origin": [2.88, 0, 2.88]},
			"faces": {
				"north": {"uv": [0, 0, 16, 16], "texture": "#0"},
				"east": {"uv": [0, 0, 16, 16], "texture": "#0"},
				"south": {"uv": [0, 0, 16, 16], "texture": "#0"},
				"west": {"uv": [0, 0, 16, 16], "texture": "#0"},
				"up": {"uv": [0, 0, 0.5, 0.5], "texture": "#0"},
				"down": {"uv": [0, 0, 0.5, 0.5], "texture": "#0"}
			}
		},
		{
			"from": [7, 1.05, 9.5],
			"to": [9, 2.6, 9.75],
			"rotation": {"angle": 0, "axis": "y", "origin": [2.88, 0, 2.88]},
			"faces": {
				"north": {"uv": [0, 0, 16, 16], "texture": "#0"},
				"east": {"uv": [0, 0, 16, 16], "texture": "#0"},
				"south": {"uv": [0, 0, 16, 16], "texture": "#0"},
				"west": {"uv": [0, 0, 16, 16], "texture": "#0"},
				"down": {"uv": [0, 0, 0.5, 0.5], "texture": "#0"}
			}
		},
		{
			"from": [7, 2.4, 9.5],
			"to": [9, 5.6, 10],
			"rotation": {"angle": 0, "axis": "y", "origin": [2.88, 0, 2.88]},
			"faces": {
				"north": {"uv": [0, 0, 16, 16], "texture": "#0"},
				"east": {"uv": [0, 0, 16, 16], "texture": "#0"},
				"south": {"uv": [0, 0, 16, 16], "texture": "#0"},
				"west": {"uv": [0, 0, 16, 16], "texture": "#0"},
				"down": {"uv": [0, 0, 0.5, 0.5], "texture": "#0"}
			}
		},
		{
			"from": [7, 1.05, 6.25],
			"to": [9, 2.6, 6.5],
			"rotation": {"angle": 0, "axis": "y", "origin": [2.88, 0, 2.88]},
			"faces": {
				"north": {"uv": [0, 0, 16, 16], "texture": "#0"},
				"east": {"uv": [0, 0, 16, 16], "texture": "#0"},
				"south": {"uv": [0, 0, 0.5, 0.5], "texture": "#0"},
				"west": {"uv": [0, 0, 16, 16], "texture": "#0"},
				"down": {"uv": [0, 0, 0.5, 0.5], "texture": "#0"}
			}
		},
		{
			"from": [6.7, 0.35, 6.7],
			"to": [7.15, 0.48, 7.15],
			"rotation": {"angle": 0, "axis": "y", "origin": [2.56, 0, 2.56]},
			"faces": {
				"north": {"uv": [0, 0, 16, 16], "texture": "#0"},
				"east": {"uv": [0, 0, 0.5, 0.5], "texture": "#0"},
				"south": {"uv": [0, 0, 0.5, 0.5], "texture": "#0"},
				"west": {"uv": [0, 0, 0.5, 0.5], "texture": "#0"},
				"up": {"uv": [0, 0, 0.5, 0.5], "texture": "#0"},
				"down": {"uv": [0, 0, 0.5, 0.5], "texture": "#0"}
			}
		},
		{
			"from": [6.64, 0.48, 6.64],
			"to": [7.14, 1.31, 7.14],
			"rotation": {"angle": 0, "axis": "y", "origin": [2.56, 0, 2.56]},
			"faces": {
				"north": {"uv": [0, 0, 16, 16], "texture": "#0"},
				"east": {"uv": [0, 0, 0.5, 0.5], "texture": "#0"},
				"south": {"uv": [0, 0, 0.5, 0.5], "texture": "#0"},
				"west": {"uv": [0, 0, 0.5, 0.5], "texture": "#0"},
				"down": {"uv": [0, 0, 0.5, 0.5], "texture": "#0"}
			}
		},
		{
			"from": [6.4, 1.55, 6.4],
			"to": [7, 2.85, 7],
			"rotation": {"angle": 0, "axis": "y", "origin": [2.56, 0, 2.56]},
			"faces": {
				"north": {"uv": [0, 0, 16, 16], "texture": "#0"},
				"east": {"uv": [0, 0, 0.5, 0.5], "texture": "#0"},
				"south": {"uv": [0, 0, 0.5, 0.5], "texture": "#0"},
				"west": {"uv": [0, 0, 0.5, 0.5], "texture": "#0"},
				"up": {"uv": [0, 0, 0.5, 0.5], "texture": "#0"},
				"down": {"uv": [0, 0, 0.5, 0.5], "texture": "#0"}
			}
		},
		{
			"from": [6.45, 2.6, 6.15],
			"to": [7.15, 5.6, 7.15],
			"rotation": {"angle": 0, "axis": "y", "origin": [2.56, 0, 2.56]},
			"faces": {
				"north": {"uv": [0, 0, 16, 16], "texture": "#0"},
				"west": {"uv": [0, 0, 0.5, 0.5], "texture": "#0"},
				"down": {"uv": [0, 0, 0.5, 0.5], "texture": "#0"}
			}
		},
		{
			"from": [6.15, 2.6, 6.45],
			"to": [7.15, 5.6, 7.15],
			"rotation": {"angle": 0, "axis": "y", "origin": [2.56, 0, 2.56]},
			"faces": {
				"north": {"uv": [0, 0, 16, 16], "texture": "#0"},
				"east": {"uv": [0, 0, 0.5, 0.5], "texture": "#0"},
				"south": {"uv": [0, 0, 0.5, 0.5], "texture": "#0"},
				"west": {"uv": [0, 0, 0.5, 0.5], "texture": "#0"},
				"down": {"uv": [0, 0, 0.5, 0.5], "texture": "#0"}
			}
		},
		{
			"from": [6.5, 1.2, 6.5],
			"to": [7.25, 2.2, 7.25],
			"rotation": {"angle": 0, "axis": "y", "origin": [2.56, 0, 2.56]},
			"faces": {
				"north": {"uv": [0, 0, 16, 16], "texture": "#0"},
				"east": {"uv": [0, 0, 0.5, 0.5], "texture": "#0"},
				"south": {"uv": [0, 0, 0.5, 0.5], "texture": "#0"},
				"west": {"uv": [0, 0, 0.5, 0.5], "texture": "#0"},
				"down": {"uv": [0, 0, 0.5, 0.5], "texture": "#0"}
			}
		},
		{
			"from": [6.5, 1.3, 6.5],
			"to": [7.25, 2.3, 7.25],
			"rotation": {"angle": 0, "axis": "y", "origin": [2.56, 0, 2.56]},
			"faces": {
				"east": {"uv": [0, 0, 0.5, 0.5], "texture": "#0"},
				"south": {"uv": [0, 0, 0.5, 0.5], "texture": "#0"},
				"up": {"uv": [0, 0, 0.5, 0.5], "texture": "#0"}
			}
		},
		{
			"from": [6.7, 0.35, 8.87],
			"to": [7.15, 0.48, 9.32],
			"rotation": {"angle": 0, "axis": "y", "origin": [2.56, 0, 2.56]},
			"faces": {
				"north": {"uv": [0, 0, 16, 16], "texture": "#0"},
				"east": {"uv": [0, 0, 0.5, 0.5], "texture": "#0"},
				"south": {"uv": [0, 0, 0.5, 0.5], "texture": "#0"},
				"west": {"uv": [0, 0, 0.5, 0.5], "texture": "#0"},
				"up": {"uv": [0, 0, 0.5, 0.5], "rotation": 270, "texture": "#0"},
				"down": {"uv": [0, 0, 0.5, 0.5], "rotation": 90, "texture": "#0"}
			}
		},
		{
			"from": [6.64, 0.48, 8.88],
			"to": [7.14, 1.31, 9.38],
			"rotation": {"angle": 0, "axis": "y", "origin": [2.56, 0, 2.56]},
			"faces": {
				"north": {"uv": [0, 0, 16, 16], "texture": "#0"},
				"east": {"uv": [0, 0, 0.5, 0.5], "texture": "#0"},
				"south": {"uv": [0, 0, 0.5, 0.5], "texture": "#0"},
				"west": {"uv": [0, 0, 0.5, 0.5], "texture": "#0"},
				"down": {"uv": [0, 0, 0.5, 0.5], "rotation": 90, "texture": "#0"}
			}
		},
		{
			"from": [6.4, 1.55, 9.02],
			"to": [7, 2.85, 9.62],
			"rotation": {"angle": 0, "axis": "y", "origin": [2.56, 0, 2.56]},
			"faces": {
				"north": {"uv": [0, 0, 16, 16], "texture": "#0"},
				"east": {"uv": [0, 0, 0.5, 0.5], "texture": "#0"},
				"south": {"uv": [0, 0, 0.5, 0.5], "texture": "#0"},
				"west": {"uv": [0, 0, 0.5, 0.5], "texture": "#0"},
				"up": {"uv": [0, 0, 0.5, 0.5], "rotation": 270, "texture": "#0"},
				"down": {"uv": [0, 0, 0.5, 0.5], "rotation": 90, "texture": "#0"}
			}
		},
		{
			"from": [6.15, 2.6, 8.87],
			"to": [7.15, 5.6, 9.57],
			"rotation": {"angle": 0, "axis": "y", "origin": [2.56, 0, 2.56]},
			"faces": {
				"south": {"uv": [0, 0, 16, 16], "texture": "#0"},
				"west": {"uv": [0, 0, 0.5, 0.5], "texture": "#0"},
				"down": {"uv": [0, 0, 0.5, 0.5], "rotation": 90, "texture": "#0"}
			}
		},
		{
			"from": [6.45, 2.6, 8.87],
			"to": [7.15, 5.6, 9.87],
			"rotation": {"angle": 0, "axis": "y", "origin": [2.56, 0, 2.56]},
			"faces": {
				"north": {"uv": [0, 0, 16, 16], "texture": "#0"},
				"east": {"uv": [0, 0, 0.5, 0.5], "texture": "#0"},
				"south": {"uv": [0, 0, 16, 16], "texture": "#0"},
				"west": {"uv": [0, 0, 0.5, 0.5], "texture": "#0"},
				"down": {"uv": [0, 0, 0.5, 0.5], "rotation": 90, "texture": "#0"}
			}
		},
		{
			"from": [6.5, 1.2, 8.77],
			"to": [7.25, 2.2, 9.52],
			"rotation": {"angle": 0, "axis": "y", "origin": [2.56, 0, 2.56]},
			"faces": {
				"north": {"uv": [0, 0, 16, 16], "texture": "#0"},
				"east": {"uv": [0, 0, 0.5, 0.5], "texture": "#0"},
				"south": {"uv": [0, 0, 0.5, 0.5], "texture": "#0"},
				"west": {"uv": [0, 0, 0.5, 0.5], "texture": "#0"},
				"down": {"uv": [0, 0, 0.5, 0.5], "rotation": 90, "texture": "#0"}
			}
		},
		{
			"from": [6.5, 1.3, 8.77],
			"to": [7.25, 2.3, 9.52],
			"rotation": {"angle": 0, "axis": "y", "origin": [2.56, 0, 2.56]},
			"faces": {
				"north": {"uv": [0, 0, 16, 16], "texture": "#0"},
				"east": {"uv": [0, 0, 0.5, 0.5], "texture": "#0"},
				"west": {"uv": [0, 0, 0.5, 0.5], "texture": "#0"},
				"up": {"uv": [0, 0, 0.5, 0.5], "rotation": 270, "texture": "#0"}
			}
		},
		{
			"from": [8.87, 0.35, 8.87],
			"to": [9.32, 0.48, 9.32],
			"rotation": {"angle": 0, "axis": "y", "origin": [2.56, 0, 2.56]},
			"faces": {
				"north": {"uv": [0, 0, 16, 16], "texture": "#0"},
				"east": {"uv": [0, 0, 0.5, 0.5], "texture": "#0"},
				"south": {"uv": [0, 0, 0.5, 0.5], "texture": "#0"},
				"west": {"uv": [0, 0, 0.5, 0.5], "texture": "#0"},
				"up": {"uv": [0, 0, 0.5, 0.5], "rotation": 180, "texture": "#0"},
				"down": {"uv": [0, 0, 0.5, 0.5], "rotation": 180, "texture": "#0"}
			}
		},
		{
			"from": [8.88, 0.48, 8.88],
			"to": [9.38, 1.31, 9.38],
			"rotation": {"angle": 0, "axis": "y", "origin": [2.56, 0, 2.56]},
			"faces": {
				"north": {"uv": [0, 0, 16, 16], "texture": "#0"},
				"east": {"uv": [0, 0, 0.5, 0.5], "texture": "#0"},
				"south": {"uv": [0, 0, 0.5, 0.5], "texture": "#0"},
				"west": {"uv": [0, 0, 0.5, 0.5], "texture": "#0"},
				"down": {"uv": [0, 0, 0.5, 0.5], "rotation": 180, "texture": "#0"}
			}
		},
		{
			"from": [9.02, 1.55, 9.02],
			"to": [9.62, 2.85, 9.62],
			"rotation": {"angle": 0, "axis": "y", "origin": [2.56, 0, 2.56]},
			"faces": {
				"north": {"uv": [0, 0, 16, 16], "texture": "#0"},
				"east": {"uv": [0, 0, 16, 16], "texture": "#0"},
				"south": {"uv": [0, 0, 16, 16], "texture": "#0"},
				"west": {"uv": [0, 0, 0.5, 0.5], "texture": "#0"},
				"up": {"uv": [0, 0, 0.5, 0.5], "rotation": 180, "texture": "#0"}
			}
		},
		{
			"from": [9.02, 1.55, 9.02],
			"to": [9.62, 2.05, 9.62],
			"rotation": {"angle": 0, "axis": "y", "origin": [2.56, 0, 2.56]},
			"faces": {
				"down": {"uv": [0, 0, 0.5, 0.5], "rotation": 180, "texture": "#0"}
			}
		},
		{
			"from": [8.87, 2.6, 8.87],
			"to": [9.57, 5.6, 9.87],
			"rotation": {"angle": 0, "axis": "y", "origin": [2.56, 0, 2.56]},
			"faces": {
				"east": {"uv": [0, 0, 16, 16], "texture": "#0"},
				"south": {"uv": [0, 0, 16, 16], "texture": "#0"},
				"down": {"uv": [0, 0, 0.5, 0.5], "rotation": 180, "texture": "#0"}
			}
		},
		{
			"from": [8.87, 2.6, 8.87],
			"to": [9.87, 5.6, 9.57],
			"rotation": {"angle": 0, "axis": "y", "origin": [2.56, 0, 2.56]},
			"faces": {
				"north": {"uv": [0, 0, 16, 16], "texture": "#0"},
				"east": {"uv": [0, 0, 16, 16], "texture": "#0"},
				"south": {"uv": [0, 0, 16, 16], "texture": "#0"},
				"west": {"uv": [0, 0, 0.5, 0.5], "texture": "#0"},
				"down": {"uv": [0, 0, 0.5, 0.5], "rotation": 180, "texture": "#0"}
			}
		},
		{
			"from": [8.77, 1.2, 8.77],
			"to": [9.52, 2.2, 9.52],
			"rotation": {"angle": 0, "axis": "y", "origin": [2.56, 0, 2.56]},
			"faces": {
				"north": {"uv": [0, 0, 16, 16], "texture": "#0"},
				"east": {"uv": [0, 0, 16, 16], "texture": "#0"},
				"south": {"uv": [0, 0, 16, 16], "texture": "#0"},
				"west": {"uv": [0, 0, 0.5, 0.5], "texture": "#0"},
				"down": {"uv": [0, 0, 0.5, 0.5], "rotation": 180, "texture": "#0"}
			}
		},
		{
			"from": [8.77, 1.3, 8.77],
			"to": [9.52, 2.3, 9.52],
			"rotation": {"angle": 0, "axis": "y", "origin": [2.56, 0, 2.56]},
			"faces": {
				"north": {"uv": [0, 0, 16, 16], "texture": "#0"},
				"east": {"uv": [0, 0, 0.5, 0.5], "texture": "#0"},
				"south": {"uv": [0, 0, 0.5, 0.5], "texture": "#0"},
				"west": {"uv": [0, 0, 0.5, 0.5], "texture": "#0"},
				"up": {"uv": [0, 0, 0.5, 0.5], "rotation": 180, "texture": "#0"}
			}
		},
		{
			"from": [8.87, 0.35, 6.7],
			"to": [9.32, 0.48, 7.15],
			"rotation": {"angle": 0, "axis": "y", "origin": [2.56, 0, 2.56]},
			"faces": {
				"north": {"uv": [0, 0, 16, 16], "texture": "#0"},
				"east": {"uv": [0, 0, 0.5, 0.5], "texture": "#0"},
				"south": {"uv": [0, 0, 0.5, 0.5], "texture": "#0"},
				"west": {"uv": [0, 0, 0.5, 0.5], "texture": "#0"},
				"up": {"uv": [0, 0, 0.5, 0.5], "rotation": 90, "texture": "#0"},
				"down": {"uv": [0, 0, 0.5, 0.5], "rotation": 270, "texture": "#0"}
			}
		},
		{
			"from": [8.88, 0.48, 6.64],
			"to": [9.38, 1.31, 7.14],
			"rotation": {"angle": 0, "axis": "y", "origin": [2.56, 0, 2.56]},
			"faces": {
				"north": {"uv": [0, 0, 16, 16], "texture": "#0"},
				"east": {"uv": [0, 0, 0.5, 0.5], "texture": "#0"},
				"south": {"uv": [0, 0, 0.5, 0.5], "texture": "#0"},
				"west": {"uv": [0, 0, 0.5, 0.5], "texture": "#0"},
				"down": {"uv": [0, 0, 0.5, 0.5], "rotation": 270, "texture": "#0"}
			}
		},
		{
			"from": [9.02, 1.55, 6.4],
			"to": [9.62, 2.85, 7],
			"rotation": {"angle": 0, "axis": "y", "origin": [2.56, 0, 2.56]},
			"faces": {
				"north": {"uv": [0, 0, 16, 16], "texture": "#0"},
				"east": {"uv": [0, 0, 0.5, 0.5], "texture": "#0"},
				"south": {"uv": [0, 0, 0.5, 0.5], "texture": "#0"},
				"west": {"uv": [0, 0, 0.5, 0.5], "texture": "#0"},
				"up": {"uv": [0, 0, 0.5, 0.5], "rotation": 90, "texture": "#0"},
				"down": {"uv": [0, 0, 0.5, 0.5], "rotation": 270, "texture": "#0"}
			}
		},
		{
			"from": [8.87, 2.6, 6.45],
			"to": [9.87, 5.6, 7.15],
			"rotation": {"angle": 0, "axis": "y", "origin": [2.56, 0, 2.56]},
			"faces": {
				"north": {"uv": [0, 0, 16, 16], "texture": "#0"},
				"east": {"uv": [0, 0, 16, 16], "texture": "#0"},
				"down": {"uv": [0, 0, 0.5, 0.5], "rotation": 270, "texture": "#0"}
			}
		},
		{
			"from": [8.87, 2.6, 6.15],
			"to": [9.57, 5.6, 7.15],
			"rotation": {"angle": 0, "axis": "y", "origin": [2.56, 0, 2.56]},
			"faces": {
				"north": {"uv": [0, 0, 16, 16], "texture": "#0"},
				"east": {"uv": [0, 0, 16, 16], "texture": "#0"},
				"south": {"uv": [0, 0, 0.5, 0.5], "texture": "#0"},
				"west": {"uv": [0, 0, 0.5, 0.5], "texture": "#0"},
				"down": {"uv": [0, 0, 0.5, 0.5], "rotation": 270, "texture": "#0"}
			}
		},
		{
			"from": [8.77, 1.2, 6.5],
			"to": [9.52, 2.2, 7.25],
			"rotation": {"angle": 0, "axis": "y", "origin": [2.56, 0, 2.56]},
			"faces": {
				"north": {"uv": [0, 0, 16, 16], "texture": "#0"},
				"east": {"uv": [0, 0, 16, 16], "texture": "#0"},
				"south": {"uv": [0, 0, 0.5, 0.5], "texture": "#0"},
				"west": {"uv": [0, 0, 0.5, 0.5], "texture": "#0"},
				"down": {"uv": [0, 0, 0.5, 0.5], "rotation": 270, "texture": "#0"}
			}
		},
		{
			"from": [8.77, 1.3, 6.5],
			"to": [9.52, 2.3, 7.25],
			"rotation": {"angle": 0, "axis": "y", "origin": [2.56, 0, 2.56]},
			"faces": {
				"north": {"uv": [0, 0, 16, 16], "texture": "#0"},
				"south": {"uv": [0, 0, 0.5, 0.5], "texture": "#0"},
				"west": {"uv": [0, 0, 0.5, 0.5], "texture": "#0"},
				"up": {"uv": [0, 0, 0.5, 0.5], "rotation": 90, "texture": "#0"}
			}
		},
		{
			"from": [7.4, 3.1, 5.9],
			"to": [7.9, 3.2, 6],
			"rotation": {"angle": 0, "axis": "y", "origin": [2.88, 0, 2.88]},
			"faces": {
				"north": {"uv": [0, 0, 0.5, 0.5], "texture": "#1"},
				"east": {"uv": [0, 0, 0.5, 0.5], "texture": "#1"},
				"west": {"uv": [0, 0, 0.5, 0.5], "texture": "#1"},
				"up": {"uv": [0, 0, 0.5, 0.5], "texture": "#1"},
				"down": {"uv": [0, 0, 0.5, 0.5], "texture": "#1"}
			}
		},
		{
			"from": [7.5, 3, 5.9],
			"to": [8.5, 3.1, 6],
			"rotation": {"angle": 0, "axis": "y", "origin": [2.88, 0, 2.88]},
			"faces": {
				"north": {"uv": [0, 0, 0.5, 0.5], "texture": "#1"},
				"east": {"uv": [0, 0, 0.5, 0.5], "texture": "#1"},
				"west": {"uv": [0, 0, 0.5, 0.5], "texture": "#1"},
				"up": {"uv": [0, 0, 0.5, 0.5], "texture": "#1"},
				"down": {"uv": [0, 0, 0.5, 0.5], "texture": "#1"}
			}
		},
		{
			"from": [8.1, 3.1, 5.9],
			"to": [8.6, 3.2, 6],
			"rotation": {"angle": 0, "axis": "y", "origin": [2.88, 0, 2.88]},
			"faces": {
				"north": {"uv": [0, 0, 0.5, 0.5], "texture": "#1"},
				"east": {"uv": [0, 0, 0.5, 0.5], "texture": "#1"},
				"west": {"uv": [0, 0, 0.5, 0.5], "texture": "#1"},
				"up": {"uv": [0, 0, 0.5, 0.5], "texture": "#1"},
				"down": {"uv": [0, 0, 0.5, 0.5], "texture": "#1"}
			}
		},
		{
			"from": [8.2, 3.2, 5.9],
			"to": [8.6, 3.3, 6],
			"rotation": {"angle": 0, "axis": "y", "origin": [2.88, 0, 2.88]},
			"faces": {
				"north": {"uv": [0, 0, 0.5, 0.5], "texture": "#1"},
				"west": {"uv": [0, 0, 0.5, 0.5], "texture": "#1"},
				"up": {"uv": [0, 0, 0.5, 0.5], "texture": "#1"}
			}
		},
		{
			"from": [8.6, 3.2, 5.9],
			"to": [8.7, 4.3, 6],
			"rotation": {"angle": 0, "axis": "y", "origin": [2.88, 0, 2.88]},
			"faces": {
				"north": {"uv": [0, 0, 0.5, 0.5], "texture": "#1"},
				"east": {"uv": [0, 0, 0.5, 0.5], "texture": "#1"},
				"west": {"uv": [0, 0, 0.5, 0.5], "texture": "#1"},
				"up": {"uv": [0, 0, 0.5, 0.5], "texture": "#1"},
				"down": {"uv": [0, 0, 0.5, 0.5], "texture": "#1"}
			}
		},
		{
			"from": [8.5, 3.3, 5.9],
			"to": [8.6, 3.4, 6],
			"rotation": {"angle": 0, "axis": "y", "origin": [2.88, 0, 2.88]},
			"faces": {
				"north": {"uv": [0, 0, 0.5, 0.5], "texture": "#1"},
				"west": {"uv": [0, 0, 0.5, 0.5], "texture": "#1"},
				"up": {"uv": [0, 0, 0.5, 0.5], "texture": "#1"}
			}
		},
		{
			"from": [8.2, 3.4, 5.9],
			"to": [8.5, 3.5, 6],
			"rotation": {"angle": 0, "axis": "y", "origin": [2.88, 0, 2.88]},
			"faces": {
				"north": {"uv": [0, 0, 0.5, 0.5], "texture": "#1"},
				"east": {"uv": [0, 0, 0.5, 0.5], "texture": "#1"},
				"west": {"uv": [0, 0, 0.5, 0.5], "texture": "#1"},
				"up": {"uv": [0, 0, 0.5, 0.5], "texture": "#1"},
				"down": {"uv": [0, 0, 0.5, 0.5], "texture": "#1"}
			}
		},
		{
			"from": [8.2, 3.6, 5.9],
			"to": [8.4, 3.8, 6],
			"rotation": {"angle": 0, "axis": "y", "origin": [2.88, 0, 2.88]},
			"faces": {
				"north": {"uv": [0, 0, 0.5, 0.5], "texture": "#1"},
				"east": {"uv": [0, 0, 0.5, 0.5], "texture": "#1"},
				"west": {"uv": [0, 0, 0.5, 0.5], "texture": "#1"},
				"up": {"uv": [0, 0, 0.5, 0.5], "texture": "#1"},
				"down": {"uv": [0, 0, 0.5, 0.5], "texture": "#1"}
			}
		},
		{
			"from": [8.3, 3.5, 5.9],
			"to": [8.4, 3.6, 6],
			"rotation": {"angle": 0, "axis": "y", "origin": [2.88, 0, 2.88]},
			"faces": {
				"north": {"uv": [0, 0, 0.5, 0.5], "texture": "#1"},
				"east": {"uv": [0, 0, 0.5, 0.5], "texture": "#1"},
				"west": {"uv": [0, 0, 0.5, 0.5], "texture": "#1"}
			}
		},
		{
			"from": [8.1, 3.3, 5.9],
			"to": [8.4, 3.4, 6],
			"rotation": {"angle": 0, "axis": "y", "origin": [2.88, 0, 2.88]},
			"faces": {
				"north": {"uv": [0, 0, 0.5, 0.5], "texture": "#1"},
				"east": {"uv": [0, 0, 0.5, 0.5], "texture": "#1"},
				"west": {"uv": [0, 0, 0.5, 0.5], "texture": "#1"},
				"up": {"uv": [0, 0, 0.5, 0.5], "texture": "#1"},
				"down": {"uv": [0, 0, 0.5, 0.5], "texture": "#1"}
			}
		},
		{
			"from": [8.2, 3.8, 5.9],
			"to": [8.3, 4, 6],
			"rotation": {"angle": 0, "axis": "y", "origin": [2.88, 0, 2.88]},
			"faces": {
				"north": {"uv": [0, 0, 0.5, 0.5], "texture": "#1"},
				"east": {"uv": [0, 0, 0.5, 0.5], "texture": "#1"},
				"west": {"uv": [0, 0, 0.5, 0.5], "texture": "#1"}
			}
		},
		{
			"from": [8.1, 4, 5.9],
			"to": [8.3, 4.1, 6],
			"rotation": {"angle": 0, "axis": "y", "origin": [2.88, 0, 2.88]},
			"faces": {
				"north": {"uv": [0, 0, 0.5, 0.5], "texture": "#1"},
				"east": {"uv": [0, 0, 0.5, 0.5], "texture": "#1"},
				"west": {"uv": [0, 0, 0.5, 0.5], "texture": "#1"},
				"up": {"uv": [0, 0, 0.5, 0.5], "texture": "#1"},
				"down": {"uv": [0, 0, 0.5, 0.5], "texture": "#1"}
			}
		},
		{
			"from": [8.2, 4.1, 5.9],
			"to": [8.6, 4.2, 6],
			"rotation": {"angle": 0, "axis": "y", "origin": [2.88, 0, 2.88]},
			"faces": {
				"north": {"uv": [0, 0, 0.5, 0.5], "texture": "#1"},
				"west": {"uv": [0, 0, 0.5, 0.5], "texture": "#1"},
				"up": {"uv": [0, 0, 0.5, 0.5], "texture": "#1"},
				"down": {"uv": [0, 0, 0.5, 0.5], "texture": "#1"}
			}
		},
		{
			"from": [8.4, 3.9, 5.9],
			"to": [8.6, 4, 6],
			"rotation": {"angle": 0, "axis": "y", "origin": [2.88, 0, 2.88]},
			"faces": {
				"north": {"uv": [0, 0, 0.5, 0.5], "texture": "#1"},
				"west": {"uv": [0, 0, 0.5, 0.5], "texture": "#1"},
				"up": {"uv": [0, 0, 0.5, 0.5], "texture": "#1"},
				"down": {"uv": [0, 0, 0.5, 0.5], "texture": "#1"}
			}
		},
		{
			"from": [8.5, 4, 5.9],
			"to": [8.6, 4.1, 6],
			"rotation": {"angle": 0, "axis": "y", "origin": [2.88, 0, 2.88]},
			"faces": {
				"north": {"uv": [0, 0, 0.5, 0.5], "texture": "#1"},
				"west": {"uv": [0, 0, 0.5, 0.5], "texture": "#1"}
			}
		},
		{
			"from": [8.5, 3.8, 5.9],
			"to": [8.6, 3.9, 6],
			"rotation": {"angle": 0, "axis": "y", "origin": [2.88, 0, 2.88]},
			"faces": {
				"north": {"uv": [0, 0, 0.5, 0.5], "texture": "#1"},
				"west": {"uv": [0, 0, 0.5, 0.5], "texture": "#1"},
				"down": {"uv": [0, 0, 0.5, 0.5], "texture": "#1"}
			}
		},
		{
			"from": [8.3, 4.2, 5.9],
			"to": [8.6, 4.3, 6],
			"rotation": {"angle": 0, "axis": "y", "origin": [2.88, 0, 2.88]},
			"faces": {
				"north": {"uv": [0, 0, 0.5, 0.5], "texture": "#1"},
				"west": {"uv": [0, 0, 0.5, 0.5], "texture": "#1"}
			}
		},
		{
			"from": [7.5, 4.4, 5.9],
			"to": [8.5, 4.5, 6],
			"rotation": {"angle": 0, "axis": "y", "origin": [2.88, 0, 2.88]},
			"faces": {
				"north": {"uv": [0, 0, 0.5, 0.5], "texture": "#1"},
				"east": {"uv": [0, 0, 0.5, 0.5], "texture": "#1"},
				"west": {"uv": [0, 0, 0.5, 0.5], "texture": "#1"},
				"up": {"uv": [0, 0, 0.5, 0.5], "texture": "#1"},
				"down": {"uv": [0, 0, 0.5, 0.5], "texture": "#1"}
			}
		},
		{
			"from": [8.3, 4.3, 5.9],
			"to": [8.6, 4.4, 6],
			"rotation": {"angle": 0, "axis": "y", "origin": [2.88, 0, 2.88]},
			"faces": {
				"north": {"uv": [0, 0, 0.5, 0.5], "texture": "#1"},
				"east": {"uv": [0, 0, 0.5, 0.5], "texture": "#1"},
				"west": {"uv": [0, 0, 0.5, 0.5], "texture": "#1"},
				"up": {"uv": [0, 0, 0.5, 0.5], "texture": "#1"}
			}
		},
		{
			"from": [8.1, 4.3, 5.9],
			"to": [8.2, 4.4, 6],
			"rotation": {"angle": 0, "axis": "y", "origin": [2.88, 0, 2.88]},
			"faces": {
				"north": {"uv": [0, 0, 0.5, 0.5], "texture": "#1"},
				"east": {"uv": [0, 0, 0.5, 0.5], "texture": "#1"},
				"west": {"uv": [0, 0, 0.5, 0.5], "texture": "#1"},
				"down": {"uv": [0, 0, 0.5, 0.5], "texture": "#1"}
			}
		},
		{
			"from": [7.8, 4.3, 5.9],
			"to": [7.9, 4.4, 6],
			"rotation": {"angle": 0, "axis": "y", "origin": [2.88, 0, 2.88]},
			"faces": {
				"north": {"uv": [0, 0, 0.5, 0.5], "texture": "#1"},
				"east": {"uv": [0, 0, 0.5, 0.5], "texture": "#1"},
				"west": {"uv": [0, 0, 0.5, 0.5], "texture": "#1"},
				"down": {"uv": [0, 0, 0.5, 0.5], "texture": "#1"}
			}
		},
		{
			"from": [7.4, 4.2, 5.9],
			"to": [7.7, 4.3, 6],
			"rotation": {"angle": 0, "axis": "y", "origin": [2.88, 0, 2.88]},
			"faces": {
				"north": {"uv": [0, 0, 0.5, 0.5], "texture": "#1"},
				"east": {"uv": [0, 0, 0.5, 0.5], "texture": "#1"}
			}
		},
		{
			"from": [7.4, 4.3, 5.9],
			"to": [7.7, 4.4, 6],
			"rotation": {"angle": 0, "axis": "y", "origin": [2.88, 0, 2.88]},
			"faces": {
				"north": {"uv": [0, 0, 0.5, 0.5], "texture": "#1"},
				"east": {"uv": [0, 0, 0.5, 0.5], "texture": "#1"},
				"west": {"uv": [0, 0, 0.5, 0.5], "texture": "#1"},
				"up": {"uv": [0, 0, 0.5, 0.5], "texture": "#1"}
			}
		},
		{
			"from": [7.3, 3.2, 5.9],
			"to": [7.4, 4.3, 6],
			"rotation": {"angle": 0, "axis": "y", "origin": [2.88, 0, 2.88]},
			"faces": {
				"north": {"uv": [0, 0, 0.5, 0.5], "texture": "#1"},
				"east": {"uv": [0, 0, 0.5, 0.5], "texture": "#1"},
				"west": {"uv": [0, 0, 0.5, 0.5], "texture": "#1"},
				"up": {"uv": [0, 0, 0.5, 0.5], "texture": "#1"},
				"down": {"uv": [0, 0, 0.5, 0.5], "texture": "#1"}
			}
		},
		{
			"from": [7.4, 4, 5.9],
			"to": [7.5, 4.1, 6],
			"rotation": {"angle": 0, "axis": "y", "origin": [2.88, 0, 2.88]},
			"faces": {
				"north": {"uv": [0, 0, 0.5, 0.5], "texture": "#1"},
				"east": {"uv": [0, 0, 0.5, 0.5], "texture": "#1"}
			}
		},
		{
			"from": [7.4, 4.1, 5.9],
			"to": [7.8, 4.2, 6],
			"rotation": {"angle": 0, "axis": "y", "origin": [2.88, 0, 2.88]},
			"faces": {
				"north": {"uv": [0, 0, 0.5, 0.5], "texture": "#1"},
				"east": {"uv": [0, 0, 0.5, 0.5], "texture": "#1"},
				"up": {"uv": [0, 0, 0.5, 0.5], "texture": "#1"},
				"down": {"uv": [0, 0, 0.5, 0.5], "texture": "#1"}
			}
		},
		{
			"from": [7.7, 4, 5.9],
			"to": [7.9, 4.1, 6],
			"rotation": {"angle": 0, "axis": "y", "origin": [2.88, 0, 2.88]},
			"faces": {
				"north": {"uv": [0, 0, 0.5, 0.5], "texture": "#1"},
				"east": {"uv": [0, 0, 0.5, 0.5], "texture": "#1"},
				"west": {"uv": [0, 0, 0.5, 0.5], "texture": "#1"},
				"up": {"uv": [0, 0, 0.5, 0.5], "texture": "#1"},
				"down": {"uv": [0, 0, 0.5, 0.5], "texture": "#1"}
			}
		},
		{
			"from": [7.7, 3.8, 5.9],
			"to": [7.8, 4, 6],
			"rotation": {"angle": 0, "axis": "y", "origin": [2.88, 0, 2.88]},
			"faces": {
				"north": {"uv": [0, 0, 0.5, 0.5], "texture": "#1"},
				"east": {"uv": [0, 0, 0.5, 0.5], "texture": "#1"},
				"west": {"uv": [0, 0, 0.5, 0.5], "texture": "#1"}
			}
		},
		{
			"from": [7.6, 3.6, 5.9],
			"to": [7.8, 3.8, 6],
			"rotation": {"angle": 0, "axis": "y", "origin": [2.88, 0, 2.88]},
			"faces": {
				"north": {"uv": [0, 0, 0.5, 0.5], "texture": "#1"},
				"east": {"uv": [0, 0, 0.5, 0.5], "texture": "#1"},
				"west": {"uv": [0, 0, 0.5, 0.5], "texture": "#1"},
				"up": {"uv": [0, 0, 0.5, 0.5], "texture": "#1"},
				"down": {"uv": [0, 0, 0.5, 0.5], "texture": "#1"}
			}
		},
		{
			"from": [7.6, 3.5, 5.9],
			"to": [7.7, 3.6, 6],
			"rotation": {"angle": 0, "axis": "y", "origin": [2.88, 0, 2.88]},
			"faces": {
				"north": {"uv": [0, 0, 0.5, 0.5], "texture": "#1"},
				"east": {"uv": [0, 0, 0.5, 0.5], "texture": "#1"},
				"west": {"uv": [0, 0, 0.5, 0.5], "texture": "#1"}
			}
		},
		{
			"from": [7.5, 3.4, 5.9],
			"to": [7.8, 3.5, 6],
			"rotation": {"angle": 0, "axis": "y", "origin": [2.88, 0, 2.88]},
			"faces": {
				"north": {"uv": [0, 0, 0.5, 0.5], "texture": "#1"},
				"east": {"uv": [0, 0, 0.5, 0.5], "texture": "#1"},
				"west": {"uv": [0, 0, 0.5, 0.5], "texture": "#1"},
				"up": {"uv": [0, 0, 0.5, 0.5], "texture": "#1"},
				"down": {"uv": [0, 0, 0.5, 0.5], "texture": "#1"}
			}
		},
		{
			"from": [7.6, 3.3, 5.9],
			"to": [7.9, 3.4, 6],
			"rotation": {"angle": 0, "axis": "y", "origin": [2.88, 0, 2.88]},
			"faces": {
				"north": {"uv": [0, 0, 0.5, 0.5], "texture": "#1"},
				"east": {"uv": [0, 0, 0.5, 0.5], "texture": "#1"},
				"west": {"uv": [0, 0, 0.5, 0.5], "texture": "#1"},
				"up": {"uv": [0, 0, 0.5, 0.5], "texture": "#1"},
				"down": {"uv": [0, 0, 0.5, 0.5], "texture": "#1"}
			}
		},
		{
			"from": [7.4, 3.2, 5.9],
			"to": [7.8, 3.3, 6],
			"rotation": {"angle": 0, "axis": "y", "origin": [2.88, 0, 2.88]},
			"faces": {
				"north": {"uv": [0, 0, 0.5, 0.5], "texture": "#1"},
				"east": {"uv": [0, 0, 0.5, 0.5], "texture": "#1"},
				"up": {"uv": [0, 0, 0.5, 0.5], "texture": "#1"}
			}
		},
		{
			"from": [7.4, 3.3, 5.9],
			"to": [7.5, 3.4, 6],
			"rotation": {"angle": 0, "axis": "y", "origin": [2.88, 0, 2.88]},
			"faces": {
				"north": {"uv": [0, 0, 0.5, 0.5], "texture": "#1"},
				"east": {"uv": [0, 0, 0.5, 0.5], "texture": "#1"},
				"up": {"uv": [0, 0, 0.5, 0.5], "texture": "#1"}
			}
		},
		{
			"from": [7.4, 3.8, 5.9],
			"to": [7.5, 3.9, 6],
			"rotation": {"angle": 0, "axis": "y", "origin": [2.88, 0, 2.88]},
			"faces": {
				"north": {"uv": [0, 0, 0.5, 0.5], "texture": "#1"},
				"east": {"uv": [0, 0, 0.5, 0.5], "texture": "#1"},
				"down": {"uv": [0, 0, 0.5, 0.5], "texture": "#1"}
			}
		},
		{
			"from": [7.4, 3.9, 5.9],
			"to": [7.6, 4, 6],
			"rotation": {"angle": 0, "axis": "y", "origin": [2.88, 0, 2.88]},
			"faces": {
				"north": {"uv": [0, 0, 0.5, 0.5], "texture": "#1"},
				"east": {"uv": [0, 0, 0.5, 0.5], "texture": "#1"},
				"up": {"uv": [0, 0, 0.5, 0.5], "texture": "#1"},
				"down": {"uv": [0, 0, 0.5, 0.5], "texture": "#1"}
			}
		}
	],
	"display": {
		"thirdperson_righthand": {
			"rotation": [23.5, 0, 0],
			"translation": [0, 4.5, 1.25]
		},
		"firstperson_righthand": {
			"translation": [0, 5.75, 0]
		},
		"firstperson_lefthand": {
			"translation": [0, 5.75, 0]
		},
		"ground": {
			"translation": [0, 4, 0]
		},
		"gui": {
			"rotation": [0, 148, 0],
			"translation": [0.5, 6.75, 0],
			"scale": [1.61, 1.59, 1.61]
		},
		"head": {
			"translation": [0, 14, 0],
			"scale": [1, 1.24, 1]
		}
	},
	"groups": [0, 1, 2, 3, 4, 5, 6, 7, 8, 9, 10, 11, 12, 13, 14, 15, 16, 17, 18, 19, 20, 21, 22, 23, 24, 25, 26, 27, 28,
		{
			"name": "group",
			"origin": [2.56, 0, 2.56],
			"children": [29, 30, 31, 32, 33, 34, 35]
		},
		{
			"name": "group",
			"origin": [2.56, 0, 2.56],
			"children": [36, 37, 38, 39, 40, 41, 42]
		},
		{
			"name": "group",
			"origin": [2.56, 0, 2.56],
			"children": [43, 44, 45, 46, 47, 48, 49, 50]
		},
		{
			"name": "group",
			"origin": [2.56, 0, 2.56],
			"children": [51, 52, 53, 54, 55, 56, 57]
		},
		{
			"name": "group",
			"origin": [2.88, 0, 2.88],
			"children": [58, 59, 60, 61, 62, 63, 64, 65, 66, 67, 68, 69, 70, 71, 72, 73, 74, 75, 76, 77, 78, 79, 80, 81, 82, 83, 84, 85, 86, 87, 88, 89, 90, 91, 92, 93]
		}
	]
}