{
	"credit": "Minebreak",
	"parent": "minebreak/misc/tables",
	"textures": {
		"particle": "minecraft:minebreak/misc/bin_gray2",
		"main": "minecraft:minebreak/misc/bin_gray2"
	},
	"elements": [
		{
			"name": "body",
			"from": [-0.1, 0, -0.1],
			"to": [16.1, 22, 16.1],
			"faces": {
				"north": {"uv": [8.33333, 0.66667, 13.66667, 8], "texture": "#main"},
				"east": {"uv": [8.33333, 0.66667, 13.66667, 8], "texture": "#main"},
				"south": {"uv": [8.33333, 0.66667, 13.66667, 8], "texture": "#main"},
				"west": {"uv": [8.33333, 0.66667, 13.66667, 8], "texture": "#main"},
				"down": {"uv": [0.66667, 9.66667, 6, 15], "texture": "#main", "cullface": "down"}
			}
		},
		{
			"name": "top",
			"from": [-1, 21.1, -1],
			"to": [17, 24.1, 17],
			"rotation": {"angle": 0, "axis": "y", "origin": [8, 31, 8]},
			"faces": {
				"north": {"uv": [0.66667, 7.33333, 6, 8.33333], "texture": "#main"},
				"east": {"uv": [0.66667, 7.33333, 6, 8.33333], "texture": "#main"},
				"south": {"uv": [0.66667, 7.33333, 6, 8.33333], "texture": "#main"},
				"west": {"uv": [0.66667, 7.33333, 6, 8.33333], "texture": "#main"},
				"up": {"uv": [0.66667, 9.66667, 6, 15], "texture": "#main"},
				"down": {"uv": [0.66667, 9.66667, 6, 15], "texture": "#main"}
			}
		}
	]
}