{
	"credit": "MineBreak",
	"textures": {
		"0": "minecraft:minebreak/misc/rope",
		"particle": "minecraft:minebreak/misc/rope"
	},
	"elements": [
		{
			"from": [7, 10, 7],
			"to": [9, 16, 9],
			"faces": {
				"north": {"uv": [0, 0, 2, 6], "texture": "#0"},
				"east": {"uv": [0, 0, 2, 6], "texture": "#0"},
				"south": {"uv": [0, 0, 2, 6], "texture": "#0"},
				"west": {"uv": [0, 0, 2, 6], "texture": "#0"},
				"up": {"uv": [0, 0, 2, 2], "texture": "#0", "cullface": "up"},
				"down": {"uv": [0, 0, 2, 2], "texture": "#0"}
			}
		}
	]
}