{
    "parent": "item/handheld",
    "textures": {
        "layer0": "minecraft:minebreak/item/tools/sword/gold"
    },
    "overrides": [
        {"predicate": {"damaged": 0}, "model": "item/minebreak/tools/sword/gold"},
        {"predicate": {"damaged": 1, "damage": 0.1}, "model": "item/minebreak/tools/sword/gold"},
        {"predicate": {"damaged": 1, "damage": 0.6}, "model": "item/minebreak/tools/sword/gold_d"},
        {"predicate": {"damaged": 1, "damage": 0.9}, "model": "item/minebreak/tools/sword/gold_b"},
        
        {"predicate": {"custom_model_data": 1}, "model": "item/minebreak/tools/dagger/gold"},
        {"predicate": {"custom_model_data": 2}, "model": "item/minebreak/tools/mace/gold"},
        {"predicate": {"custom_model_data": 3}, "model": "item/minebreak/tools/pike/gold"}
    ]
}
