{
	"credit": "_Moon_Stone_",
	"textures": {
		"0": "block/beehive_end",
		"2": "block/diorite",
		"3": "block/black_concrete_powder",
		"11": "block/magenta_concrete_powder",
		"12": "block/yellow_concrete_powder",
		"13": "block/gray_concrete_powder",
		"14": "item/paper"
	},
	"elements": [
		{
			"from": [0, 0, 4],
			"to": [16, 1, 16],
			"rotation": {"angle": 0, "axis": "y", "origin": [8, 8, 11]},
			"faces": {
				"north": {"uv": [0, 0, 16, 1], "texture": "#0"},
				"east": {"uv": [0, 0, 12, 1], "texture": "#0", "cullface": "east"},
				"south": {"uv": [0, 0, 16, 1], "texture": "#0", "cullface": "south"},
				"west": {"uv": [0, 0, 12, 1], "texture": "#0", "cullface": "west"},
				"up": {"uv": [0, 0, 16, 12], "texture": "#0"},
				"down": {"uv": [0, 0, 16, 12], "texture": "#0", "cullface": "down"}
			}
		},
		{
			"from": [0, 7, 7],
			"to": [16, 8, 15],
			"rotation": {"angle": 0, "axis": "y", "origin": [8, 15, 11]},
			"faces": {
				"north": {"uv": [0, 0, 16, 1], "texture": "#0"},
				"east": {"uv": [0, 0, 8, 1], "texture": "#0", "cullface": "east"},
				"west": {"uv": [0, 0, 8, 1], "texture": "#0", "cullface": "west"},
				"up": {"uv": [0, 0, 16, 8], "texture": "#0"},
				"down": {"uv": [0, 0, 16, 8], "texture": "#0"}
			}
		},
		{
			"from": [0, 1, 15],
			"to": [16, 12, 16],
			"rotation": {"angle": 0, "axis": "y", "origin": [23, 9, 23]},
			"faces": {
				"north": {"uv": [0, 1, 16, 11], "texture": "#0"},
				"east": {"uv": [0, 0, 1, 11], "texture": "#0", "cullface": "east"},
				"south": {"uv": [0, 0, 16, 11], "texture": "#0", "cullface": "south"},
				"west": {"uv": [0, 0, 1, 11], "texture": "#0", "cullface": "west"},
				"up": {"uv": [0, 0, 16, 1], "texture": "#0"}
			}
		},
		{
			"from": [1, 12, 15],
			"to": [15, 13, 16],
			"rotation": {"angle": 0, "axis": "y", "origin": [23, 20, 23]},
			"faces": {
				"north": {"uv": [0, 1, 16, 2], "texture": "#0"},
				"east": {"uv": [0, 0, 1, 1], "texture": "#0"},
				"south": {"uv": [0, 1, 16, 2], "texture": "#0", "cullface": "south"},
				"west": {"uv": [0, 0, 1, 1], "texture": "#0"},
				"up": {"uv": [0, 0, 14, 1], "texture": "#0"}
			}
		},
		{
			"from": [3, 14, 15],
			"to": [13, 15, 16],
			"rotation": {"angle": 0, "axis": "y", "origin": [23, 22, 23]},
			"faces": {
				"north": {"uv": [3, 0, 13, 1], "texture": "#0"},
				"east": {"uv": [0, 0, 1, 1], "texture": "#0"},
				"south": {"uv": [0, 0, 10, 1], "texture": "#0", "cullface": "south"},
				"west": {"uv": [0, 0, 1, 1], "texture": "#0"},
				"up": {"uv": [0, 0, 10, 1], "texture": "#0"}
			}
		},
		{
			"from": [2, 13, 15],
			"to": [14, 14, 16],
			"rotation": {"angle": 0, "axis": "y", "origin": [23, 21, 23]},
			"faces": {
				"north": {"uv": [0, 0, 12, 1], "texture": "#0"},
				"east": {"uv": [0, 0, 1, 1], "texture": "#0"},
				"south": {"uv": [0, 0, 12, 1], "texture": "#0"},
				"west": {"uv": [0, 0, 1, 1], "texture": "#0"},
				"up": {"uv": [0, 0, 12, 1], "texture": "#0"}
			}
		},
		{
			"from": [15, 1, 13],
			"to": [16, 2, 15],
			"rotation": {"angle": 0, "axis": "y", "origin": [23, 9, 21]},
			"faces": {
				"north": {"uv": [0, 0, 1, 1], "texture": "#0"},
				"east": {"uv": [0, 0, 2, 1], "texture": "#0", "cullface": "east"},
				"up": {"uv": [0, 0, 1, 2], "texture": "#0"}
			}
		},
		{
			"from": [15, 2, 14],
			"to": [16, 3, 15],
			"rotation": {"angle": 0, "axis": "y", "origin": [23, 10, 21]},
			"faces": {
				"north": {"uv": [0, 0, 1, 1], "texture": "#0"},
				"east": {"uv": [0, 0, 2, 1], "texture": "#0", "cullface": "east"},
				"up": {"uv": [0, 0, 1, 2], "texture": "#0"}
			}
		},
		{
			"from": [0, 2, 14],
			"to": [1, 3, 15],
			"rotation": {"angle": 0, "axis": "y", "origin": [8, 10, 21]},
			"faces": {
				"north": {"uv": [0, 0, 1, 1], "texture": "#0"},
				"east": {"uv": [0, 0, 2, 1], "texture": "#0"},
				"west": {"uv": [0, 0, 7, 1], "texture": "#0", "cullface": "west"},
				"up": {"uv": [0, 0, 1, 2], "texture": "#0"}
			}
		},
		{
			"from": [0, 1, 13],
			"to": [1, 2, 15],
			"rotation": {"angle": 0, "axis": "y", "origin": [8, 9, 21]},
			"faces": {
				"north": {"uv": [0, 0, 1, 1], "texture": "#0"},
				"east": {"uv": [0, 0, 2, 1], "texture": "#0"},
				"west": {"uv": [0, 0, 7, 1], "texture": "#0", "cullface": "west"},
				"up": {"uv": [0, 0, 1, 2], "texture": "#0"}
			}
		},
		{
			"from": [0, 9, 14],
			"to": [1, 10, 15],
			"rotation": {"angle": 0, "axis": "y", "origin": [8, 17, 21]},
			"faces": {
				"north": {"uv": [0, 0, 1, 1], "texture": "#0"},
				"east": {"uv": [0, 0, 2, 1], "texture": "#0"},
				"west": {"uv": [0, 0, 1, 1], "texture": "#0", "cullface": "west"},
				"up": {"uv": [0, 0, 1, 2], "texture": "#0"}
			}
		},
		{
			"from": [0, 8, 13],
			"to": [1, 9, 15],
			"rotation": {"angle": 0, "axis": "y", "origin": [8, 16, 21]},
			"faces": {
				"north": {"uv": [0, 0, 1, 1], "texture": "#0"},
				"east": {"uv": [0, 0, 2, 1], "texture": "#0"},
				"west": {"uv": [0, 0, 1, 16], "texture": "#0", "cullface": "west"},
				"up": {"uv": [0, 0, 1, 2], "texture": "#0"}
			}
		},
		{
			"from": [15, 9, 14],
			"to": [16, 10, 15],
			"rotation": {"angle": 0, "axis": "y", "origin": [23, 17, 21]},
			"faces": {
				"north": {"uv": [0, 0, 1, 1], "texture": "#0"},
				"east": {"uv": [0, 0, 2, 1], "texture": "#0", "cullface": "east"},
				"west": {"uv": [0, 0, 1, 16], "texture": "#0"},
				"up": {"uv": [0, 0, 1, 2], "texture": "#0"}
			}
		},
		{
			"from": [15, 8, 13],
			"to": [16, 9, 15],
			"rotation": {"angle": 0, "axis": "y", "origin": [23, 16, 21]},
			"faces": {
				"north": {"uv": [0, 0, 1, 1], "texture": "#0"},
				"east": {"uv": [0, 0, 2, 1], "texture": "#0", "cullface": "east"},
				"west": {"uv": [0, 0, 16, 1], "texture": "#0"},
				"up": {"uv": [0, 0, 1, 2], "texture": "#0"}
			}
		},
		{
			"from": [12, 1, 9],
			"to": [13, 6, 15],
			"rotation": {"angle": 0, "axis": "y", "origin": [20, 9, 22]},
			"faces": {
				"north": {"uv": [9, 6, 10, 11], "texture": "#3"},
				"east": {"uv": [0, 0, 6, 5], "texture": "#3"},
				"west": {"uv": [0, 0, 11, 11], "texture": "#3"},
				"up": {"uv": [0, 0, 1, 6], "texture": "#3"}
			}
		},
		{
			"from": [13, 1, 8],
			"to": [14, 6, 9],
			"rotation": {"angle": 0, "axis": "y", "origin": [21, 9, 15]},
			"faces": {
				"north": {"uv": [3, 3, 4, 8], "texture": "#3"},
				"east": {"uv": [0, 0, 1, 5], "texture": "#3"},
				"south": {"uv": [0, 0, 1, 5], "texture": "#3"},
				"west": {"uv": [0, 0, 11, 11], "texture": "#3"},
				"up": {"uv": [0, 0, 1, 1], "texture": "#3"}
			}
		},
		{
			"from": [13, 1, 9],
			"to": [14, 5, 14],
			"rotation": {"angle": 0, "axis": "y", "origin": [22, 9, 16]},
			"faces": {
				"south": {"uv": [0, 0, 1, 4], "texture": "#2"},
				"up": {"uv": [10, 5, 11, 9], "texture": "#2"}
			}
		},
		{
			"from": [14, 1, 9],
			"to": [15, 6, 15],
			"rotation": {"angle": 0, "axis": "y", "origin": [22, 9, 22]},
			"faces": {
				"north": {"uv": [0, 0, 1, 5], "texture": "#3"},
				"east": {"uv": [0, 0, 6, 5], "texture": "#3"},
				"west": {"uv": [0, 0, 11, 11], "texture": "#3"},
				"up": {"uv": [0, 0, 1, 6], "texture": "#3"}
			}
		},
		{
			"from": [2, 9, 14],
			"to": [11, 10, 15],
			"rotation": {"angle": 0, "axis": "y", "origin": [12, 17, 22]},
			"faces": {
				"east": {"uv": [0, 0, 1, 1], "texture": "#11"},
				"west": {"uv": [0, 0, 1, 1], "texture": "#11"},
				"up": {"uv": [0, 0, 9, 1], "texture": "#11"},
				"down": {"uv": [0, 0, 9, 1], "texture": "#11"}
			}
		},
		{
			"from": [2, 8, 8],
			"to": [11, 9, 14],
			"rotation": {"angle": 0, "axis": "y", "origin": [12, 16, 21]},
			"faces": {
				"north": {"uv": [0, 0, 9, 1], "texture": "#11"},
				"east": {"uv": [0, 0, 6, 1], "texture": "#11"},
				"south": {"uv": [0, 0, 9, 1], "texture": "#11"},
				"west": {"uv": [0, 0, 6, 1], "texture": "#11"},
				"up": {"uv": [0, 0, 9, 6], "texture": "#11"}
			}
		},
		{
			"from": [2, 10, 8],
			"to": [11, 11, 14],
			"rotation": {"angle": 0, "axis": "y", "origin": [12, 18, 21]},
			"faces": {
				"north": {"uv": [0, 0, 9, 1], "texture": "#11"},
				"east": {"uv": [0, 0, 6, 1], "texture": "#11"},
				"south": {"uv": [0, 0, 9, 1], "texture": "#11"},
				"west": {"uv": [0, 0, 6, 1], "texture": "#11"},
				"up": {"uv": [0, 0, 9, 6], "texture": "#11"},
				"down": {"uv": [0, 0, 9, 6], "texture": "#11"}
			}
		},
		{
			"from": [2, 9, 9],
			"to": [11, 10, 14],
			"rotation": {"angle": 0, "axis": "y", "origin": [12, 14, 16]},
			"faces": {
				"north": {"uv": [2, 15, 11, 16], "texture": "#2"},
				"east": {"uv": [0, 0, 5, 1], "texture": "#2"},
				"west": {"uv": [0, 0, 5, 1], "texture": "#2"}
			}
		},
		{
			"from": [1, 1, 8],
			"to": [8, 2, 14],
			"rotation": {"angle": 0, "axis": "y", "origin": [11, 6, 16]},
			"faces": {
				"north": {"uv": [3, 6, 14, 10], "texture": "#14"},
				"east": {"uv": [6, 8, 11, 9], "texture": "#14"},
				"south": {"uv": [6, 6, 11, 7], "texture": "#14"},
				"west": {"uv": [3, 6, 15, 9], "texture": "#14"},
				"up": {"uv": [3, 6, 14, 10], "texture": "#14"}
			}
		},
		{
			"from": [3, 12, 14],
			"to": [10, 13, 15],
			"rotation": {"angle": 0, "axis": "y", "origin": [12, 20, 22]},
			"faces": {
				"east": {"uv": [0, 0, 1, 1], "texture": "#12"},
				"west": {"uv": [0, 0, 1, 1], "texture": "#12"},
				"up": {"uv": [0, 0, 7, 1], "texture": "#12"},
				"down": {"uv": [0, 0, 7, 1], "texture": "#12"}
			}
		},
		{
			"from": [3, 11, 9],
			"to": [10, 12, 14],
			"rotation": {"angle": 0, "axis": "y", "origin": [12, 19, 21]},
			"faces": {
				"north": {"uv": [0, 0, 7, 1], "texture": "#12"},
				"east": {"uv": [0, 0, 5, 1], "texture": "#12"},
				"south": {"uv": [0, 0, 7, 1], "texture": "#12"},
				"west": {"uv": [0, 0, 5, 1], "texture": "#12"},
				"up": {"uv": [0, 0, 7, 5], "texture": "#12"}
			}
		},
		{
			"from": [3, 13, 9],
			"to": [10, 14, 14],
			"rotation": {"angle": 0, "axis": "y", "origin": [12, 21, 21]},
			"faces": {
				"north": {"uv": [0, 0, 7, 1], "texture": "#12"},
				"east": {"uv": [0, 0, 5, 1], "texture": "#12"},
				"south": {"uv": [0, 0, 7, 1], "texture": "#12"},
				"west": {"uv": [0, 0, 5, 1], "texture": "#12"},
				"up": {"uv": [0, 0, 7, 5], "texture": "#12"},
				"down": {"uv": [0, 0, 7, 5], "texture": "#12"}
			}
		},
		{
			"from": [3, 12, 10],
			"to": [10, 13, 14],
			"rotation": {"angle": 0, "axis": "y", "origin": [12, 17, 16]},
			"faces": {
				"north": {"uv": [1, 5, 8, 6], "texture": "#2"},
				"east": {"uv": [0, 0, 4, 1], "texture": "#2"},
				"west": {"uv": [0, 0, 4, 1], "texture": "#2"}
			}
		},
		{
			"from": [9, 1, 10],
			"to": [10, 6, 15],
			"rotation": {"angle": 0, "axis": "y", "origin": [17, 9, 22]},
			"faces": {
				"north": {"uv": [9, 6, 10, 11], "texture": "#13"},
				"east": {"uv": [0, 0, 6, 5], "texture": "#13"},
				"west": {"uv": [0, 0, 11, 11], "texture": "#13"},
				"up": {"uv": [0, 0, 1, 6], "texture": "#13"}
			}
		},
		{
			"from": [10, 1, 9],
			"to": [11, 6, 10],
			"rotation": {"angle": 0, "axis": "y", "origin": [18, 9, 15]},
			"faces": {
				"north": {"uv": [3, 3, 4, 8], "texture": "#13"},
				"east": {"uv": [0, 0, 1, 5], "texture": "#13"},
				"south": {"uv": [0, 0, 1, 5], "texture": "#13"},
				"west": {"uv": [0, 0, 11, 11], "texture": "#13"},
				"up": {"uv": [0, 0, 1, 1], "texture": "#13"}
			}
		},
		{
			"from": [10, 1, 10],
			"to": [11, 5, 14],
			"rotation": {"angle": 0, "axis": "y", "origin": [19, 9, 16]},
			"faces": {
				"south": {"uv": [0, 0, 1, 4], "texture": "#2"},
				"up": {"uv": [10, 5, 11, 9], "texture": "#2"}
			}
		},
		{
			"from": [11, 1, 10],
			"to": [12, 6, 15],
			"rotation": {"angle": 0, "axis": "y", "origin": [19, 9, 22]},
			"faces": {
				"north": {"uv": [0, 0, 1, 5], "texture": "#13"},
				"west": {"uv": [0, 0, 11, 11], "texture": "#13"},
				"up": {"uv": [0, 0, 1, 6], "texture": "#13"}
			}
		}
	],
	"groups": [
		{
			"name": "group",
			"origin": [23, 16, 21],
			"children": [0, 1, 2, 3, 4, 5, 6, 7, 8, 9, 10, 11, 12, 13]
		},
		{
			"name": "group",
			"origin": [12, 9, 22],
			"children": [14, 15, 16, 17]
		},
		{
			"name": "group",
			"origin": [16, 18, 21],
			"children": [18, 19, 20, 21, 22]
		},
		{
			"name": "group",
			"origin": [16, 18, 21],
			"children": [23, 24, 25, 26]
		},
		{
			"name": "group",
			"origin": [12, 9, 22],
			"children": [27, 28, 29, 30]
		}
	]
}