{
	"credit": "MineBreak",
	"textures": {
		"0": "minecraft:minebreak/item/christmas2021/mistletoe"
	},
	"elements": [
		{
			"from": [7.69402, 2.85657, 3.34403],
			"to": [8.69402, 3.95657, 6.99403],
			"rotation": {"angle": 22.5, "axis": "x", "origin": [7.72682, 3.74386, 6.31301]},
			"faces": {
				"north": {"uv": [0, 0, 1, 1.1], "texture": "#0"},
				"east": {"uv": [0, 0, 3.65, 1.1], "texture": "#0"},
				"south": {"uv": [0, 0, 1, 1.1], "texture": "#0"},
				"west": {"uv": [0, 0, 3.65, 1.1], "texture": "#0"},
				"up": {"uv": [0, 0, 1, 3.65], "texture": "#0"},
				"down": {"uv": [0, 0, 1, 3.65], "texture": "#0"}
			}
		},
		{
			"from": [7.4, 3.025, 2.4],
			"to": [8.4, 4.125, 3.4],
			"rotation": {"angle": 0, "axis": "y", "origin": [7.72682, 3.74386, 6.31301]},
			"faces": {
				"north": {"uv": [0, 0, 1, 1.1], "texture": "#0"},
				"east": {"uv": [0, 0, 1, 1.1], "texture": "#0"},
				"south": {"uv": [0, 0, 1, 1.1], "texture": "#0"},
				"west": {"uv": [0, 0, 1, 1.1], "texture": "#0"},
				"up": {"uv": [0, 0, 1, 1], "texture": "#0"},
				"down": {"uv": [0, 0, 1, 1], "texture": "#0"}
			}
		},
		{
			"from": [6.4, 1.925, 1.4],
			"to": [7.4, 3.025, 2.4],
			"rotation": {"angle": 0, "axis": "y", "origin": [7.72682, 3.74386, 6.31301]},
			"faces": {
				"north": {"uv": [0, 0, 1, 1.1], "texture": "#0"},
				"east": {"uv": [0, 0, 1, 1.1], "texture": "#0"},
				"south": {"uv": [0, 0, 1, 1.1], "texture": "#0"},
				"west": {"uv": [0, 0, 1, 1.1], "texture": "#0"},
				"up": {"uv": [0, 0, 1, 1], "texture": "#0"},
				"down": {"uv": [0, 0, 1, 1], "texture": "#0"}
			}
		},
		{
			"from": [6.4, 0.025, 0.4],
			"to": [7.4, 1.925, 1.4],
			"rotation": {"angle": 0, "axis": "y", "origin": [7.72682, 3.74386, 6.31301]},
			"faces": {
				"north": {"uv": [0, 0, 1, 1.9], "texture": "#0"},
				"east": {"uv": [0, 0, 1, 1.9], "texture": "#0"},
				"south": {"uv": [0, 0, 1, 1.9], "texture": "#0"},
				"west": {"uv": [0, 0, 1, 1.9], "texture": "#0"},
				"up": {"uv": [0, 0, 1, 1], "texture": "#0"},
				"down": {"uv": [0, 0, 1, 1], "texture": "#0"}
			}
		},
		{
			"from": [7.69402, 1.75657, 6.99403],
			"to": [8.69402, 2.85657, 10.64403],
			"rotation": {"angle": 22.5, "axis": "x", "origin": [7.72682, 3.74386, 6.31301]},
			"faces": {
				"north": {"uv": [0, 0, 1, 1.1], "texture": "#0"},
				"east": {"uv": [0, 0, 3.65, 1.1], "texture": "#0"},
				"south": {"uv": [0, 0, 1, 1.1], "texture": "#0"},
				"west": {"uv": [0, 0, 3.65, 1.1], "texture": "#0"},
				"up": {"uv": [0, 0, 1, 3.65], "texture": "#0"},
				"down": {"uv": [0, 0, 1, 3.65], "texture": "#0"}
			}
		},
		{
			"from": [11.13632, 5.0511, 3.31976],
			"to": [14.78632, 6.1511, 4.31976],
			"rotation": {"angle": -22.5, "axis": "y", "origin": [7.72682, 3.74386, 6.31301]},
			"faces": {
				"north": {"uv": [0, 0, 3.65, 1.1], "texture": "#0"},
				"east": {"uv": [0, 0, 1, 1.1], "texture": "#0"},
				"south": {"uv": [0, 0, 3.65, 1.1], "texture": "#0"},
				"west": {"uv": [0, 0, 1, 1.1], "texture": "#0"},
				"up": {"uv": [0, 0, 1, 3.65], "rotation": 90, "texture": "#0"},
				"down": {"uv": [0, 0, 1, 3.65], "rotation": 270, "texture": "#0"}
			}
		},
		{
			"from": [7.48632, 3.9511, 3.31976],
			"to": [11.13632, 5.0511, 4.31976],
			"rotation": {"angle": -22.5, "axis": "y", "origin": [7.72682, 3.74386, 6.31301]},
			"faces": {
				"north": {"uv": [0, 0, 3.65, 1.1], "texture": "#0"},
				"east": {"uv": [0, 0, 1, 1.1], "texture": "#0"},
				"south": {"uv": [0, 0, 3.65, 1.1], "texture": "#0"},
				"west": {"uv": [0, 0, 1, 1.1], "texture": "#0"},
				"up": {"uv": [0, 0, 1, 3.65], "rotation": 90, "texture": "#0"},
				"down": {"uv": [0, 0, 1, 3.65], "rotation": 270, "texture": "#0"}
			}
		},
		{
			"from": [9.56356, 3.7108, 5.84513],
			"to": [10.56356, 7.3608, 6.94513],
			"rotation": {"angle": 45, "axis": "x", "origin": [7.72682, 3.74386, 6.31301]},
			"faces": {
				"north": {"uv": [0, 0, 1, 3.65], "rotation": 180, "texture": "#0"},
				"east": {"uv": [0, 0, 3.65, 1.1], "rotation": 270, "texture": "#0"},
				"south": {"uv": [0, 0, 1, 3.65], "texture": "#0"},
				"west": {"uv": [0, 0, 3.65, 1.1], "rotation": 90, "texture": "#0"},
				"up": {"uv": [0, 0, 1, 1.1], "rotation": 180, "texture": "#0"},
				"down": {"uv": [0, 0, 1, 1.1], "texture": "#0"}
			}
		},
		{
			"from": [8.96356, 7.00725, 6.29869],
			"to": [9.96356, 10.65725, 7.39869],
			"rotation": {"angle": 45, "axis": "x", "origin": [7.72682, 3.74386, 6.31301]},
			"faces": {
				"north": {"uv": [0, 0, 1, 3.65], "rotation": 180, "texture": "#0"},
				"east": {"uv": [0, 0, 3.65, 1.1], "rotation": 270, "texture": "#0"},
				"south": {"uv": [0, 0, 1, 3.65], "texture": "#0"},
				"west": {"uv": [0, 0, 3.65, 1.1], "rotation": 90, "texture": "#0"},
				"up": {"uv": [0, 0, 1, 1.1], "rotation": 180, "texture": "#0"},
				"down": {"uv": [0, 0, 1, 1.1], "texture": "#0"}
			}
		},
		{
			"from": [6.80603, 3.025, 9.98512],
			"to": [7.80603, 4.125, 11.43512],
			"rotation": {"angle": -45, "axis": "y", "origin": [7.72682, 3.74386, 6.31301]},
			"faces": {
				"north": {"uv": [0, 0, 1, 1.1], "texture": "#0"},
				"east": {"uv": [0, 0, 1.45, 1.1], "texture": "#0"},
				"south": {"uv": [0, 0, 1, 1.1], "texture": "#0"},
				"west": {"uv": [0, 0, 1.45, 1.1], "texture": "#0"},
				"up": {"uv": [0, 0, 1, 1.45], "texture": "#0"},
				"down": {"uv": [0, 0, 1, 1.45], "texture": "#0"}
			}
		},
		{
			"from": [6.80603, 4.125, 6.33512],
			"to": [7.80603, 5.225, 9.98512],
			"rotation": {"angle": -45, "axis": "y", "origin": [7.72682, 3.74386, 6.31301]},
			"faces": {
				"north": {"uv": [0, 0, 1, 1.1], "texture": "#0"},
				"east": {"uv": [0, 0, 3.65, 1.1], "texture": "#0"},
				"south": {"uv": [0, 0, 1, 1.1], "texture": "#0"},
				"west": {"uv": [0, 0, 3.65, 1.1], "texture": "#0"},
				"up": {"uv": [0, 0, 1, 3.65], "texture": "#0"},
				"down": {"uv": [0, 0, 1, 3.65], "texture": "#0"}
			}
		},
		{
			"from": [6.80603, 3.025, 5.33512],
			"to": [7.80603, 4.125, 6.33512],
			"rotation": {"angle": -45, "axis": "y", "origin": [7.72682, 3.74386, 6.31301]},
			"faces": {
				"north": {"uv": [0, 0, 1, 1.1], "texture": "#0"},
				"east": {"uv": [0, 0, 1, 1.1], "texture": "#0"},
				"south": {"uv": [0, 0, 1, 1.1], "texture": "#0"},
				"west": {"uv": [0, 0, 1, 1.1], "texture": "#0"},
				"up": {"uv": [0, 0, 1, 1], "texture": "#0"},
				"down": {"uv": [0, 0, 1, 1], "texture": "#0"}
			}
		},
		{
			"from": [9.4, 7.9, 10],
			"to": [10.4, 8.9, 11],
			"rotation": {"angle": 0, "axis": "y", "origin": [1.1, 2.2, 1.3]},
			"faces": {
				"north": {"uv": [13, 0, 14, 1], "texture": "#0"},
				"east": {"uv": [12, 0, 13, 1], "texture": "#0"},
				"south": {"uv": [13, 1, 14, 2], "texture": "#0"},
				"west": {"uv": [12, 1, 13, 2], "texture": "#0"},
				"up": {"uv": [13, 1, 14, 2], "texture": "#0"},
				"down": {"uv": [12, 0, 13, 1], "texture": "#0"}
			}
		},
		{
			"from": [8.4, 7.9, 2.9],
			"to": [9.4, 8.9, 3.9],
			"rotation": {"angle": 0, "axis": "y", "origin": [1.1, 2.2, 1.3]},
			"faces": {
				"north": {"uv": [13, 0, 14, 1], "texture": "#0"},
				"east": {"uv": [12, 0, 13, 1], "texture": "#0"},
				"south": {"uv": [13, 1, 14, 2], "texture": "#0"},
				"west": {"uv": [12, 1, 13, 2], "texture": "#0"},
				"up": {"uv": [13, 1, 14, 2], "texture": "#0"},
				"down": {"uv": [12, 0, 13, 1], "texture": "#0"}
			}
		},
		{
			"from": [7.8, 6.5, 12.4],
			"to": [8.8, 7.5, 13.4],
			"rotation": {"angle": 0, "axis": "y", "origin": [1.1, 2.2, 1.3]},
			"faces": {
				"north": {"uv": [13, 0, 14, 1], "texture": "#0"},
				"east": {"uv": [12, 0, 13, 1], "texture": "#0"},
				"south": {"uv": [13, 1, 14, 2], "texture": "#0"},
				"west": {"uv": [12, 1, 13, 2], "texture": "#0"},
				"up": {"uv": [13, 1, 14, 2], "texture": "#0"},
				"down": {"uv": [12, 0, 13, 1], "texture": "#0"}
			}
		},
		{
			"from": [3.3, 6.2, 6.2],
			"to": [4.3, 7.2, 7.2],
			"rotation": {"angle": 0, "axis": "y", "origin": [1.1, 2.2, 1.3]},
			"faces": {
				"north": {"uv": [13, 0, 14, 1], "texture": "#0"},
				"east": {"uv": [12, 0, 13, 1], "texture": "#0"},
				"south": {"uv": [13, 1, 14, 2], "texture": "#0"},
				"west": {"uv": [12, 1, 13, 2], "texture": "#0"},
				"up": {"uv": [13, 1, 14, 2], "texture": "#0"},
				"down": {"uv": [12, 0, 13, 1], "texture": "#0"}
			}
		},
		{
			"from": [9.9, 7.1, 3.8],
			"to": [10.9, 8.1, 4.8],
			"rotation": {"angle": 0, "axis": "y", "origin": [1.1, 2.2, 1.3]},
			"faces": {
				"north": {"uv": [13, 0, 14, 1], "texture": "#0"},
				"east": {"uv": [12, 0, 13, 1], "texture": "#0"},
				"south": {"uv": [13, 1, 14, 2], "texture": "#0"},
				"west": {"uv": [12, 1, 13, 2], "texture": "#0"},
				"up": {"uv": [13, 1, 14, 2], "texture": "#0"},
				"down": {"uv": [12, 0, 13, 1], "texture": "#0"}
			}
		},
		{
			"from": [6.1, 3, 9.5],
			"to": [7.1, 4, 10.5],
			"rotation": {"angle": 0, "axis": "y", "origin": [1.1, 2.2, 1.3]},
			"faces": {
				"north": {"uv": [13, 0, 14, 1], "texture": "#0"},
				"east": {"uv": [12, 0, 13, 1], "texture": "#0"},
				"south": {"uv": [13, 1, 14, 2], "texture": "#0"},
				"west": {"uv": [12, 1, 13, 2], "texture": "#0"},
				"up": {"uv": [13, 1, 14, 2], "texture": "#0"},
				"down": {"uv": [12, 0, 13, 1], "texture": "#0"}
			}
		},
		{
			"from": [3.3, 8.2, 8.6],
			"to": [4.3, 9.2, 9.6],
			"rotation": {"angle": 0, "axis": "y", "origin": [1.1, 2.2, 1.3]},
			"faces": {
				"north": {"uv": [13, 0, 14, 1], "texture": "#0"},
				"east": {"uv": [12, 0, 13, 1], "texture": "#0"},
				"south": {"uv": [13, 1, 14, 2], "texture": "#0"},
				"west": {"uv": [12, 1, 13, 2], "texture": "#0"},
				"up": {"uv": [13, 1, 14, 2], "texture": "#0"},
				"down": {"uv": [12, 0, 13, 1], "texture": "#0"}
			}
		},
		{
			"from": [8.2, 1.7, 6.2],
			"to": [9.2, 2.7, 7.2],
			"rotation": {"angle": 0, "axis": "y", "origin": [1.1, 2.2, 1.3]},
			"faces": {
				"north": {"uv": [13, 0, 14, 1], "texture": "#0"},
				"east": {"uv": [12, 0, 13, 1], "texture": "#0"},
				"south": {"uv": [13, 1, 14, 2], "texture": "#0"},
				"west": {"uv": [12, 1, 13, 2], "texture": "#0"},
				"up": {"uv": [13, 1, 14, 2], "texture": "#0"},
				"down": {"uv": [12, 0, 13, 1], "texture": "#0"}
			}
		},
		{
			"from": [10.3, 5.4, 13.4],
			"to": [11.3, 6.4, 14.4],
			"rotation": {"angle": 0, "axis": "y", "origin": [1.1, 2.2, 1.3]},
			"faces": {
				"north": {"uv": [13, 0, 14, 1], "texture": "#0"},
				"east": {"uv": [12, 0, 13, 1], "texture": "#0"},
				"south": {"uv": [13, 1, 14, 2], "texture": "#0"},
				"west": {"uv": [12, 1, 13, 2], "texture": "#0"},
				"up": {"uv": [13, 1, 14, 2], "texture": "#0"},
				"down": {"uv": [12, 0, 13, 1], "texture": "#0"}
			}
		},
		{
			"from": [8.4, 9, 7.1],
			"to": [9.4, 10, 8.1],
			"rotation": {"angle": 0, "axis": "y", "origin": [1.1, 2.2, 1.3]},
			"faces": {
				"north": {"uv": [13, 0, 14, 1], "texture": "#0"},
				"east": {"uv": [12, 0, 13, 1], "texture": "#0"},
				"south": {"uv": [13, 1, 14, 2], "texture": "#0"},
				"west": {"uv": [12, 1, 13, 2], "texture": "#0"},
				"up": {"uv": [13, 1, 14, 2], "texture": "#0"},
				"down": {"uv": [12, 0, 13, 1], "texture": "#0"}
			}
		},
		{
			"from": [5.4, 9, 7.9],
			"to": [6.4, 10, 8.9],
			"rotation": {"angle": 0, "axis": "y", "origin": [1.1, 2.2, 1.3]},
			"faces": {
				"north": {"uv": [13, 0, 14, 1], "texture": "#0"},
				"east": {"uv": [12, 0, 13, 1], "texture": "#0"},
				"south": {"uv": [13, 1, 14, 2], "texture": "#0"},
				"west": {"uv": [12, 1, 13, 2], "texture": "#0"},
				"up": {"uv": [13, 1, 14, 2], "texture": "#0"},
				"down": {"uv": [12, 0, 13, 1], "texture": "#0"}
			}
		},
		{
			"from": [11.9, 3, 11.5],
			"to": [12.9, 4, 12.5],
			"rotation": {"angle": 0, "axis": "y", "origin": [1.1, 2.2, 1.3]},
			"faces": {
				"north": {"uv": [13, 0, 14, 1], "texture": "#0"},
				"east": {"uv": [12, 0, 13, 1], "texture": "#0"},
				"south": {"uv": [13, 1, 14, 2], "texture": "#0"},
				"west": {"uv": [12, 1, 13, 2], "texture": "#0"},
				"up": {"uv": [13, 1, 14, 2], "texture": "#0"},
				"down": {"uv": [12, 0, 13, 1], "texture": "#0"}
			}
		},
		{
			"from": [10.2, 8.6, 8.8],
			"to": [11.2, 9.6, 9.8],
			"rotation": {"angle": 0, "axis": "y", "origin": [1.1, 2.2, 1.3]},
			"faces": {
				"north": {"uv": [13, 0, 14, 1], "texture": "#0"},
				"east": {"uv": [12, 0, 13, 1], "texture": "#0"},
				"south": {"uv": [13, 1, 14, 2], "texture": "#0"},
				"west": {"uv": [12, 1, 13, 2], "texture": "#0"},
				"up": {"uv": [13, 1, 14, 2], "texture": "#0"},
				"down": {"uv": [12, 0, 13, 1], "texture": "#0"}
			}
		},
		{
			"from": [12.3, 5.2, 5],
			"to": [13.3, 6.2, 6],
			"rotation": {"angle": 0, "axis": "y", "origin": [1.1, 2.2, 1.3]},
			"faces": {
				"north": {"uv": [13, 0, 14, 1], "texture": "#0"},
				"east": {"uv": [12, 0, 13, 1], "texture": "#0"},
				"south": {"uv": [13, 1, 14, 2], "texture": "#0"},
				"west": {"uv": [12, 1, 13, 2], "texture": "#0"},
				"up": {"uv": [13, 1, 14, 2], "texture": "#0"},
				"down": {"uv": [12, 0, 13, 1], "texture": "#0"}
			}
		},
		{
			"from": [5.1, 4.5, 4.4],
			"to": [6.1, 5.5, 5.4],
			"rotation": {"angle": 0, "axis": "y", "origin": [1.1, 2.2, 1.3]},
			"faces": {
				"north": {"uv": [14, 1, 15, 2], "texture": "#0"},
				"east": {"uv": [14, 0, 15, 1], "texture": "#0"},
				"south": {"uv": [15, 1, 16, 2], "texture": "#0"},
				"west": {"uv": [15, 0, 16, 1], "texture": "#0"},
				"up": {"uv": [15, 0, 16, 1], "texture": "#0"},
				"down": {"uv": [15, 0, 16, 1], "texture": "#0"}
			}
		},
		{
			"from": [3.3, 3.2, 8.6],
			"to": [4.3, 4.2, 9.6],
			"rotation": {"angle": 0, "axis": "y", "origin": [1.1, 2.2, 1.3]},
			"faces": {
				"north": {"uv": [14, 1, 15, 2], "texture": "#0"},
				"east": {"uv": [14, 0, 15, 1], "texture": "#0"},
				"south": {"uv": [15, 1, 16, 2], "texture": "#0"},
				"west": {"uv": [15, 0, 16, 1], "texture": "#0"},
				"up": {"uv": [15, 0, 16, 1], "texture": "#0"},
				"down": {"uv": [15, 0, 16, 1], "texture": "#0"}
			}
		},
		{
			"from": [11, 7, 13.4],
			"to": [12, 8, 14.4],
			"rotation": {"angle": 0, "axis": "y", "origin": [1.1, 2.2, 1.3]},
			"faces": {
				"north": {"uv": [14, 1, 15, 2], "texture": "#0"},
				"east": {"uv": [14, 0, 15, 1], "texture": "#0"},
				"south": {"uv": [15, 1, 16, 2], "texture": "#0"},
				"west": {"uv": [15, 0, 16, 1], "texture": "#0"},
				"up": {"uv": [15, 0, 16, 1], "texture": "#0"},
				"down": {"uv": [15, 0, 16, 1], "texture": "#0"}
			}
		},
		{
			"from": [10.3, 7.8, 11.1],
			"to": [11.3, 8.8, 12.1],
			"rotation": {"angle": 0, "axis": "y", "origin": [1.1, 2.2, 1.3]},
			"faces": {
				"north": {"uv": [14, 1, 15, 2], "texture": "#0"},
				"east": {"uv": [14, 0, 15, 1], "texture": "#0"},
				"south": {"uv": [15, 1, 16, 2], "texture": "#0"},
				"west": {"uv": [15, 0, 16, 1], "texture": "#0"},
				"up": {"uv": [15, 0, 16, 1], "texture": "#0"},
				"down": {"uv": [15, 0, 16, 1], "texture": "#0"}
			}
		},
		{
			"from": [11.9, 7, 10.3],
			"to": [12.9, 8, 11.3],
			"rotation": {"angle": 0, "axis": "y", "origin": [1.1, 2.2, 1.3]},
			"faces": {
				"north": {"uv": [14, 1, 15, 2], "texture": "#0"},
				"east": {"uv": [14, 0, 15, 1], "texture": "#0"},
				"south": {"uv": [15, 1, 16, 2], "texture": "#0"},
				"west": {"uv": [15, 0, 16, 1], "texture": "#0"},
				"up": {"uv": [15, 0, 16, 1], "texture": "#0"},
				"down": {"uv": [15, 0, 16, 1], "texture": "#0"}
			}
		},
		{
			"from": [13.9, 4.6, 8.8],
			"to": [14.9, 5.6, 9.8],
			"rotation": {"angle": 0, "axis": "y", "origin": [1.1, 2.2, 1.3]},
			"faces": {
				"north": {"uv": [14, 1, 15, 2], "texture": "#0"},
				"east": {"uv": [14, 0, 15, 1], "texture": "#0"},
				"south": {"uv": [15, 1, 16, 2], "texture": "#0"},
				"west": {"uv": [15, 0, 16, 1], "texture": "#0"},
				"up": {"uv": [15, 0, 16, 1], "texture": "#0"},
				"down": {"uv": [15, 0, 16, 1], "texture": "#0"}
			}
		},
		{
			"from": [12.8, 6.4, 8.8],
			"to": [13.8, 7.4, 9.8],
			"rotation": {"angle": 0, "axis": "y", "origin": [1.1, 2.2, 1.3]},
			"faces": {
				"north": {"uv": [14, 1, 15, 2], "texture": "#0"},
				"east": {"uv": [14, 0, 15, 1], "texture": "#0"},
				"south": {"uv": [15, 1, 16, 2], "texture": "#0"},
				"west": {"uv": [15, 0, 16, 1], "texture": "#0"},
				"up": {"uv": [15, 0, 16, 1], "texture": "#0"},
				"down": {"uv": [15, 0, 16, 1], "texture": "#0"}
			}
		},
		{
			"from": [10.5, 3, 10.3],
			"to": [11.5, 4, 11.3],
			"rotation": {"angle": 0, "axis": "y", "origin": [1.1, 2.2, 1.3]},
			"faces": {
				"north": {"uv": [14, 1, 15, 2], "texture": "#0"},
				"east": {"uv": [14, 0, 15, 1], "texture": "#0"},
				"south": {"uv": [15, 1, 16, 2], "texture": "#0"},
				"west": {"uv": [15, 0, 16, 1], "texture": "#0"},
				"up": {"uv": [15, 0, 16, 1], "texture": "#0"},
				"down": {"uv": [15, 0, 16, 1], "texture": "#0"}
			}
		},
		{
			"from": [6.4, 8.3, 10],
			"to": [7.4, 9.3, 11],
			"rotation": {"angle": 0, "axis": "y", "origin": [1.1, 2.2, 1.3]},
			"faces": {
				"north": {"uv": [14, 1, 15, 2], "texture": "#0"},
				"east": {"uv": [14, 0, 15, 1], "texture": "#0"},
				"south": {"uv": [15, 1, 16, 2], "texture": "#0"},
				"west": {"uv": [15, 0, 16, 1], "texture": "#0"},
				"up": {"uv": [15, 0, 16, 1], "texture": "#0"},
				"down": {"uv": [15, 0, 16, 1], "texture": "#0"}
			}
		},
		{
			"from": [3.1, 9, 10.6],
			"to": [4.1, 10, 11.6],
			"rotation": {"angle": 0, "axis": "y", "origin": [1.1, 2.2, 1.3]},
			"faces": {
				"north": {"uv": [14, 1, 15, 2], "texture": "#0"},
				"east": {"uv": [14, 0, 15, 1], "texture": "#0"},
				"south": {"uv": [15, 1, 16, 2], "texture": "#0"},
				"west": {"uv": [15, 0, 16, 1], "texture": "#0"},
				"up": {"uv": [15, 0, 16, 1], "texture": "#0"},
				"down": {"uv": [15, 0, 16, 1], "texture": "#0"}
			}
		},
		{
			"from": [5.3, 6.8, 5.9],
			"to": [6.3, 7.8, 6.9],
			"rotation": {"angle": 0, "axis": "y", "origin": [1.1, 2.2, 1.3]},
			"faces": {
				"north": {"uv": [14, 1, 15, 2], "texture": "#0"},
				"east": {"uv": [14, 0, 15, 1], "texture": "#0"},
				"south": {"uv": [15, 1, 16, 2], "texture": "#0"},
				"west": {"uv": [15, 0, 16, 1], "texture": "#0"},
				"up": {"uv": [15, 0, 16, 1], "texture": "#0"},
				"down": {"uv": [15, 0, 16, 1], "texture": "#0"}
			}
		},
		{
			"from": [4.6, 6.5, 12.4],
			"to": [5.6, 7.5, 13.4],
			"rotation": {"angle": 0, "axis": "y", "origin": [1.1, 2.2, 1.3]},
			"faces": {
				"north": {"uv": [14, 1, 15, 2], "texture": "#0"},
				"east": {"uv": [14, 0, 15, 1], "texture": "#0"},
				"south": {"uv": [15, 1, 16, 2], "texture": "#0"},
				"west": {"uv": [15, 0, 16, 1], "texture": "#0"},
				"up": {"uv": [15, 0, 16, 1], "texture": "#0"},
				"down": {"uv": [15, 0, 16, 1], "texture": "#0"}
			}
		},
		{
			"from": [9, 8.3, 5.9],
			"to": [10, 9.3, 6.9],
			"rotation": {"angle": 0, "axis": "y", "origin": [1.1, 2.2, 1.3]},
			"faces": {
				"north": {"uv": [14, 1, 15, 2], "texture": "#0"},
				"east": {"uv": [14, 0, 15, 1], "texture": "#0"},
				"south": {"uv": [15, 1, 16, 2], "texture": "#0"},
				"west": {"uv": [15, 0, 16, 1], "texture": "#0"},
				"up": {"uv": [15, 0, 16, 1], "texture": "#0"},
				"down": {"uv": [15, 0, 16, 1], "texture": "#0"}
			}
		},
		{
			"from": [12.3, 3.6, 6],
			"to": [13.3, 4.6, 7],
			"rotation": {"angle": 0, "axis": "y", "origin": [1.1, 2.2, 1.3]},
			"faces": {
				"north": {"uv": [14, 1, 15, 2], "texture": "#0"},
				"east": {"uv": [14, 0, 15, 1], "texture": "#0"},
				"south": {"uv": [15, 1, 16, 2], "texture": "#0"},
				"west": {"uv": [15, 0, 16, 1], "texture": "#0"},
				"up": {"uv": [15, 0, 16, 1], "texture": "#0"},
				"down": {"uv": [15, 0, 16, 1], "texture": "#0"}
			}
		},
		{
			"from": [11.4, 7.6, 4.4],
			"to": [12.4, 8.6, 5.4],
			"rotation": {"angle": 0, "axis": "y", "origin": [1.1, 2.2, 1.3]},
			"faces": {
				"north": {"uv": [14, 1, 15, 2], "texture": "#0"},
				"east": {"uv": [14, 0, 15, 1], "texture": "#0"},
				"south": {"uv": [15, 1, 16, 2], "texture": "#0"},
				"west": {"uv": [15, 0, 16, 1], "texture": "#0"},
				"up": {"uv": [15, 0, 16, 1], "texture": "#0"},
				"down": {"uv": [15, 0, 16, 1], "texture": "#0"}
			}
		},
		{
			"from": [3.6, 4.6, 12.4],
			"to": [4.6, 5.6, 13.4],
			"rotation": {"angle": 0, "axis": "y", "origin": [1.1, 2.2, 1.3]},
			"faces": {
				"north": {"uv": [14, 1, 15, 2], "texture": "#0"},
				"east": {"uv": [14, 0, 15, 1], "texture": "#0"},
				"south": {"uv": [15, 1, 16, 2], "texture": "#0"},
				"west": {"uv": [15, 0, 16, 1], "texture": "#0"},
				"up": {"uv": [15, 0, 16, 1], "texture": "#0"},
				"down": {"uv": [15, 0, 16, 1], "texture": "#0"}
			}
		},
		{
			"from": [6.4, 3.9, 6.2],
			"to": [7.4, 4.9, 7.2],
			"rotation": {"angle": 0, "axis": "y", "origin": [1.1, 2.2, 1.3]},
			"faces": {
				"north": {"uv": [14, 1, 15, 2], "texture": "#0"},
				"east": {"uv": [14, 0, 15, 1], "texture": "#0"},
				"south": {"uv": [15, 1, 16, 2], "texture": "#0"},
				"west": {"uv": [15, 0, 16, 1], "texture": "#0"},
				"up": {"uv": [15, 0, 16, 1], "texture": "#0"},
				"down": {"uv": [15, 0, 16, 1], "texture": "#0"}
			}
		},
		{
			"from": [6.1, 8.2, 12.8],
			"to": [7.1, 9.2, 13.8],
			"rotation": {"angle": 0, "axis": "y", "origin": [1.1, 2.2, 1.3]},
			"faces": {
				"north": {"uv": [14, 1, 15, 2], "texture": "#0"},
				"east": {"uv": [14, 0, 15, 1], "texture": "#0"},
				"south": {"uv": [15, 1, 16, 2], "texture": "#0"},
				"west": {"uv": [15, 0, 16, 1], "texture": "#0"},
				"up": {"uv": [15, 0, 16, 1], "texture": "#0"},
				"down": {"uv": [15, 0, 16, 1], "texture": "#0"}
			}
		},
		{
			"from": [9.1, 3, 12.9],
			"to": [10.1, 4, 13.9],
			"rotation": {"angle": 0, "axis": "y", "origin": [1.1, 2.2, 1.3]},
			"faces": {
				"north": {"uv": [14, 1, 15, 2], "texture": "#0"},
				"east": {"uv": [14, 0, 15, 1], "texture": "#0"},
				"south": {"uv": [15, 1, 16, 2], "texture": "#0"},
				"west": {"uv": [15, 0, 16, 1], "texture": "#0"},
				"up": {"uv": [15, 0, 16, 1], "texture": "#0"},
				"down": {"uv": [15, 0, 16, 1], "texture": "#0"}
			}
		},
		{
			"from": [5.6, 3.6, 12.9],
			"to": [6.6, 4.6, 13.9],
			"rotation": {"angle": 0, "axis": "y", "origin": [1.1, 2.2, 1.3]},
			"faces": {
				"north": {"uv": [14, 1, 15, 2], "texture": "#0"},
				"east": {"uv": [14, 0, 15, 1], "texture": "#0"},
				"south": {"uv": [15, 1, 16, 2], "texture": "#0"},
				"west": {"uv": [15, 0, 16, 1], "texture": "#0"},
				"up": {"uv": [15, 0, 16, 1], "texture": "#0"},
				"down": {"uv": [15, 0, 16, 1], "texture": "#0"}
			}
		},
		{
			"from": [7, 5.2, 12.4],
			"to": [8, 6.2, 13.4],
			"rotation": {"angle": 0, "axis": "y", "origin": [1.1, 2.2, 1.3]},
			"faces": {
				"north": {"uv": [14, 1, 15, 2], "texture": "#0"},
				"east": {"uv": [14, 0, 15, 1], "texture": "#0"},
				"south": {"uv": [15, 1, 16, 2], "texture": "#0"},
				"west": {"uv": [15, 0, 16, 1], "texture": "#0"},
				"up": {"uv": [15, 0, 16, 1], "texture": "#0"},
				"down": {"uv": [15, 0, 16, 1], "texture": "#0"}
			}
		},
		{
			"from": [12.8, 6.2, 6.7],
			"to": [13.8, 7.2, 7.7],
			"rotation": {"angle": 0, "axis": "y", "origin": [1.1, 2.2, 1.3]},
			"faces": {
				"north": {"uv": [14, 1, 15, 2], "texture": "#0"},
				"east": {"uv": [14, 0, 15, 1], "texture": "#0"},
				"south": {"uv": [15, 1, 16, 2], "texture": "#0"},
				"west": {"uv": [15, 0, 16, 1], "texture": "#0"},
				"up": {"uv": [15, 0, 16, 1], "texture": "#0"},
				"down": {"uv": [15, 0, 16, 1], "texture": "#0"}
			}
		},
		{
			"from": [8.2, -0.5, 5.1],
			"to": [9.2, 0.5, 6.1],
			"rotation": {"angle": 0, "axis": "y", "origin": [1.1, 0, 0.2]},
			"faces": {
				"north": {"uv": [13, 0, 14, 1], "texture": "#0"},
				"east": {"uv": [12, 0, 13, 1], "texture": "#0"},
				"south": {"uv": [13, 1, 14, 2], "texture": "#0"},
				"west": {"uv": [12, 1, 13, 2], "texture": "#0"},
				"up": {"uv": [13, 1, 14, 2], "texture": "#0"},
				"down": {"uv": [12, 0, 13, 1], "texture": "#0"}
			}
		},
		{
			"from": [9.9, 4.9, 2.7],
			"to": [10.9, 5.9, 3.7],
			"rotation": {"angle": 0, "axis": "y", "origin": [1.1, 0, 0.2]},
			"faces": {
				"north": {"uv": [13, 0, 14, 1], "texture": "#0"},
				"east": {"uv": [12, 0, 13, 1], "texture": "#0"},
				"south": {"uv": [13, 1, 14, 2], "texture": "#0"},
				"west": {"uv": [12, 1, 13, 2], "texture": "#0"},
				"up": {"uv": [13, 1, 14, 2], "texture": "#0"},
				"down": {"uv": [12, 0, 13, 1], "texture": "#0"}
			}
		},
		{
			"from": [12.3, 1.4, 4.9],
			"to": [13.3, 2.4, 5.9],
			"rotation": {"angle": 0, "axis": "y", "origin": [1.1, 0, 0.2]},
			"faces": {
				"north": {"uv": [14, 1, 15, 2], "texture": "#0"},
				"east": {"uv": [14, 0, 15, 1], "texture": "#0"},
				"south": {"uv": [15, 1, 16, 2], "texture": "#0"},
				"west": {"uv": [15, 0, 16, 1], "texture": "#0"},
				"up": {"uv": [15, 0, 16, 1], "texture": "#0"},
				"down": {"uv": [15, 0, 16, 1], "texture": "#0"}
			}
		},
		{
			"from": [11.4, 5.4, 3.3],
			"to": [12.4, 6.4, 4.3],
			"rotation": {"angle": 0, "axis": "y", "origin": [1.1, 0, 0.2]},
			"faces": {
				"north": {"uv": [14, 1, 15, 2], "texture": "#0"},
				"east": {"uv": [14, 0, 15, 1], "texture": "#0"},
				"south": {"uv": [15, 1, 16, 2], "texture": "#0"},
				"west": {"uv": [15, 0, 16, 1], "texture": "#0"},
				"up": {"uv": [15, 0, 16, 1], "texture": "#0"},
				"down": {"uv": [15, 0, 16, 1], "texture": "#0"}
			}
		},
		{
			"from": [12.3, 3, 3.9],
			"to": [13.3, 4, 4.9],
			"rotation": {"angle": 0, "axis": "y", "origin": [1.1, 0, 0.2]},
			"faces": {
				"north": {"uv": [13, 0, 14, 1], "texture": "#0"},
				"east": {"uv": [12, 0, 13, 1], "texture": "#0"},
				"south": {"uv": [13, 1, 14, 2], "texture": "#0"},
				"west": {"uv": [12, 1, 13, 2], "texture": "#0"},
				"up": {"uv": [13, 1, 14, 2], "texture": "#0"},
				"down": {"uv": [12, 0, 13, 1], "texture": "#0"}
			}
		},
		{
			"from": [12.8, 6.4, 4.4],
			"to": [13.8, 7.4, 5.4],
			"rotation": {"angle": 0, "axis": "y", "origin": [1.1, 0, 0.2]},
			"faces": {
				"north": {"uv": [13, 0, 14, 1], "texture": "#0"},
				"east": {"uv": [12, 0, 13, 1], "texture": "#0"},
				"south": {"uv": [13, 1, 14, 2], "texture": "#0"},
				"west": {"uv": [12, 1, 13, 2], "texture": "#0"},
				"up": {"uv": [13, 1, 14, 2], "texture": "#0"},
				"down": {"uv": [12, 0, 13, 1], "texture": "#0"}
			}
		},
		{
			"from": [12.8, 4.2, 7.7],
			"to": [13.8, 5.2, 8.7],
			"rotation": {"angle": 0, "axis": "y", "origin": [1.1, 0, 0.2]},
			"faces": {
				"north": {"uv": [14, 1, 15, 2], "texture": "#0"},
				"east": {"uv": [14, 0, 15, 1], "texture": "#0"},
				"south": {"uv": [15, 1, 16, 2], "texture": "#0"},
				"west": {"uv": [15, 0, 16, 1], "texture": "#0"},
				"up": {"uv": [15, 0, 16, 1], "texture": "#0"},
				"down": {"uv": [15, 0, 16, 1], "texture": "#0"}
			}
		},
		{
			"from": [12.8, 4, 5.6],
			"to": [13.8, 5, 6.6],
			"rotation": {"angle": 0, "axis": "y", "origin": [1.1, 0, 0.2]},
			"faces": {
				"north": {"uv": [14, 1, 15, 2], "texture": "#0"},
				"east": {"uv": [14, 0, 15, 1], "texture": "#0"},
				"south": {"uv": [15, 1, 16, 2], "texture": "#0"},
				"west": {"uv": [15, 0, 16, 1], "texture": "#0"},
				"up": {"uv": [15, 0, 16, 1], "texture": "#0"},
				"down": {"uv": [15, 0, 16, 1], "texture": "#0"}
			}
		},
		{
			"from": [10.2, 6.4, 7.7],
			"to": [11.2, 7.4, 8.7],
			"rotation": {"angle": 0, "axis": "y", "origin": [1.1, 0, 0.2]},
			"faces": {
				"north": {"uv": [13, 0, 14, 1], "texture": "#0"},
				"east": {"uv": [12, 0, 13, 1], "texture": "#0"},
				"south": {"uv": [13, 1, 14, 2], "texture": "#0"},
				"west": {"uv": [12, 1, 13, 2], "texture": "#0"},
				"up": {"uv": [13, 1, 14, 2], "texture": "#0"},
				"down": {"uv": [12, 0, 13, 1], "texture": "#0"}
			}
		},
		{
			"from": [13.9, 6.9, 7.7],
			"to": [14.9, 7.9, 8.7],
			"rotation": {"angle": 0, "axis": "y", "origin": [1.1, 0, 0.2]},
			"faces": {
				"north": {"uv": [14, 1, 15, 2], "texture": "#0"},
				"east": {"uv": [14, 0, 15, 1], "texture": "#0"},
				"south": {"uv": [15, 1, 16, 2], "texture": "#0"},
				"west": {"uv": [15, 0, 16, 1], "texture": "#0"},
				"up": {"uv": [15, 0, 16, 1], "texture": "#0"},
				"down": {"uv": [15, 0, 16, 1], "texture": "#0"}
			}
		},
		{
			"from": [10.5, 0.8, 9.2],
			"to": [11.5, 1.8, 10.2],
			"rotation": {"angle": 0, "axis": "y", "origin": [1.1, 0, 0.2]},
			"faces": {
				"north": {"uv": [14, 1, 15, 2], "texture": "#0"},
				"east": {"uv": [14, 0, 15, 1], "texture": "#0"},
				"south": {"uv": [15, 1, 16, 2], "texture": "#0"},
				"west": {"uv": [15, 0, 16, 1], "texture": "#0"},
				"up": {"uv": [15, 0, 16, 1], "texture": "#0"},
				"down": {"uv": [15, 0, 16, 1], "texture": "#0"}
			}
		},
		{
			"from": [13.9, 2.4, 7.7],
			"to": [14.9, 3.4, 8.7],
			"rotation": {"angle": 0, "axis": "y", "origin": [1.1, 0, 0.2]},
			"faces": {
				"north": {"uv": [14, 1, 15, 2], "texture": "#0"},
				"east": {"uv": [14, 0, 15, 1], "texture": "#0"},
				"south": {"uv": [15, 1, 16, 2], "texture": "#0"},
				"west": {"uv": [15, 0, 16, 1], "texture": "#0"},
				"up": {"uv": [15, 0, 16, 1], "texture": "#0"},
				"down": {"uv": [15, 0, 16, 1], "texture": "#0"}
			}
		},
		{
			"from": [11.9, 0.8, 10.4],
			"to": [12.9, 1.8, 11.4],
			"rotation": {"angle": 0, "axis": "y", "origin": [1.1, 0, 0.2]},
			"faces": {
				"north": {"uv": [13, 0, 14, 1], "texture": "#0"},
				"east": {"uv": [12, 0, 13, 1], "texture": "#0"},
				"south": {"uv": [13, 1, 14, 2], "texture": "#0"},
				"west": {"uv": [12, 1, 13, 2], "texture": "#0"},
				"up": {"uv": [13, 1, 14, 2], "texture": "#0"},
				"down": {"uv": [12, 0, 13, 1], "texture": "#0"}
			}
		},
		{
			"from": [11.9, 4.8, 9.2],
			"to": [12.9, 5.8, 10.2],
			"rotation": {"angle": 0, "axis": "y", "origin": [1.1, 0, 0.2]},
			"faces": {
				"north": {"uv": [14, 1, 15, 2], "texture": "#0"},
				"east": {"uv": [14, 0, 15, 1], "texture": "#0"},
				"south": {"uv": [15, 1, 16, 2], "texture": "#0"},
				"west": {"uv": [15, 0, 16, 1], "texture": "#0"},
				"up": {"uv": [15, 0, 16, 1], "texture": "#0"},
				"down": {"uv": [15, 0, 16, 1], "texture": "#0"}
			}
		},
		{
			"from": [11, 4.8, 12.3],
			"to": [12, 5.8, 13.3],
			"rotation": {"angle": 0, "axis": "y", "origin": [1.1, 0, 0.2]},
			"faces": {
				"north": {"uv": [14, 1, 15, 2], "texture": "#0"},
				"east": {"uv": [14, 0, 15, 1], "texture": "#0"},
				"south": {"uv": [15, 1, 16, 2], "texture": "#0"},
				"west": {"uv": [15, 0, 16, 1], "texture": "#0"},
				"up": {"uv": [15, 0, 16, 1], "texture": "#0"},
				"down": {"uv": [15, 0, 16, 1], "texture": "#0"}
			}
		},
		{
			"from": [10.3, 3.2, 12.3],
			"to": [11.3, 4.2, 13.3],
			"rotation": {"angle": 0, "axis": "y", "origin": [1.1, 0, 0.2]},
			"faces": {
				"north": {"uv": [13, 0, 14, 1], "texture": "#0"},
				"east": {"uv": [12, 0, 13, 1], "texture": "#0"},
				"south": {"uv": [13, 1, 14, 2], "texture": "#0"},
				"west": {"uv": [12, 1, 13, 2], "texture": "#0"},
				"up": {"uv": [13, 1, 14, 2], "texture": "#0"},
				"down": {"uv": [12, 0, 13, 1], "texture": "#0"}
			}
		},
		{
			"from": [10.3, 5.6, 10],
			"to": [11.3, 6.6, 11],
			"rotation": {"angle": 0, "axis": "y", "origin": [1.1, 0, 0.2]},
			"faces": {
				"north": {"uv": [14, 1, 15, 2], "texture": "#0"},
				"east": {"uv": [14, 0, 15, 1], "texture": "#0"},
				"south": {"uv": [15, 1, 16, 2], "texture": "#0"},
				"west": {"uv": [15, 0, 16, 1], "texture": "#0"},
				"up": {"uv": [15, 0, 16, 1], "texture": "#0"},
				"down": {"uv": [15, 0, 16, 1], "texture": "#0"}
			}
		},
		{
			"from": [7.1, 7.4, 14.7],
			"to": [8.1, 8.4, 15.7],
			"rotation": {"angle": 0, "axis": "y", "origin": [1.1, 0, 0.2]},
			"faces": {
				"north": {"uv": [14, 1, 15, 2], "texture": "#0"},
				"east": {"uv": [14, 0, 15, 1], "texture": "#0"},
				"south": {"uv": [15, 1, 16, 2], "texture": "#0"},
				"west": {"uv": [15, 0, 16, 1], "texture": "#0"},
				"up": {"uv": [15, 0, 16, 1], "texture": "#0"},
				"down": {"uv": [15, 0, 16, 1], "texture": "#0"}
			}
		},
		{
			"from": [3.1, 6.8, 9.5],
			"to": [4.1, 7.8, 10.5],
			"rotation": {"angle": 0, "axis": "y", "origin": [1.1, 0, 0.2]},
			"faces": {
				"north": {"uv": [14, 1, 15, 2], "texture": "#0"},
				"east": {"uv": [14, 0, 15, 1], "texture": "#0"},
				"south": {"uv": [15, 1, 16, 2], "texture": "#0"},
				"west": {"uv": [15, 0, 16, 1], "texture": "#0"},
				"up": {"uv": [15, 0, 16, 1], "texture": "#0"},
				"down": {"uv": [15, 0, 16, 1], "texture": "#0"}
			}
		},
		{
			"from": [9.4, 7.4, 12],
			"to": [10.4, 8.4, 13],
			"rotation": {"angle": 0, "axis": "y", "origin": [1.1, 0, 0.2]},
			"faces": {
				"north": {"uv": [13, 0, 14, 1], "texture": "#0"},
				"east": {"uv": [12, 0, 13, 1], "texture": "#0"},
				"south": {"uv": [13, 1, 14, 2], "texture": "#0"},
				"west": {"uv": [12, 1, 13, 2], "texture": "#0"},
				"up": {"uv": [13, 1, 14, 2], "texture": "#0"},
				"down": {"uv": [12, 0, 13, 1], "texture": "#0"}
			}
		},
		{
			"from": [9.4, 5.7, 13.9],
			"to": [10.4, 6.7, 14.9],
			"rotation": {"angle": 0, "axis": "y", "origin": [1.1, 0, 0.2]},
			"faces": {
				"north": {"uv": [13, 0, 14, 1], "texture": "#0"},
				"east": {"uv": [12, 0, 13, 1], "texture": "#0"},
				"south": {"uv": [13, 1, 14, 2], "texture": "#0"},
				"west": {"uv": [12, 1, 13, 2], "texture": "#0"},
				"up": {"uv": [13, 1, 14, 2], "texture": "#0"},
				"down": {"uv": [12, 0, 13, 1], "texture": "#0"}
			}
		},
		{
			"from": [9.4, 5.7, 8.9],
			"to": [10.4, 6.7, 9.9],
			"rotation": {"angle": 0, "axis": "y", "origin": [1.1, 0, 0.2]},
			"faces": {
				"north": {"uv": [13, 0, 14, 1], "texture": "#0"},
				"east": {"uv": [12, 0, 13, 1], "texture": "#0"},
				"south": {"uv": [13, 1, 14, 2], "texture": "#0"},
				"west": {"uv": [12, 1, 13, 2], "texture": "#0"},
				"up": {"uv": [13, 1, 14, 2], "texture": "#0"},
				"down": {"uv": [12, 0, 13, 1], "texture": "#0"}
			}
		},
		{
			"from": [6.4, 6.1, 8.9],
			"to": [7.4, 7.1, 9.9],
			"rotation": {"angle": 0, "axis": "y", "origin": [1.1, 0, 0.2]},
			"faces": {
				"north": {"uv": [14, 1, 15, 2], "texture": "#0"},
				"east": {"uv": [14, 0, 15, 1], "texture": "#0"},
				"south": {"uv": [15, 1, 16, 2], "texture": "#0"},
				"west": {"uv": [15, 0, 16, 1], "texture": "#0"},
				"up": {"uv": [15, 0, 16, 1], "texture": "#0"},
				"down": {"uv": [15, 0, 16, 1], "texture": "#0"}
			}
		},
		{
			"from": [7.8, 4.3, 11.3],
			"to": [8.8, 5.3, 12.3],
			"rotation": {"angle": 0, "axis": "y", "origin": [1.1, 0, 0.2]},
			"faces": {
				"north": {"uv": [13, 0, 14, 1], "texture": "#0"},
				"east": {"uv": [12, 0, 13, 1], "texture": "#0"},
				"south": {"uv": [13, 1, 14, 2], "texture": "#0"},
				"west": {"uv": [12, 1, 13, 2], "texture": "#0"},
				"up": {"uv": [13, 1, 14, 2], "texture": "#0"},
				"down": {"uv": [12, 0, 13, 1], "texture": "#0"}
			}
		},
		{
			"from": [7, 3, 11.3],
			"to": [8, 4, 12.3],
			"rotation": {"angle": 0, "axis": "y", "origin": [1.1, 0, 0.2]},
			"faces": {
				"north": {"uv": [14, 1, 15, 2], "texture": "#0"},
				"east": {"uv": [14, 0, 15, 1], "texture": "#0"},
				"south": {"uv": [15, 1, 16, 2], "texture": "#0"},
				"west": {"uv": [15, 0, 16, 1], "texture": "#0"},
				"up": {"uv": [15, 0, 16, 1], "texture": "#0"},
				"down": {"uv": [15, 0, 16, 1], "texture": "#0"}
			}
		},
		{
			"from": [4.6, 4.3, 11.3],
			"to": [5.6, 5.3, 12.3],
			"rotation": {"angle": 0, "axis": "y", "origin": [1.1, 0, 0.2]},
			"faces": {
				"north": {"uv": [14, 1, 15, 2], "texture": "#0"},
				"east": {"uv": [14, 0, 15, 1], "texture": "#0"},
				"south": {"uv": [15, 1, 16, 2], "texture": "#0"},
				"west": {"uv": [15, 0, 16, 1], "texture": "#0"},
				"up": {"uv": [15, 0, 16, 1], "texture": "#0"},
				"down": {"uv": [15, 0, 16, 1], "texture": "#0"}
			}
		},
		{
			"from": [9, 6.1, 4.8],
			"to": [10, 7.1, 5.8],
			"rotation": {"angle": 0, "axis": "y", "origin": [1.1, 0, 0.2]},
			"faces": {
				"north": {"uv": [14, 1, 15, 2], "texture": "#0"},
				"east": {"uv": [14, 0, 15, 1], "texture": "#0"},
				"south": {"uv": [15, 1, 16, 2], "texture": "#0"},
				"west": {"uv": [15, 0, 16, 1], "texture": "#0"},
				"up": {"uv": [15, 0, 16, 1], "texture": "#0"},
				"down": {"uv": [15, 0, 16, 1], "texture": "#0"}
			}
		},
		{
			"from": [8.4, 5.7, 1.8],
			"to": [9.4, 6.7, 2.8],
			"rotation": {"angle": 0, "axis": "y", "origin": [1.1, 0, 0.2]},
			"faces": {
				"north": {"uv": [13, 0, 14, 1], "texture": "#0"},
				"east": {"uv": [12, 0, 13, 1], "texture": "#0"},
				"south": {"uv": [13, 1, 14, 2], "texture": "#0"},
				"west": {"uv": [12, 1, 13, 2], "texture": "#0"},
				"up": {"uv": [13, 1, 14, 2], "texture": "#0"},
				"down": {"uv": [12, 0, 13, 1], "texture": "#0"}
			}
		},
		{
			"from": [3.6, 2.4, 11.3],
			"to": [4.6, 3.4, 12.3],
			"rotation": {"angle": 0, "axis": "y", "origin": [1.1, 0, 0.2]},
			"faces": {
				"north": {"uv": [14, 1, 15, 2], "texture": "#0"},
				"east": {"uv": [14, 0, 15, 1], "texture": "#0"},
				"south": {"uv": [15, 1, 16, 2], "texture": "#0"},
				"west": {"uv": [15, 0, 16, 1], "texture": "#0"},
				"up": {"uv": [15, 0, 16, 1], "texture": "#0"},
				"down": {"uv": [15, 0, 16, 1], "texture": "#0"}
			}
		},
		{
			"from": [5.3, 4.6, 4.8],
			"to": [6.3, 5.6, 5.8],
			"rotation": {"angle": 0, "axis": "y", "origin": [1.1, 0, 0.2]},
			"faces": {
				"north": {"uv": [14, 1, 15, 2], "texture": "#0"},
				"east": {"uv": [14, 0, 15, 1], "texture": "#0"},
				"south": {"uv": [15, 1, 16, 2], "texture": "#0"},
				"west": {"uv": [15, 0, 16, 1], "texture": "#0"},
				"up": {"uv": [15, 0, 16, 1], "texture": "#0"},
				"down": {"uv": [15, 0, 16, 1], "texture": "#0"}
			}
		},
		{
			"from": [8.4, 6.8, 6],
			"to": [9.4, 7.8, 7],
			"rotation": {"angle": 0, "axis": "y", "origin": [1.1, 0, 0.2]},
			"faces": {
				"north": {"uv": [13, 0, 14, 1], "texture": "#0"},
				"east": {"uv": [12, 0, 13, 1], "texture": "#0"},
				"south": {"uv": [13, 1, 14, 2], "texture": "#0"},
				"west": {"uv": [12, 1, 13, 2], "texture": "#0"},
				"up": {"uv": [13, 1, 14, 2], "texture": "#0"},
				"down": {"uv": [12, 0, 13, 1], "texture": "#0"}
			}
		},
		{
			"from": [5.4, 6.8, 6.8],
			"to": [6.4, 7.8, 7.8],
			"rotation": {"angle": 0, "axis": "y", "origin": [1.1, 0, 0.2]},
			"faces": {
				"north": {"uv": [13, 0, 14, 1], "texture": "#0"},
				"east": {"uv": [12, 0, 13, 1], "texture": "#0"},
				"south": {"uv": [13, 1, 14, 2], "texture": "#0"},
				"west": {"uv": [12, 1, 13, 2], "texture": "#0"},
				"up": {"uv": [13, 1, 14, 2], "texture": "#0"},
				"down": {"uv": [12, 0, 13, 1], "texture": "#0"}
			}
		},
		{
			"from": [6.4, 1.7, 5.1],
			"to": [7.4, 2.7, 6.1],
			"rotation": {"angle": 0, "axis": "y", "origin": [1.1, 0, 0.2]},
			"faces": {
				"north": {"uv": [14, 1, 15, 2], "texture": "#0"},
				"east": {"uv": [14, 0, 15, 1], "texture": "#0"},
				"south": {"uv": [15, 1, 16, 2], "texture": "#0"},
				"west": {"uv": [15, 0, 16, 1], "texture": "#0"},
				"up": {"uv": [15, 0, 16, 1], "texture": "#0"},
				"down": {"uv": [15, 0, 16, 1], "texture": "#0"}
			}
		},
		{
			"from": [3.3, 4, 5.1],
			"to": [4.3, 5, 6.1],
			"rotation": {"angle": 0, "axis": "y", "origin": [1.1, 0, 0.2]},
			"faces": {
				"north": {"uv": [13, 0, 14, 1], "texture": "#0"},
				"east": {"uv": [12, 0, 13, 1], "texture": "#0"},
				"south": {"uv": [13, 1, 14, 2], "texture": "#0"},
				"west": {"uv": [12, 1, 13, 2], "texture": "#0"},
				"up": {"uv": [13, 1, 14, 2], "texture": "#0"},
				"down": {"uv": [12, 0, 13, 1], "texture": "#0"}
			}
		},
		{
			"from": [5.1, 2.3, 3.3],
			"to": [6.1, 3.3, 4.3],
			"rotation": {"angle": 0, "axis": "y", "origin": [1.1, 0, 0.2]},
			"faces": {
				"north": {"uv": [14, 1, 15, 2], "texture": "#0"},
				"east": {"uv": [14, 0, 15, 1], "texture": "#0"},
				"south": {"uv": [15, 1, 16, 2], "texture": "#0"},
				"west": {"uv": [15, 0, 16, 1], "texture": "#0"},
				"up": {"uv": [15, 0, 16, 1], "texture": "#0"},
				"down": {"uv": [15, 0, 16, 1], "texture": "#0"}
			}
		},
		{
			"from": [5.6, 1.4, 11.8],
			"to": [6.6, 2.4, 12.8],
			"rotation": {"angle": 0, "axis": "y", "origin": [1.1, 0, 0.2]},
			"faces": {
				"north": {"uv": [14, 1, 15, 2], "texture": "#0"},
				"east": {"uv": [14, 0, 15, 1], "texture": "#0"},
				"south": {"uv": [15, 1, 16, 2], "texture": "#0"},
				"west": {"uv": [15, 0, 16, 1], "texture": "#0"},
				"up": {"uv": [15, 0, 16, 1], "texture": "#0"},
				"down": {"uv": [15, 0, 16, 1], "texture": "#0"}
			}
		},
		{
			"from": [9.1, 0.8, 11.8],
			"to": [10.1, 1.8, 12.8],
			"rotation": {"angle": 0, "axis": "y", "origin": [1.1, 0, 0.2]},
			"faces": {
				"north": {"uv": [14, 1, 15, 2], "texture": "#0"},
				"east": {"uv": [14, 0, 15, 1], "texture": "#0"},
				"south": {"uv": [15, 1, 16, 2], "texture": "#0"},
				"west": {"uv": [15, 0, 16, 1], "texture": "#0"},
				"up": {"uv": [15, 0, 16, 1], "texture": "#0"},
				"down": {"uv": [15, 0, 16, 1], "texture": "#0"}
			}
		},
		{
			"from": [6.1, 0.8, 8.4],
			"to": [7.1, 1.8, 9.4],
			"rotation": {"angle": 0, "axis": "y", "origin": [1.1, 0, 0.2]},
			"faces": {
				"north": {"uv": [13, 0, 14, 1], "texture": "#0"},
				"east": {"uv": [12, 0, 13, 1], "texture": "#0"},
				"south": {"uv": [13, 1, 14, 2], "texture": "#0"},
				"west": {"uv": [12, 1, 13, 2], "texture": "#0"},
				"up": {"uv": [13, 1, 14, 2], "texture": "#0"},
				"down": {"uv": [12, 0, 13, 1], "texture": "#0"}
			}
		},
		{
			"from": [6.1, 6, 11.7],
			"to": [7.1, 7, 12.7],
			"rotation": {"angle": 0, "axis": "y", "origin": [1.1, 0, 0.2]},
			"faces": {
				"north": {"uv": [14, 1, 15, 2], "texture": "#0"},
				"east": {"uv": [14, 0, 15, 1], "texture": "#0"},
				"south": {"uv": [15, 1, 16, 2], "texture": "#0"},
				"west": {"uv": [15, 0, 16, 1], "texture": "#0"},
				"up": {"uv": [15, 0, 16, 1], "texture": "#0"},
				"down": {"uv": [15, 0, 16, 1], "texture": "#0"}
			}
		},
		{
			"from": [3.3, 6, 7.5],
			"to": [4.3, 7, 8.5],
			"rotation": {"angle": 0, "axis": "y", "origin": [1.1, 0, 0.2]},
			"faces": {
				"north": {"uv": [13, 0, 14, 1], "texture": "#0"},
				"east": {"uv": [12, 0, 13, 1], "texture": "#0"},
				"south": {"uv": [13, 1, 14, 2], "texture": "#0"},
				"west": {"uv": [12, 1, 13, 2], "texture": "#0"},
				"up": {"uv": [13, 1, 14, 2], "texture": "#0"},
				"down": {"uv": [12, 0, 13, 1], "texture": "#0"}
			}
		},
		{
			"from": [3.3, 1, 7.5],
			"to": [4.3, 2, 8.5],
			"rotation": {"angle": 0, "axis": "y", "origin": [1.1, 0, 0.2]},
			"faces": {
				"north": {"uv": [14, 1, 15, 2], "texture": "#0"},
				"east": {"uv": [14, 0, 15, 1], "texture": "#0"},
				"south": {"uv": [15, 1, 16, 2], "texture": "#0"},
				"west": {"uv": [15, 0, 16, 1], "texture": "#0"},
				"up": {"uv": [15, 0, 16, 1], "texture": "#0"},
				"down": {"uv": [15, 0, 16, 1], "texture": "#0"}
			}
		}
	],
	"display": {
		"thirdperson_righthand": {
			"rotation": [-148.06, 4.84, -178.05],
			"translation": [0, 7.5, 0],
			"scale": [0.75898, 0.81367, 0.73359]
		},
		"thirdperson_lefthand": {
			"rotation": [-148.06, 4.84, -178.05],
			"translation": [0, 7.5, 0],
			"scale": [0.75898, 0.81367, 0.73359]
		},
		"firstperson_righthand": {
			"rotation": [-154.06, 4.84, -178.05],
			"translation": [0, 7.5, 1.25],
			"scale": [0.75898, 0.81367, 0.62617]
		},
		"firstperson_lefthand": {
			"rotation": [-154.06, 4.84, -178.05],
			"translation": [0, 7.5, 1.25],
			"scale": [0.75898, 0.81367, 0.62617]
		},
		"ground": {
			"rotation": [-43.48, -8.16, 20.33],
			"translation": [0, 2, 0],
			"scale": [0.5, 0.5, 0.5]
		},
		"gui": {
			"rotation": [-105, -80.23, -121.55],
			"translation": [0, 3.25, 0],
			"scale": [1, 1.19727, 1]
		},
		"head": {
			"rotation": [0, 180, 0],
			"translation": [0, 11.5, -1.5]
		},
		"fixed": {
			"rotation": [0, 80.75, 0],
			"translation": [0, 2.5, 0],
			"scale": [1, 1.15039, 1]
		}
	},
	"groups": [
		{
			"name": "konare",
			"origin": [-1, 3.575, -0.69375],
			"color": 0,
			"children": [0, 1, 2, 3, 4, 5, 6, 7, 8, 9, 10, 11]
		},
		{
			"name": "listy",
			"origin": [1.1, 0, 0.2],
			"color": 0,
			"children": [12, 13, 14, 15, 16, 17, 18, 19, 20, 21, 22, 23, 24, 25, 26, 27, 28, 29, 30, 31, 32, 33, 34, 35, 36, 37, 38, 39, 40, 41, 42, 43, 44, 45, 46, 47, 48, 49, 50, 51, 52, 53, 54, 55, 56, 57, 58, 59, 60, 61, 62, 63, 64, 65, 66, 67, 68, 69, 70, 71, 72, 73, 74, 75, 76, 77, 78, 79, 80, 81, 82, 83, 84, 85, 86, 87, 88]
		}
	]
}