{
	"credit": "MineBreak",
	"parent": "minebreak/misc/tables",
	"textures": {
		"0": "minecraft:minebreak/misc/control_panel/control_panel_top",
		"1": "minecraft:minebreak/misc/control_panel/buttons_and_riot",
		"2": "minecraft:block/polished_andesite"
	},
	"elements": [
		{
			"from": [2, 17.5, 4],
			"to": [14, 18.5, 13],
			"rotation": {"angle": -22.5, "axis": "x", "origin": [8, 25.5, 12]},
			"faces": {
				"north": {"uv": [0, 1, 16, 16], "texture": "#2"},
				"east": {"uv": [0, 0, 16, 1], "texture": "#2"},
				"south": {"uv": [0, 0, 16, 1], "texture": "#2"},
				"west": {"uv": [0, 0, 16, 1], "texture": "#2"},
				"up": {"uv": [0, 1, 16, 16], "texture": "#2"},
				"down": {"uv": [0, 1, 16, 16], "texture": "#2"}
			}
		},
		{
			"from": [2.1, 0, 7.3],
			"to": [13.9, 16, 8.3],
			"rotation": {"angle": 0, "axis": "y", "origin": [21, 22, 15.3]},
			"faces": {
				"north": {"uv": [2, 0, 14, 15], "texture": "#2"},
				"east": {"uv": [0, 0, 1, 16], "texture": "#2"},
				"south": {"uv": [0, 0, 11.8, 16], "texture": "#2"},
				"west": {"uv": [0, 0, 1, 16], "texture": "#2"},
				"up": {"uv": [0, 0, 11.8, 1], "texture": "#0"},
				"down": {"uv": [0, 0, 11.8, 1], "texture": "#2"}
			}
		},
		{
			"from": [2.1, 0, 8.3],
			"to": [3, 16.3, 10.6],
			"rotation": {"angle": 0, "axis": "y", "origin": [10, 22, 16.3]},
			"faces": {
				"east": {"uv": [9, 0, 11.3, 16], "texture": "#2"},
				"west": {"uv": [5, 1, 7, 16], "texture": "#2"},
				"down": {"uv": [9, 0, 11.3, 16], "texture": "#2"}
			}
		},
		{
			"from": [2.1, 0, 10.6],
			"to": [3, 17.3, 12.9],
			"rotation": {"angle": 0, "axis": "y", "origin": [10, 22, 18.6]},
			"faces": {
				"east": {"uv": [1, 1, 3.3, 17], "texture": "#2"},
				"west": {"uv": [3, 1, 5, 16], "texture": "#2"},
				"down": {"uv": [1, 1, 3.3, 17], "texture": "#2"}
			}
		},
		{
			"from": [2.1, 0, 12.9],
			"to": [3, 18.2, 15.2],
			"rotation": {"angle": 0, "axis": "y", "origin": [10, 22, 20.9]},
			"faces": {
				"east": {"uv": [1, 1, 3.3, 17], "texture": "#2"},
				"west": {"uv": [1, 1, 3, 16], "texture": "#2"},
				"down": {"uv": [1, 1, 3.3, 17], "texture": "#2"}
			}
		},
		{
			"from": [2.1, 0, 15.2],
			"to": [3, 18.7, 15.9],
			"rotation": {"angle": 0, "axis": "y", "origin": [10, 22, 23.2]},
			"faces": {
				"east": {"uv": [0, 0, 0.9, 16], "texture": "#2"},
				"south": {"uv": [0, 0, 0.9, 16], "texture": "#2"},
				"west": {"uv": [0, 0, 0.9, 16], "texture": "#2"},
				"up": {"uv": [0, 0, 0.9, 16], "texture": "#2"},
				"down": {"uv": [0, 0, 0.9, 16], "texture": "#2"}
			}
		},
		{
			"from": [2, 0, 7.2],
			"to": [2.9, 15.7, 7.9],
			"rotation": {"angle": 0, "axis": "y", "origin": [10, 22, 23.2]},
			"faces": {
				"north": {"uv": [0, 0, 0.9, 16], "texture": "#2"},
				"east": {"uv": [0, 0, 0.9, 16], "texture": "#2"},
				"south": {"uv": [0, 0, 0.9, 16], "texture": "#2"},
				"west": {"uv": [0, 0, 0.9, 16], "texture": "#2"},
				"up": {"uv": [0, 0, 0.9, 16], "texture": "#2"},
				"down": {"uv": [0, 0, 0.9, 16], "texture": "#2"}
			}
		},
		{
			"from": [13.1, 0, 7.2],
			"to": [14, 15.7, 7.9],
			"rotation": {"angle": 0, "axis": "y", "origin": [10, 22, 23.2]},
			"faces": {
				"north": {"uv": [0, 0, 0.9, 16], "texture": "#2"},
				"east": {"uv": [0, 0, 0.9, 16], "texture": "#2"},
				"south": {"uv": [0, 0, 0.9, 16], "texture": "#2"},
				"west": {"uv": [0, 0, 0.9, 16], "texture": "#2"},
				"up": {"uv": [0, 0, 0.9, 16], "texture": "#2"},
				"down": {"uv": [0, 0, 0.9, 16], "texture": "#2"}
			}
		},
		{
			"from": [13, 0, 8.3],
			"to": [13.9, 16.3, 10.6],
			"rotation": {"angle": 0, "axis": "y", "origin": [20.9, 22, 16.3]},
			"faces": {
				"east": {"uv": [10, 1, 12, 16], "texture": "#2"},
				"west": {"uv": [10, 1, 12, 16], "texture": "#2"},
				"down": {"uv": [10, 1, 12, 16], "texture": "#2"}
			}
		},
		{
			"from": [13, 0, 10.6],
			"to": [13.9, 17.3, 12.9],
			"rotation": {"angle": 0, "axis": "y", "origin": [20.9, 22, 18.6]},
			"faces": {
				"east": {"uv": [8, 1, 10, 16], "texture": "#2"},
				"west": {"uv": [10, 1, 12, 16], "texture": "#2"},
				"down": {"uv": [10, 1, 12, 16], "texture": "#2"}
			}
		},
		{
			"from": [13, 0, 12.9],
			"to": [13.9, 18.2, 15.2],
			"rotation": {"angle": 0, "axis": "y", "origin": [20.9, 22, 20.9]},
			"faces": {
				"east": {"uv": [6, 1, 8, 16], "texture": "#2"},
				"west": {"uv": [10, 1, 12, 16], "texture": "#2"},
				"down": {"uv": [10, 1, 12, 16], "texture": "#2"}
			}
		},
		{
			"from": [13, 0, 15.2],
			"to": [13.9, 18.7, 15.9],
			"rotation": {"angle": 0, "axis": "y", "origin": [20.9, 22, 23.2]},
			"faces": {
				"east": {"uv": [0, 0, 0.9, 16], "texture": "#2"},
				"south": {"uv": [0, 0, 0.9, 16], "texture": "#2"},
				"west": {"uv": [0, 0, 0.9, 16], "texture": "#2"},
				"up": {"uv": [0, 0, 0.9, 16], "texture": "#2"},
				"down": {"uv": [0, 0, 0.9, 16], "texture": "#2"}
			}
		},
		{
			"from": [2.3, 0, 14.8],
			"to": [13.8, 18.4, 15.8],
			"rotation": {"angle": 0, "axis": "y", "origin": [21, 22, 22.8]},
			"faces": {
				"north": {"uv": [0, 0, 11.5, 4.4], "texture": "#0"},
				"east": {"uv": [0, 0, 1, 4.4], "texture": "#0"},
				"south": {"uv": [2, 1, 14, 16], "texture": "#2"},
				"west": {"uv": [0, 0, 1, 4.4], "texture": "#0"},
				"up": {"uv": [0, 0, 11.5, 1], "texture": "#0"},
				"down": {"uv": [0, 0, 11.5, 1], "texture": "#0"}
			}
		},
		{
			"from": [9.7, 20.5, 9.9],
			"to": [10.7, 21.5, 10.9],
			"rotation": {"angle": -22.5, "axis": "x", "origin": [17.7, 28.5, 17.9]},
			"faces": {
				"north": {"uv": [0, 0, 1, 1], "texture": "#1"},
				"east": {"uv": [0, 0, 1, 1], "texture": "#1"},
				"south": {"uv": [0, 0, 1, 1], "texture": "#1"},
				"west": {"uv": [0, 0, 1, 1], "texture": "#1"},
				"up": {"uv": [0, 0, 2, 3], "texture": "#1"}
			}
		},
		{
			"from": [9.4, 18.9, 14.3],
			"to": [11, 20.5, 14.8],
			"rotation": {"angle": -45, "axis": "x", "origin": [10.2, 19.9875, 14.1375]},
			"faces": {
				"north": {"uv": [0, 4, 2, 6], "texture": "#1"},
				"east": {"uv": [1, 4, 2, 6], "texture": "#1"},
				"south": {"uv": [1, 5, 3, 7], "texture": "#1"},
				"west": {"uv": [1, 5, 2, 7], "texture": "#1"},
				"up": {"uv": [0, 4, 2, 5], "texture": "#1"},
				"down": {"uv": [0, 6, 2, 7], "texture": "#1"}
			}
		},
		{
			"from": [8.95, 18.95, 13.6],
			"to": [9.45, 20.55, 14.4],
			"rotation": {"angle": -45, "axis": "x", "origin": [10.2, 19.9875, 14.1375]},
			"faces": {
				"north": {"uv": [0, 5, 2, 6], "rotation": 90, "texture": "#1"},
				"east": {"uv": [0, 0, 1.6, 0.8], "rotation": 90, "texture": "#1"},
				"south": {"uv": [0, 5, 2, 6], "rotation": 90, "texture": "#1"},
				"west": {"uv": [0, 3, 2, 4], "rotation": 270, "texture": "#1"},
				"up": {"uv": [1, 4, 2, 5], "texture": "#1"},
				"down": {"uv": [2, 5, 3, 6], "rotation": 180, "texture": "#1"}
			}
		},
		{
			"from": [9.4, 20.5, 13.6],
			"to": [11, 21, 14.4],
			"rotation": {"angle": -45, "axis": "x", "origin": [10.2, 19.9875, 14.1375]},
			"faces": {
				"north": {"uv": [0, 5, 2, 6], "rotation": 180, "texture": "#1"},
				"east": {"uv": [1, 5, 2, 6], "rotation": 90, "texture": "#1"},
				"south": {"uv": [1, 4, 3, 5], "texture": "#1"},
				"west": {"uv": [1, 6, 2, 7], "rotation": 270, "texture": "#1"},
				"up": {"uv": [1, 5, 3, 6], "texture": "#1"},
				"down": {"uv": [1, 5, 3, 6], "rotation": 180, "texture": "#1"}
			}
		},
		{
			"from": [10.95, 18.95, 13.6],
			"to": [11.45, 20.55, 14.4],
			"rotation": {"angle": -45, "axis": "x", "origin": [10.2, 19.9875, 14.1375]},
			"faces": {
				"north": {"uv": [0, 6, 2, 7], "rotation": 90, "texture": "#1"},
				"east": {"uv": [0, 3, 2, 4], "rotation": 90, "texture": "#1"},
				"south": {"uv": [1, 5, 3, 6], "rotation": 90, "texture": "#1"},
				"west": {"uv": [1, 4, 3, 5], "rotation": 270, "texture": "#1"},
				"up": {"uv": [0, 4, 1, 5], "texture": "#1"},
				"down": {"uv": [1, 4, 2, 5], "rotation": 180, "texture": "#1"}
			}
		},
		{
			"from": [9.7, 19.1, 14.8],
			"to": [10.7, 19.4, 15.3],
			"rotation": {"angle": 0, "axis": "y", "origin": [17.4, 27.4, 22.8]},
			"faces": {
				"north": {"uv": [5, 1, 6, 1], "texture": "#1"},
				"east": {"uv": [5, 1, 6, 1], "texture": "#1"},
				"south": {"uv": [5, 1, 6, 1], "texture": "#1"},
				"west": {"uv": [6, 1, 7, 1], "texture": "#1"},
				"up": {"uv": [6, 0, 7, 1], "texture": "#1"},
				"down": {"uv": [5, 1, 6, 2], "texture": "#1"}
			}
		},
		{
			"from": [5.9, 19.5432, 13.5116],
			"to": [6.5, 19.6432, 13.9116],
			"rotation": {"angle": 22.5, "axis": "x", "origin": [6.2, 19.5932, 14.0116]},
			"faces": {
				"north": {"uv": [5, 7, 7, 8], "texture": "#1"},
				"east": {"uv": [5, 7, 7, 8], "texture": "#1"},
				"south": {"uv": [5, 7, 7, 8], "texture": "#1"},
				"west": {"uv": [5, 7, 7, 8], "texture": "#1"},
				"up": {"uv": [5, 7, 7, 8], "texture": "#1"},
				"down": {"uv": [5, 7, 7, 8], "texture": "#1"}
			}
		},
		{
			"from": [6, 18.7182, 13.4866],
			"to": [6.425, 18.8182, 13.8866],
			"rotation": {"angle": -22.5, "axis": "x", "origin": [6.2, 18.7682, 13.9866]},
			"faces": {
				"north": {"uv": [5, 0, 6, 1], "texture": "#1"},
				"east": {"uv": [5, 0, 6, 1], "texture": "#1"},
				"south": {"uv": [5, 0, 6, 1], "texture": "#1"},
				"west": {"uv": [5, 0, 6, 1], "texture": "#1"},
				"up": {"uv": [5, 0, 6, 1], "texture": "#1"}
			}
		},
		{
			"from": [6.1, 18.8182, 13.5616],
			"to": [6.325, 19.2182, 13.7616],
			"rotation": {"angle": -22.5, "axis": "x", "origin": [6.2, 18.8682, 14.0616]},
			"faces": {
				"north": {"uv": [5, 3, 7, 4], "texture": "#1"},
				"east": {"uv": [5, 3, 7, 4], "texture": "#1"},
				"south": {"uv": [5, 3, 7, 4], "texture": "#1"},
				"west": {"uv": [5, 3, 7, 4], "texture": "#1"},
				"up": {"uv": [5, 3, 7, 4], "texture": "#1"}
			}
		},
		{
			"from": [6.125, 19.1682, 13.4366],
			"to": [6.3, 19.5682, 13.5866],
			"rotation": {"angle": -22.5, "axis": "x", "origin": [6.2, 19.2182, 13.9116]},
			"faces": {
				"north": {"uv": [5, 2, 6, 3], "texture": "#1"},
				"east": {"uv": [5, 2, 6, 3], "texture": "#1"},
				"south": {"uv": [5, 2, 6, 3], "texture": "#1"},
				"west": {"uv": [5, 2, 6, 3], "texture": "#1"},
				"up": {"uv": [5, 2, 6, 3], "texture": "#1"}
			}
		},
		{
			"from": [5.9, 19.0932, 13.4616],
			"to": [6, 19.3682, 14.4616],
			"rotation": {"angle": 45, "axis": "x", "origin": [5.95, 19.0682, 13.9616]},
			"faces": {
				"north": {"uv": [6, 7, 7, 8], "rotation": 270, "texture": "#1"},
				"east": {"uv": [6, 7, 7, 8], "rotation": 270, "texture": "#1"},
				"west": {"uv": [6, 7, 7, 8], "rotation": 270, "texture": "#1"},
				"up": {"uv": [6, 7, 7, 8], "rotation": 270, "texture": "#1"},
				"down": {"uv": [6, 7, 7, 8], "rotation": 270, "texture": "#1"}
			}
		},
		{
			"from": [5.9, 19.5706, 13.5265],
			"to": [6, 19.8206, 13.8015],
			"rotation": {"angle": 45, "axis": "x", "origin": [5.95, 19.7081, 13.5515]},
			"faces": {
				"north": {"uv": [5, 7, 7, 9], "rotation": 270, "texture": "#1"},
				"east": {"uv": [5, 7, 7, 9], "rotation": 270, "texture": "#1"},
				"west": {"uv": [5, 7, 7, 9], "rotation": 270, "texture": "#1"},
				"up": {"uv": [5, 7, 7, 9], "rotation": 270, "texture": "#1"},
				"down": {"uv": [5, 7, 7, 9], "rotation": 270, "texture": "#1"}
			}
		},
		{
			"from": [6.4, 19.5706, 13.5265],
			"to": [6.5, 19.8206, 13.8015],
			"rotation": {"angle": 45, "axis": "x", "origin": [6.45, 19.7081, 13.5515]},
			"faces": {
				"north": {"uv": [4, 7, 5, 8], "rotation": 270, "texture": "#1"},
				"east": {"uv": [4, 7, 5, 8], "rotation": 270, "texture": "#1"},
				"west": {"uv": [4, 7, 5, 8], "rotation": 270, "texture": "#1"},
				"up": {"uv": [4, 7, 5, 8], "rotation": 270, "texture": "#1"},
				"down": {"uv": [4, 7, 5, 8], "rotation": 270, "texture": "#1"}
			}
		},
		{
			"from": [5.9, 11.9, 16.5],
			"to": [6.5, 12, 17.5],
			"rotation": {"angle": 45, "axis": "x", "origin": [13.5, 19, 24.5]},
			"faces": {
				"north": {"uv": [6, 7, 7, 8], "texture": "#1"},
				"east": {"uv": [6, 7, 7, 8], "texture": "#1"},
				"west": {"uv": [6, 7, 7, 8], "texture": "#1"},
				"up": {"uv": [6, 7, 7, 8], "texture": "#1"},
				"down": {"uv": [6, 7, 7, 8], "texture": "#1"}
			}
		},
		{
			"from": [6.4, 19.0932, 13.4616],
			"to": [6.5, 19.3682, 14.4616],
			"rotation": {"angle": 45, "axis": "x", "origin": [6.45, 19.0682, 13.9616]},
			"faces": {
				"north": {"uv": [5, 8, 6, 9], "rotation": 270, "texture": "#1"},
				"east": {"uv": [5, 8, 6, 9], "rotation": 270, "texture": "#1"},
				"west": {"uv": [5, 8, 6, 9], "rotation": 270, "texture": "#1"},
				"up": {"uv": [5, 8, 6, 9], "rotation": 270, "texture": "#1"},
				"down": {"uv": [5, 8, 6, 9], "rotation": 270, "texture": "#1"}
			}
		},
		{
			"from": [4.4, 19.60001, 13.36786],
			"to": [5, 19.70001, 13.76786],
			"rotation": {"angle": 22.5, "axis": "x", "origin": [4.70417, 19.26029, 13.79691]},
			"faces": {
				"north": {"uv": [5, 7, 7, 8], "texture": "#1"},
				"east": {"uv": [5, 7, 7, 8], "texture": "#1"},
				"south": {"uv": [5, 7, 7, 8], "texture": "#1"},
				"west": {"uv": [5, 7, 7, 8], "texture": "#1"},
				"up": {"uv": [5, 7, 7, 8], "texture": "#1"},
				"down": {"uv": [5, 7, 7, 8], "texture": "#1"}
			}
		},
		{
			"from": [4.5, 18.68307, 13.28384],
			"to": [4.925, 18.78307, 13.68384],
			"rotation": {"angle": -22.5, "axis": "x", "origin": [4.70417, 19.26029, 13.79691]},
			"faces": {
				"north": {"uv": [5, 0, 6, 1], "texture": "#1"},
				"east": {"uv": [5, 0, 6, 1], "texture": "#1"},
				"south": {"uv": [5, 0, 6, 1], "texture": "#1"},
				"west": {"uv": [5, 0, 6, 1], "texture": "#1"},
				"up": {"uv": [5, 0, 6, 1], "texture": "#1"}
			}
		},
		{
			"from": [4.6, 18.74675, 13.3914],
			"to": [4.825, 19.14675, 13.5914],
			"rotation": {"angle": -22.5, "axis": "x", "origin": [4.70417, 19.26029, 13.79691]},
			"faces": {
				"north": {"uv": [5, 3, 7, 4], "texture": "#1"},
				"east": {"uv": [5, 3, 7, 4], "texture": "#1"},
				"south": {"uv": [5, 3, 7, 4], "texture": "#1"},
				"west": {"uv": [5, 3, 7, 4], "texture": "#1"},
				"up": {"uv": [5, 3, 7, 4], "texture": "#1"}
			}
		},
		{
			"from": [4.625, 19.12751, 13.41176],
			"to": [4.8, 19.52751, 13.56176],
			"rotation": {"angle": -22.5, "axis": "x", "origin": [4.70417, 19.26029, 13.79691]},
			"faces": {
				"north": {"uv": [5, 2, 6, 3], "texture": "#1"},
				"east": {"uv": [5, 2, 6, 3], "texture": "#1"},
				"south": {"uv": [5, 2, 6, 3], "texture": "#1"},
				"west": {"uv": [5, 2, 6, 3], "texture": "#1"},
				"up": {"uv": [5, 2, 6, 3], "texture": "#1"}
			}
		},
		{
			"from": [4.4, 19.26591, 13.54919],
			"to": [4.5, 19.54091, 14.54919],
			"rotation": {"angle": 45, "axis": "x", "origin": [4.70417, 19.26029, 13.79691]},
			"faces": {
				"north": {"uv": [6, 7, 7, 8], "rotation": 270, "texture": "#1"},
				"east": {"uv": [6, 7, 7, 8], "rotation": 270, "texture": "#1"},
				"west": {"uv": [6, 7, 7, 8], "rotation": 270, "texture": "#1"},
				"up": {"uv": [6, 7, 7, 8], "rotation": 270, "texture": "#1"},
				"down": {"uv": [6, 7, 7, 8], "rotation": 270, "texture": "#1"}
			}
		},
		{
			"from": [4.4, 19.26591, 13.28173],
			"to": [4.5, 19.51591, 13.55673],
			"rotation": {"angle": 45, "axis": "x", "origin": [4.70417, 19.26029, 13.79691]},
			"faces": {
				"north": {"uv": [5, 7, 7, 9], "rotation": 270, "texture": "#1"},
				"east": {"uv": [5, 7, 7, 9], "rotation": 270, "texture": "#1"},
				"west": {"uv": [5, 7, 7, 9], "rotation": 270, "texture": "#1"},
				"up": {"uv": [5, 7, 7, 9], "rotation": 270, "texture": "#1"},
				"down": {"uv": [5, 7, 7, 9], "rotation": 270, "texture": "#1"}
			}
		},
		{
			"from": [4.9, 19.26591, 13.28173],
			"to": [5, 19.51591, 13.55673],
			"rotation": {"angle": 45, "axis": "x", "origin": [4.70417, 19.26029, 13.79691]},
			"faces": {
				"north": {"uv": [4, 7, 5, 8], "rotation": 270, "texture": "#1"},
				"east": {"uv": [4, 7, 5, 8], "rotation": 270, "texture": "#1"},
				"west": {"uv": [4, 7, 5, 8], "rotation": 270, "texture": "#1"},
				"up": {"uv": [4, 7, 5, 8], "rotation": 270, "texture": "#1"},
				"down": {"uv": [4, 7, 5, 8], "rotation": 270, "texture": "#1"}
			}
		},
		{
			"from": [4.4, 19.54447, 13.54919],
			"to": [5, 19.64447, 14.54919],
			"rotation": {"angle": 45, "axis": "x", "origin": [4.70417, 19.26029, 13.79691]},
			"faces": {
				"north": {"uv": [6, 7, 7, 8], "texture": "#1"},
				"east": {"uv": [6, 7, 7, 8], "texture": "#1"},
				"west": {"uv": [6, 7, 7, 8], "texture": "#1"},
				"up": {"uv": [6, 7, 7, 8], "texture": "#1"},
				"down": {"uv": [6, 7, 7, 8], "texture": "#1"}
			}
		},
		{
			"from": [4.9, 19.26591, 13.54919],
			"to": [5, 19.54091, 14.54919],
			"rotation": {"angle": 45, "axis": "x", "origin": [4.70417, 19.26029, 13.79691]},
			"faces": {
				"north": {"uv": [5, 8, 6, 9], "rotation": 270, "texture": "#1"},
				"east": {"uv": [5, 8, 6, 9], "rotation": 270, "texture": "#1"},
				"west": {"uv": [5, 8, 6, 9], "rotation": 270, "texture": "#1"},
				"up": {"uv": [5, 8, 6, 9], "rotation": 270, "texture": "#1"},
				"down": {"uv": [5, 8, 6, 9], "rotation": 270, "texture": "#1"}
			}
		},
		{
			"from": [4.3, 15.8, 8.8],
			"to": [5.2, 16.8, 12.9],
			"rotation": {"angle": -22.5, "axis": "x", "origin": [5.1, 16.3, 9.3]},
			"faces": {
				"north": {"uv": [10, 0, 11, 9], "texture": "#1"},
				"east": {"uv": [10, 0, 11, 9], "texture": "#1"},
				"south": {"uv": [10, 0, 11, 9], "texture": "#1"},
				"west": {"uv": [10, 0, 11, 9], "texture": "#1"},
				"up": {"uv": [12, 0, 15, 9], "texture": "#1"}
			}
		},
		{
			"from": [4.4, 17.4, 11.3],
			"to": [5.1, 18, 11.8],
			"rotation": {"angle": 0, "axis": "y", "origin": [12.2, 25.4, 19]},
			"faces": {
				"north": {"uv": [0, 0, 0.9, 0.6], "texture": "#1"},
				"east": {"uv": [0, 0, 0.5, 0.6], "texture": "#1"},
				"south": {"uv": [0, 0, 0.9, 0.6], "texture": "#1"},
				"west": {"uv": [0, 0, 0.5, 0.6], "texture": "#1"},
				"up": {"uv": [0, 0, 1, 1], "texture": "#1"}
			}
		},
		{
			"from": [7.4, 16.00692, 8.43013],
			"to": [12.075, 17.00692, 11.03013],
			"rotation": {"angle": -22.5, "axis": "x", "origin": [9.7375, 16.50692, 9.73013]},
			"faces": {
				"north": {"uv": [0, 0, 4.675, 1], "texture": "#0"},
				"east": {"uv": [0, 0, 2.6, 1], "texture": "#0"},
				"south": {"uv": [0, 0, 4.675, 1], "texture": "#0"},
				"west": {"uv": [0, 0, 2.6, 1], "texture": "#0"},
				"up": {"uv": [0, 10, 11, 16], "rotation": 180, "texture": "#0"}
			}
		},
		{
			"from": [7.6, 14.4, 8.7],
			"to": [12.6, 14.8, 10.7],
			"rotation": {"angle": -22.5, "axis": "x", "origin": [4.6, 22.8, 2.7]},
			"faces": {
				"north": {"uv": [0, 10, 5, 11], "texture": "#1"},
				"east": {"uv": [1, 10, 3, 11], "texture": "#1"},
				"south": {"uv": [0, 10, 5, 11], "texture": "#1"},
				"west": {"uv": [1, 10, 3, 11], "texture": "#1"},
				"up": {"uv": [0, 10, 15, 16], "rotation": 180, "texture": "#1"}
			}
		}
	],
	"display": {
		"fixed": {
			"rotation": [-90, 0, 0],
			"translation": [0, 0, -17],
			"scale": [2.2, 2.27, 2.04]
		}
	},
	"groups": [
		{
			"name": "box",
			"origin": [21, 8, 18.8],
			"children": [0, 1, 2, 3, 4, 5, 6, 7, 8, 9, 10, 11, 12]
		},
		{
			"name": "button",
			"origin": [17.4, 13.4, 18.8],
			"children": [13, 14, 15, 16, 17, 18]
		},
		{
			"name": "swich",
			"origin": [6.45, 5.7682, 10.3616],
			"children": [19, 20, 21, 22, 23, 24, 25, 26, 27,
				{
					"name": "swich2",
					"origin": [6.45, 5.7682, 10.3616],
					"children": [28, 29, 30, 31, 32, 33, 34, 35, 36]
				}
			]
		},
		{
			"name": "swich 3",
			"origin": [12.2, 11.4, 15],
			"children": [37, 38]
		}, 39, 40]
}