{
	"credit": "MineBreak",
	"textures": {
		"0": "minecraft:minebreak/misc/fuse_box/box",
		"1": "minecraft:minebreak/misc/fuse_box/lever_numbers",
		"particle": "minecraft:minebreak/misc/fuse_box/box"
	},
	"elements": [
		{
			"from": [12, 3, 1],
			"to": [13, 13, 3],
			"rotation": {"angle": 0, "axis": "y", "origin": [12.5, 2.5, 1.5]},
			"faces": {
				"east": {"uv": [13, 0, 15, 10], "texture": "#0"},
				"south": {"uv": [0, 0, 1, 10], "texture": "#0"},
				"west": {"uv": [0, 0, 2, 10], "texture": "#0"}
			}
		},
		{
			"from": [3, 2, 0],
			"to": [13, 14, 1],
			"rotation": {"angle": 0, "axis": "y", "origin": [12, 10, 8]},
			"faces": {
				"north": {"uv": [0, 0, 10, 12], "texture": "#0"},
				"east": {"uv": [0, 0, 1, 12], "texture": "#0"},
				"south": {"uv": [0, 0, 10, 12], "texture": "#0"},
				"west": {"uv": [0, 0, 1, 12], "texture": "#0"},
				"up": {"uv": [0, 0, 10, 1], "texture": "#0"},
				"down": {"uv": [0, 0, 10, 1], "texture": "#0"}
			}
		},
		{
			"from": [3, 13, 1],
			"to": [13, 14, 3],
			"rotation": {"angle": 0, "axis": "y", "origin": [8, 13.5, 1.5]},
			"faces": {
				"east": {"uv": [0, 0, 2, 1], "texture": "#0"},
				"south": {"uv": [0, 0, 1, 10], "rotation": 270, "texture": "#0"},
				"west": {"uv": [0, 0, 2, 1], "rotation": 180, "texture": "#0"},
				"up": {"uv": [0, 0, 2, 10], "rotation": 270, "texture": "#0"},
				"down": {"uv": [0, 0, 2, 10], "rotation": 270, "texture": "#0"}
			}
		},
		{
			"from": [3, 3, 1],
			"to": [4, 13, 3],
			"rotation": {"angle": 0, "axis": "y", "origin": [3.5, 2.5, 1.5]},
			"faces": {
				"east": {"uv": [0, 0, 2, 10], "texture": "#0"},
				"south": {"uv": [0, 0, 1, 10], "texture": "#0"},
				"west": {"uv": [8, 1, 10, 11], "texture": "#0"}
			}
		},
		{
			"from": [3, 2, 1],
			"to": [13, 3, 3],
			"rotation": {"angle": 0, "axis": "y", "origin": [8, 2.5, 1.5]},
			"faces": {
				"east": {"uv": [0, 0, 2, 1], "texture": "#0"},
				"south": {"uv": [0, 0, 1, 10], "rotation": 270, "texture": "#0"},
				"west": {"uv": [0, 0, 2, 1], "rotation": 180, "texture": "#0"},
				"up": {"uv": [0, 0, 2, 10], "rotation": 270, "texture": "#0"},
				"down": {"uv": [0, 0, 2, 10], "rotation": 270, "texture": "#0"}
			}
		},
		{
			"from": [7.7, 4.8, 1],
			"to": [11.4, 7.2, 1.4],
			"rotation": {"angle": 0, "axis": "y", "origin": [10.3, 6.3, 1.2]},
			"faces": {
				"east": {"uv": [0, 10, 13, 11], "texture": "#1"},
				"south": {"uv": [0, 10, 13, 16], "texture": "#1"},
				"west": {"uv": [0, 10, 13, 11], "texture": "#1"},
				"up": {"uv": [0, 10, 13, 11], "texture": "#1"},
				"down": {"uv": [0, 10, 13, 11], "texture": "#1"}
			}
		},
		{
			"from": [7.7, 10.7, 2.2],
			"to": [11.1, 11.7, 3.2],
			"rotation": {"angle": 45, "axis": "x", "origin": [8.5, 11.2, 2.7]},
			"faces": {
				"north": {"uv": [0, 0, 3.4, 1], "texture": "#1"},
				"east": {"uv": [0, 0, 1, 1], "texture": "#1"},
				"south": {"uv": [0, 0, 3.4, 1], "texture": "#1"},
				"west": {"uv": [0, 0, 1, 1], "texture": "#1"},
				"up": {"uv": [0, 0, 3.4, 1], "texture": "#1"},
				"down": {"uv": [0, 0, 3.4, 1], "texture": "#1"}
			}
		},
		{
			"from": [10.1, 9.7, 0.05],
			"to": [10.6, 10.7, 2.85],
			"rotation": {"angle": -45, "axis": "x", "origin": [10.35, 10.2, 1.65]},
			"faces": {
				"east": {"uv": [1, 4, 5, 6], "texture": "#1"},
				"south": {"uv": [1, 5, 5, 7], "texture": "#1"},
				"west": {"uv": [2, 4, 6, 6], "texture": "#1"},
				"up": {"uv": [0, 4, 4, 6], "texture": "#1"},
				"down": {"uv": [1, 4, 5, 6], "texture": "#1"}
			}
		},
		{
			"from": [8.2, 9.7, 0.05],
			"to": [8.7, 10.7, 2.85],
			"rotation": {"angle": -45, "axis": "x", "origin": [8.45, 10.2, 1.65]},
			"faces": {
				"east": {"uv": [2, 4, 3, 7], "texture": "#1"},
				"south": {"uv": [2, 4, 3, 7], "texture": "#1"},
				"west": {"uv": [2, 4, 3, 7], "texture": "#1"},
				"up": {"uv": [2, 4, 3, 7], "texture": "#1"},
				"down": {"uv": [2, 4, 3, 7], "texture": "#1"}
			}
		},
		{
			"from": [4, 9.7, 2.5],
			"to": [4.225, 11.5, 3],
			"rotation": {"angle": 0, "axis": "y", "origin": [11.75, 16.5, 10]},
			"faces": {
				"north": {"uv": [11, 3, 11, 5], "texture": "#1"},
				"east": {"uv": [11, 3, 12, 5], "texture": "#1"},
				"south": {"uv": [12, 4, 12, 6], "texture": "#1"},
				"up": {"uv": [14, 5, 14, 6], "texture": "#1"},
				"down": {"uv": [9, 5, 9, 6], "texture": "#1"}
			}
		},
		{
			"from": [3.9, 9.7, 3.025],
			"to": [4.125, 11.5, 3.525],
			"rotation": {"angle": -22.5, "axis": "y", "origin": [4.0125, 10.6, 3.275]},
			"faces": {
				"north": {"uv": [11, 3, 11, 5], "texture": "#1"},
				"east": {"uv": [11, 3, 12, 5], "texture": "#1"},
				"south": {"uv": [12, 4, 12, 6], "texture": "#1"},
				"west": {"uv": [11, 6, 12, 8], "texture": "#1"},
				"up": {"uv": [14, 5, 14, 6], "texture": "#1"},
				"down": {"uv": [9, 5, 9, 6], "texture": "#1"}
			}
		},
		{
			"from": [1.3, 7, 9.325],
			"to": [1.525, 8.8, 9.825],
			"rotation": {"angle": -22.5, "axis": "y", "origin": [1.4125, 7.9, 9.575]},
			"faces": {
				"north": {"uv": [12, 4, 12, 6], "texture": "#1"},
				"south": {"uv": [9, 2, 9, 4], "texture": "#1"},
				"west": {"uv": [8, 1, 13, 6], "texture": "#1"},
				"up": {"uv": [8, 2, 8, 3], "texture": "#1"},
				"down": {"uv": [11, 5, 11, 6], "texture": "#1"}
			}
		},
		{
			"from": [2.64608, 3.15, 2.87544],
			"to": [2.87108, 13, 10.87544],
			"rotation": {"angle": -22.5, "axis": "y", "origin": [2.75858, 8.075, 6.87544]},
			"faces": {
				"north": {"uv": [0, 0, 0.225, 9.85], "texture": "#0"},
				"east": {"uv": [0, 0, 10, 12], "texture": "#0"},
				"south": {"uv": [0, 0, 0.225, 9.85], "texture": "#0"},
				"west": {"uv": [0, 0, 10, 12], "texture": "#0"},
				"up": {"uv": [0, 0, 0.225, 8], "texture": "#0"},
				"down": {"uv": [0, 0, 0.225, 8], "texture": "#0"}
			}
		},
		{
			"from": [3.9, 4.1, 3.025],
			"to": [4.125, 5.9, 3.525],
			"rotation": {"angle": -22.5, "axis": "y", "origin": [4.0125, 5, 3.275]},
			"faces": {
				"north": {"uv": [11, 3, 11, 5], "texture": "#1"},
				"east": {"uv": [11, 3, 12, 5], "texture": "#1"},
				"south": {"uv": [12, 4, 12, 6], "texture": "#1"},
				"west": {"uv": [11, 6, 12, 8], "texture": "#1"},
				"up": {"uv": [14, 5, 14, 6], "texture": "#1"},
				"down": {"uv": [9, 5, 9, 6], "texture": "#1"}
			}
		},
		{
			"from": [4, 4.1, 2.5],
			"to": [4.225, 5.9, 3],
			"rotation": {"angle": 0, "axis": "y", "origin": [11.75, 10.9, 10]},
			"faces": {
				"north": {"uv": [11, 3, 11, 5], "texture": "#1"},
				"east": {"uv": [11, 3, 12, 5], "texture": "#1"},
				"south": {"uv": [12, 4, 12, 6], "texture": "#1"},
				"up": {"uv": [14, 5, 14, 6], "texture": "#1"},
				"down": {"uv": [9, 5, 9, 6], "texture": "#1"}
			}
		},
		{
			"from": [4.6, 10.2, 0.95],
			"to": [5.1, 10.7, 1.275],
			"rotation": {"angle": 0, "axis": "y", "origin": [12.6, 17.7, 8.7]},
			"faces": {
				"east": {"uv": [0, 1, 4, 3], "texture": "#1"},
				"south": {"uv": [0, 1, 4, 3], "texture": "#1"},
				"west": {"uv": [0, 1, 4, 3], "texture": "#1"},
				"up": {"uv": [0, 1, 4, 3], "texture": "#1"},
				"down": {"uv": [0, 1, 4, 3], "texture": "#1"}
			}
		},
		{
			"from": [5.1, 10.225, 0.95],
			"to": [5.2, 10.675, 1.275],
			"rotation": {"angle": 0, "axis": "y", "origin": [5.15, 10.45, 1.1125]},
			"faces": {
				"south": {"uv": [0, 1, 4, 3], "texture": "#1"},
				"up": {"uv": [0, 1, 4, 3], "texture": "#1"},
				"down": {"uv": [0, 1, 4, 3], "texture": "#1"}
			}
		},
		{
			"from": [5.2, 10.2, 0.95],
			"to": [5.7, 10.7, 1.275],
			"rotation": {"angle": 0, "axis": "y", "origin": [13.2, 17.7, 8.7]},
			"faces": {
				"east": {"uv": [0, 1, 4, 3], "texture": "#1"},
				"south": {"uv": [0, 1, 4, 3], "texture": "#1"},
				"west": {"uv": [0, 1, 4, 3], "texture": "#1"},
				"up": {"uv": [0, 1, 4, 3], "texture": "#1"},
				"down": {"uv": [0, 1, 4, 3], "texture": "#1"}
			}
		},
		{
			"from": [5.7, 10.225, 0.95],
			"to": [5.8, 10.675, 1.275],
			"rotation": {"angle": 0, "axis": "y", "origin": [13.5, 17.7, 8.7]},
			"faces": {
				"south": {"uv": [0, 1, 4, 3], "texture": "#1"},
				"up": {"uv": [0, 1, 4, 3], "texture": "#1"},
				"down": {"uv": [0, 1, 4, 3], "texture": "#1"}
			}
		},
		{
			"from": [5.8, 10.2, 0.95],
			"to": [6.3, 10.7, 1.275],
			"rotation": {"angle": 0, "axis": "y", "origin": [13.8, 17.7, 8.7]},
			"faces": {
				"east": {"uv": [0, 1, 4, 3], "texture": "#1"},
				"south": {"uv": [0, 1, 4, 3], "texture": "#1"},
				"west": {"uv": [0, 1, 4, 3], "texture": "#1"},
				"up": {"uv": [0, 1, 4, 3], "texture": "#1"},
				"down": {"uv": [0, 1, 4, 3], "texture": "#1"}
			}
		},
		{
			"from": [4.6, 6.2, 0.95],
			"to": [5.1, 6.7, 1.275],
			"rotation": {"angle": 0, "axis": "y", "origin": [12.6, 13.7, 8.7]},
			"faces": {
				"east": {"uv": [0, 1, 4, 3], "texture": "#1"},
				"south": {"uv": [0, 1, 4, 3], "texture": "#1"},
				"west": {"uv": [0, 1, 4, 3], "texture": "#1"},
				"up": {"uv": [0, 1, 4, 3], "texture": "#1"},
				"down": {"uv": [0, 1, 4, 3], "texture": "#1"}
			}
		},
		{
			"from": [5.1, 6.225, 0.95],
			"to": [5.2, 6.675, 1.275],
			"rotation": {"angle": 0, "axis": "y", "origin": [12.9, 13.7, 8.7]},
			"faces": {
				"south": {"uv": [0, 1, 4, 3], "texture": "#1"},
				"up": {"uv": [0, 1, 4, 3], "texture": "#1"},
				"down": {"uv": [0, 1, 4, 3], "texture": "#1"}
			}
		},
		{
			"from": [5.2, 6.2, 0.95],
			"to": [5.7, 6.7, 1.275],
			"rotation": {"angle": 0, "axis": "y", "origin": [13.2, 13.7, 8.7]},
			"faces": {
				"east": {"uv": [0, 1, 4, 3], "texture": "#1"},
				"south": {"uv": [0, 1, 4, 3], "texture": "#1"},
				"west": {"uv": [0, 1, 4, 3], "texture": "#1"},
				"up": {"uv": [0, 1, 4, 3], "texture": "#1"},
				"down": {"uv": [0, 1, 4, 3], "texture": "#1"}
			}
		},
		{
			"from": [5.7, 6.225, 0.95],
			"to": [5.8, 6.675, 1.275],
			"rotation": {"angle": 0, "axis": "y", "origin": [13.5, 13.7, 8.7]},
			"faces": {
				"south": {"uv": [0, 1, 4, 3], "texture": "#1"},
				"up": {"uv": [0, 1, 4, 3], "texture": "#1"},
				"down": {"uv": [0, 1, 4, 3], "texture": "#1"}
			}
		},
		{
			"from": [5.8, 6.2, 0.95],
			"to": [6.3, 6.7, 1.275],
			"rotation": {"angle": 0, "axis": "y", "origin": [13.8, 13.7, 8.7]},
			"faces": {
				"east": {"uv": [0, 1, 4, 3], "texture": "#1"},
				"south": {"uv": [0, 1, 4, 3], "texture": "#1"},
				"west": {"uv": [0, 1, 4, 3], "texture": "#1"},
				"up": {"uv": [0, 1, 4, 3], "texture": "#1"},
				"down": {"uv": [0, 1, 4, 3], "texture": "#1"}
			}
		},
		{
			"from": [5.31173, 6.47989, 1.1125],
			"to": [5.41173, 6.60489, 1.6125],
			"rotation": {"angle": -22.5, "axis": "y", "origin": [5.36173, 6.54239, 1.4125]},
			"faces": {
				"north": {"uv": [1, 14, 1.5, 14.125], "texture": "#0"},
				"east": {"uv": [1, 14, 1.5, 14.125], "texture": "#0"},
				"south": {"uv": [1, 14, 1.5, 14.125], "texture": "#0"},
				"west": {"uv": [1, 14, 1.5, 14.125], "texture": "#0"},
				"up": {"uv": [1, 14, 1.5, 14.125], "texture": "#0"},
				"down": {"uv": [1, 14, 1.5, 14.125], "texture": "#0"}
			}
		},
		{
			"from": [5.23673, 6.47989, 1.5875],
			"to": [5.33673, 6.60489, 1.7875],
			"rotation": {"angle": -22.5, "axis": "y", "origin": [5.28673, 6.54239, 1.5875]},
			"faces": {
				"north": {"uv": [1, 14, 1.2, 14.125], "texture": "#0"},
				"east": {"uv": [1, 14, 1.2, 14.125], "texture": "#0"},
				"south": {"uv": [1, 14, 1.2, 14.125], "texture": "#0"},
				"west": {"uv": [1, 14, 1.2, 14.125], "texture": "#0"},
				"up": {"uv": [1, 14, 1.2, 14.125], "texture": "#0"},
				"down": {"uv": [1, 14, 1.2, 14.125], "texture": "#0"}
			}
		},
		{
			"from": [5.125, 6.475, 1.65],
			"to": [5.225, 6.875, 1.775],
			"rotation": {"angle": 22.5, "axis": "z", "origin": [5.175, 6.7, 1.8125]},
			"faces": {
				"north": {"uv": [1, 14, 1.125, 14.4], "texture": "#0"},
				"east": {"uv": [1, 14, 1.125, 14.4], "texture": "#0"},
				"south": {"uv": [1, 14, 1.125, 14.4], "texture": "#0"},
				"west": {"uv": [1, 14, 1.125, 14.4], "texture": "#0"},
				"up": {"uv": [1, 14, 1.125, 14.4], "texture": "#0"},
				"down": {"uv": [1, 14, 1.125, 14.4], "texture": "#0"}
			}
		},
		{
			"from": [5.075, 6.825, 1.65],
			"to": [5.175, 8.725, 1.775],
			"rotation": {"angle": 0, "axis": "y", "origin": [5.125, 8.55, 1.8125]},
			"faces": {
				"north": {"uv": [1, 14, 3, 15], "texture": "#0"},
				"east": {"uv": [1, 14, 3, 15], "texture": "#0"},
				"south": {"uv": [1, 14, 3, 15], "texture": "#0"},
				"west": {"uv": [1, 14, 3, 15], "texture": "#0"},
				"up": {"uv": [1, 14, 3, 15], "texture": "#0"},
				"down": {"uv": [1, 14, 3, 15], "texture": "#0"}
			}
		},
		{
			"from": [4.85, 9.025, 1.65],
			"to": [4.95, 9.425, 1.775],
			"rotation": {"angle": 22.5, "axis": "z", "origin": [4.9, 9.25, 1.8125]},
			"faces": {
				"north": {"uv": [2, 14, 2.125, 14.4], "texture": "#0"},
				"east": {"uv": [2, 14, 2.125, 14.4], "texture": "#0"},
				"south": {"uv": [2, 14, 2.125, 14.4], "texture": "#0"},
				"west": {"uv": [2, 14, 2.125, 14.4], "texture": "#0"},
				"up": {"uv": [2, 14, 2.125, 14.4], "texture": "#0"},
				"down": {"uv": [2, 14, 2.125, 14.4], "texture": "#0"}
			}
		},
		{
			"from": [4.8, 9.375, 1.65],
			"to": [4.9, 9.825, 1.775],
			"rotation": {"angle": 0, "axis": "y", "origin": [4.85, 9.6, 1.8125]},
			"faces": {
				"north": {"uv": [1, 14, 1.125, 14.45], "texture": "#0"},
				"east": {"uv": [1, 14, 1.125, 14.45], "texture": "#0"},
				"south": {"uv": [1, 14, 1.125, 14.45], "texture": "#0"},
				"west": {"uv": [1, 14, 1.125, 14.45], "texture": "#0"},
				"up": {"uv": [1, 14, 1.125, 14.45], "texture": "#0"},
				"down": {"uv": [1, 14, 1.125, 14.45], "texture": "#0"}
			}
		},
		{
			"from": [5, 8.675, 1.65],
			"to": [5.1, 9.075, 1.775],
			"rotation": {"angle": 22.5, "axis": "z", "origin": [5.05, 8.9, 1.8125]},
			"faces": {
				"north": {"uv": [1, 14, 1.125, 14.4], "texture": "#0"},
				"east": {"uv": [1, 14, 1.125, 14.4], "texture": "#0"},
				"south": {"uv": [1, 14, 1.125, 14.4], "texture": "#0"},
				"west": {"uv": [1, 14, 1.125, 14.4], "texture": "#0"},
				"up": {"uv": [1, 14, 1.125, 14.4], "texture": "#0"},
				"down": {"uv": [1, 14, 1.125, 14.4], "texture": "#0"}
			}
		},
		{
			"from": [4.8, 9.8, 1.55],
			"to": [4.9, 10.25, 1.675],
			"rotation": {"angle": -22.5, "axis": "x", "origin": [4.85, 10.025, 1.7125]},
			"faces": {
				"north": {"uv": [1, 14, 1.125, 14.45], "texture": "#0"},
				"east": {"uv": [1, 14, 1.125, 14.45], "texture": "#0"},
				"south": {"uv": [1, 14, 1.125, 14.45], "texture": "#0"},
				"west": {"uv": [1, 14, 1.125, 14.45], "texture": "#0"},
				"up": {"uv": [1, 14, 1.125, 14.45], "texture": "#0"},
				"down": {"uv": [1, 14, 1.125, 14.45], "texture": "#0"}
			}
		},
		{
			"from": [4.8, 10.2375, 1.2375],
			"to": [4.9, 10.3625, 1.6875],
			"rotation": {"angle": 45, "axis": "x", "origin": [4.85, 10.4, 1.4625]},
			"faces": {
				"north": {"uv": [1, 14, 1.45, 14.125], "texture": "#0"},
				"east": {"uv": [1, 14, 1.45, 14.125], "texture": "#0"},
				"south": {"uv": [1, 14, 1.45, 14.125], "texture": "#0"},
				"west": {"uv": [1, 14, 1.45, 14.125], "texture": "#0"},
				"up": {"uv": [1, 14, 1.45, 14.125], "texture": "#0"},
				"down": {"uv": [1, 14, 1.45, 14.125], "texture": "#0"}
			}
		},
		{
			"from": [5.425, 10.1875, 1.2375],
			"to": [5.525, 10.3125, 1.6125],
			"rotation": {"angle": 45, "axis": "x", "origin": [5.475, 10.35, 1.4625]},
			"faces": {
				"north": {"uv": [0, 13, 0.1, 13.125], "texture": "#0"},
				"east": {"uv": [0, 13, 0.1, 13.125], "texture": "#0"},
				"south": {"uv": [0, 13, 0.1, 13.125], "texture": "#0"},
				"west": {"uv": [0, 13, 0.1, 13.125], "texture": "#0"},
				"up": {"uv": [0, 13, 0.1, 13.125], "texture": "#0"},
				"down": {"uv": [0, 13, 0.1, 13.125], "texture": "#0"}
			}
		},
		{
			"from": [5.425, 9.95, 1.5],
			"to": [5.525, 10.275, 1.625],
			"rotation": {"angle": -22.5, "axis": "x", "origin": [5.475, 10.05, 1.6625]},
			"faces": {
				"north": {"uv": [0, 13, 0.1, 13.325], "texture": "#0"},
				"east": {"uv": [0, 13, 0.1, 13.325], "texture": "#0"},
				"south": {"uv": [0, 13, 0.1, 13.325], "texture": "#0"},
				"west": {"uv": [0, 13, 0.1, 13.325], "texture": "#0"},
				"up": {"uv": [0, 13, 0.1, 13.325], "texture": "#0"},
				"down": {"uv": [0, 13, 0.1, 13.325], "texture": "#0"}
			}
		},
		{
			"from": [5.35, 9.65, 1.55],
			"to": [5.45, 9.975, 1.675],
			"rotation": {"angle": -22.5, "axis": "z", "origin": [5.4, 9.75, 1.7125]},
			"faces": {
				"north": {"uv": [0, 13, 0.1, 13.325], "texture": "#0"},
				"east": {"uv": [0, 13, 0.1, 13.325], "texture": "#0"},
				"south": {"uv": [0, 13, 0.1, 13.325], "texture": "#0"},
				"west": {"uv": [0, 13, 0.1, 13.325], "texture": "#0"},
				"up": {"uv": [0, 13, 0.1, 13.325], "texture": "#0"},
				"down": {"uv": [0, 13, 0.1, 13.325], "texture": "#0"}
			}
		},
		{
			"from": [5.325, 9.35, 1.45],
			"to": [5.425, 9.675, 1.575],
			"rotation": {"angle": 22.5, "axis": "x", "origin": [5.375, 9.45, 1.6125]},
			"faces": {
				"north": {"uv": [0, 13, 0.1, 13.325], "texture": "#0"},
				"east": {"uv": [0, 13, 0.1, 13.325], "texture": "#0"},
				"south": {"uv": [0, 13, 0.1, 13.325], "texture": "#0"},
				"west": {"uv": [0, 13, 0.1, 13.325], "texture": "#0"},
				"up": {"uv": [0, 13, 0.1, 13.325], "texture": "#0"},
				"down": {"uv": [0, 13, 0.1, 13.325], "texture": "#0"}
			}
		},
		{
			"from": [5.325, 9.05, 1.325],
			"to": [5.425, 9.375, 1.45],
			"rotation": {"angle": 22.5, "axis": "x", "origin": [5.375, 9.15, 1.4875]},
			"faces": {
				"north": {"uv": [0, 13, 0.1, 13.325], "texture": "#0"},
				"east": {"uv": [0, 13, 0.1, 13.325], "texture": "#0"},
				"south": {"uv": [0, 13, 0.1, 13.325], "texture": "#0"},
				"west": {"uv": [0, 13, 0.1, 13.325], "texture": "#0"},
				"up": {"uv": [0, 13, 0.1, 13.325], "texture": "#0"},
				"down": {"uv": [0, 13, 0.1, 13.325], "texture": "#0"}
			}
		},
		{
			"from": [5.25, 8.85, 1.3],
			"to": [5.35, 9.15, 1.425],
			"rotation": {"angle": -22.5, "axis": "z", "origin": [5.3, 8.95, 1.4625]},
			"faces": {
				"north": {"uv": [0, 13, 0.1, 13.3], "texture": "#0"},
				"east": {"uv": [0, 13, 0.1, 13.3], "texture": "#0"},
				"south": {"uv": [0, 13, 0.1, 13.3], "texture": "#0"},
				"west": {"uv": [0, 13, 0.1, 13.3], "texture": "#0"},
				"up": {"uv": [0, 13, 0.1, 13.3], "texture": "#0"},
				"down": {"uv": [0, 13, 0.1, 13.3], "texture": "#0"}
			}
		},
		{
			"from": [4.7, 7.175, 1.35],
			"to": [4.8, 7.675, 1.475],
			"rotation": {"angle": -22.5, "axis": "x", "origin": [4.75, 7.475, 1.5125]},
			"faces": {
				"north": {"uv": [0, 13, 0.1, 13.5], "texture": "#0"},
				"east": {"uv": [0, 13, 0.1, 13.5], "texture": "#0"},
				"south": {"uv": [0, 13, 0.1, 13.5], "texture": "#0"},
				"west": {"uv": [0, 13, 0.1, 13.5], "texture": "#0"},
				"up": {"uv": [0, 13, 0.1, 13.5], "texture": "#0"},
				"down": {"uv": [0, 13, 0.1, 13.5], "texture": "#0"}
			}
		},
		{
			"from": [4.7, 6.8, 1.475],
			"to": [4.8, 7.2, 1.6],
			"rotation": {"angle": 0, "axis": "y", "origin": [4.75, 7, 1.6375]},
			"faces": {
				"north": {"uv": [0, 13, 0.1, 13.4], "texture": "#0"},
				"east": {"uv": [0, 13, 0.1, 13.4], "texture": "#0"},
				"south": {"uv": [0, 13, 0.1, 13.4], "texture": "#0"},
				"west": {"uv": [0, 13, 0.1, 13.4], "texture": "#0"},
				"up": {"uv": [0, 13, 0.1, 13.4], "texture": "#0"},
				"down": {"uv": [0, 13, 0.1, 13.4], "texture": "#0"}
			}
		},
		{
			"from": [4.7, 6.5, 1.4],
			"to": [4.8, 6.8, 1.525],
			"rotation": {"angle": 22.5, "axis": "x", "origin": [4.75, 6.6, 1.5625]},
			"faces": {
				"north": {"uv": [0, 13, 0.1, 13.3], "texture": "#0"},
				"east": {"uv": [0, 13, 0.1, 13.3], "texture": "#0"},
				"south": {"uv": [0, 13, 0.1, 13.3], "texture": "#0"},
				"west": {"uv": [0, 13, 0.1, 13.3], "texture": "#0"},
				"up": {"uv": [0, 13, 0.1, 13.3], "texture": "#0"},
				"down": {"uv": [0, 13, 0.1, 13.3], "texture": "#0"}
			}
		},
		{
			"from": [4.7, 6.275, 1.225],
			"to": [4.8, 6.6, 1.35],
			"rotation": {"angle": 45, "axis": "x", "origin": [4.75, 6.4, 1.3875]},
			"faces": {
				"north": {"uv": [0, 13, 0.1, 13.325], "texture": "#0"},
				"east": {"uv": [0, 13, 0.1, 13.325], "texture": "#0"},
				"south": {"uv": [0, 13, 0.1, 13.325], "texture": "#0"},
				"west": {"uv": [0, 13, 0.1, 13.325], "texture": "#0"},
				"up": {"uv": [0, 13, 0.1, 13.325], "texture": "#0"},
				"down": {"uv": [0, 13, 0.1, 13.325], "texture": "#0"}
			}
		},
		{
			"from": [4.725, 7.575, 1.3],
			"to": [4.825, 7.875, 1.425],
			"rotation": {"angle": -22.5, "axis": "z", "origin": [4.775, 7.675, 1.4625]},
			"faces": {
				"north": {"uv": [0, 13, 0.1, 13.3], "texture": "#0"},
				"east": {"uv": [0, 13, 0.1, 13.3], "texture": "#0"},
				"south": {"uv": [0, 13, 0.1, 13.3], "texture": "#0"},
				"west": {"uv": [0, 13, 0.1, 13.3], "texture": "#0"},
				"up": {"uv": [0, 13, 0.1, 13.3], "texture": "#0"},
				"down": {"uv": [0, 13, 0.1, 13.3], "texture": "#0"}
			}
		},
		{
			"from": [5.125, 7.775, 1.3],
			"to": [5.225, 8.875, 1.425],
			"rotation": {"angle": -22.5, "axis": "z", "origin": [5.175, 8.675, 1.4625]},
			"faces": {
				"north": {"uv": [1, 13, 2, 14], "texture": "#0"},
				"east": {"uv": [1, 13, 2, 14], "texture": "#0"},
				"south": {"uv": [1, 13, 2, 14], "texture": "#0"},
				"west": {"uv": [1, 13, 2, 14], "texture": "#0"},
				"up": {"uv": [1, 13, 2, 14], "texture": "#0"},
				"down": {"uv": [1, 13, 2, 14], "texture": "#0"}
			}
		},
		{
			"from": [6.025, 4.4, 1.575],
			"to": [6.125, 5.975, 1.7],
			"rotation": {"angle": 0, "axis": "y", "origin": [6.075, 5.75, 1.7375]},
			"faces": {
				"north": {"uv": [0, 15, 0.1, 16.575], "rotation": 180, "texture": "#0"},
				"east": {"uv": [0, 15, 0.1, 16.575], "rotation": 180, "texture": "#0"},
				"south": {"uv": [0, 15, 0.1, 16.575], "rotation": 180, "texture": "#0"},
				"west": {"uv": [0, 15, 0.1, 16.575], "rotation": 180, "texture": "#0"},
				"up": {"uv": [0, 15, 0.1, 16.575], "rotation": 180, "texture": "#0"},
				"down": {"uv": [0, 15, 0.1, 16.575], "rotation": 180, "texture": "#0"}
			}
		},
		{
			"from": [6.025, 10.1875, 1.2375],
			"to": [6.125, 10.3125, 1.6125],
			"rotation": {"angle": 45, "axis": "x", "origin": [6.075, 10.35, 1.4625]},
			"faces": {
				"north": {"uv": [5, 15, 5, 16], "texture": "#0"},
				"east": {"uv": [5, 15, 5, 16], "texture": "#0"},
				"south": {"uv": [5, 15, 5, 16], "texture": "#0"},
				"west": {"uv": [5, 15, 5, 16], "texture": "#0"},
				"up": {"uv": [5, 15, 5, 16], "texture": "#0"},
				"down": {"uv": [5, 15, 5, 16], "texture": "#0"}
			}
		},
		{
			"from": [6.025, 5.975, 1.5],
			"to": [6.125, 6.35, 1.625],
			"rotation": {"angle": -22.5, "axis": "x", "origin": [6.075, 6.125, 1.6625]},
			"faces": {
				"north": {"uv": [0, 15, 0.1, 15.375], "rotation": 180, "texture": "#0"},
				"east": {"uv": [0, 15, 0.1, 15.375], "rotation": 180, "texture": "#0"},
				"south": {"uv": [0, 15, 0.1, 15.375], "rotation": 180, "texture": "#0"},
				"west": {"uv": [0, 15, 0.1, 15.375], "rotation": 180, "texture": "#0"},
				"up": {"uv": [0, 15, 0.1, 15.375], "rotation": 180, "texture": "#0"},
				"down": {"uv": [0, 15, 0.1, 15.375], "rotation": 180, "texture": "#0"}
			}
		},
		{
			"from": [6.025, 9.875, 1.5],
			"to": [6.125, 10.25, 1.625],
			"rotation": {"angle": -22.5, "axis": "x", "origin": [6.075, 10.025, 1.6625]},
			"faces": {
				"north": {"uv": [0, 15, 0.1, 15.375], "rotation": 180, "texture": "#0"},
				"east": {"uv": [0, 15, 0.1, 15.375], "rotation": 180, "texture": "#0"},
				"south": {"uv": [0, 15, 0.1, 15.375], "rotation": 180, "texture": "#0"},
				"west": {"uv": [0, 15, 0.1, 15.375], "rotation": 180, "texture": "#0"},
				"up": {"uv": [0, 15, 0.1, 15.375], "rotation": 180, "texture": "#0"},
				"down": {"uv": [0, 15, 0.1, 15.375], "rotation": 180, "texture": "#0"}
			}
		},
		{
			"from": [6.025, 8.8, 1.575],
			"to": [6.125, 9.875, 1.7],
			"rotation": {"angle": 0, "axis": "y", "origin": [6.075, 9.65, 1.7375]},
			"faces": {
				"north": {"uv": [0, 15, 0.1, 16.075], "rotation": 180, "texture": "#0"},
				"east": {"uv": [0, 15, 0.1, 16.075], "rotation": 180, "texture": "#0"},
				"south": {"uv": [0, 15, 0.1, 16.075], "rotation": 180, "texture": "#0"},
				"west": {"uv": [0, 15, 0.1, 16.075], "rotation": 180, "texture": "#0"},
				"up": {"uv": [0, 15, 0.1, 16.075], "rotation": 180, "texture": "#0"},
				"down": {"uv": [0, 15, 0.1, 16.075], "rotation": 180, "texture": "#0"}
			}
		}
	],
	"display": {
		"thirdperson_righthand": {
			"rotation": [75, -162.75, 0],
			"translation": [0, 3.25, 0.5],
			"scale": [0.375, 0.375, 0.375]
		},
		"thirdperson_lefthand": {
			"rotation": [75, -162.75, 0],
			"translation": [0, 3.25, 0.5],
			"scale": [0.375, 0.375, 0.375]
		},
		"firstperson_righthand": {
			"rotation": [0, -47.75, 0],
			"scale": [0.4, 0.4, 0.4]
		},
		"firstperson_lefthand": {
			"rotation": [0, -47.75, 0],
			"scale": [0.4, 0.4, 0.4]
		},
		"ground": {
			"translation": [0, -0.5, 0],
			"scale": [0.36133, 0.4082, 0.25]
		},
		"gui": {
			"rotation": [14.5, 18.25, 0],
			"translation": [1, -0.75, 0],
			"scale": [0.625, 0.625, 0.625]
		},
		"head": {
			"rotation": [0, -178.25, 0],
			"translation": [0, 0, -14.25]
		},
		"fixed": {
			"rotation": [0, -179.5, 0],
			"translation": [2.75, 0, -16.5],
			"scale": [2.2, 2.2, 2.2]
		}
	},
	"groups": [
		{
			"name": "box",
			"origin": [8, 5.5, 1.5],
			"children": [0, 1, 2, 3, 4, 5]
		},
		{
			"name": "lever",
			"origin": [8.45, 13.2, 1.65],
			"children": [6, 7, 8]
		},
		{
			"name": "doors",
			"origin": [11.75, 10.9, 10],
			"children": [9, 10, 11, 12, 13, 14]
		},
		{
			"name": "cable_ends",
			"origin": [13.8, 13.7, 8.7],
			"children": [15, 16, 17, 18, 19, 20, 21, 22, 23, 24]
		},
		{
			"name": "Red_cable",
			"origin": [4.85, 10.4, 1.4625],
			"children": [25, 26, 27, 28, 29, 30, 31, 32, 33]
		},
		{
			"name": "Blue_cable",
			"origin": [5.175, 8.675, 1.4625],
			"children": [34, 35, 36, 37, 38, 39, 40, 41, 42, 43, 44, 45]
		},
		{
			"name": "Yellow_cable",
			"origin": [6.075, 9.65, 1.7375],
			"children": [46, 47, 48, 49, 50]
		}
	]
}