{
	"credit": "MineBreak",
	"textures": {
		"layer0": "minebreak/misc/steps/step_double"
	},
	"elements": [
		{
			"from": [0, 0, 0],
			"to": [16, 0, 16],
			"faces": {
				"north": {"uv": [0, 0, 16, 0], "texture": "#layer0"},
				"east": {"uv": [0, 0, 16, 0], "texture": "#layer0"},
				"south": {"uv": [0, 0, 16, 0], "texture": "#layer0"},
				"west": {"uv": [0, 0, 16, 0], "texture": "#layer0"},
				"up": {"uv": [0, 0, 16, 16], "texture": "#layer0"},
				"down": {"uv": [0, 0, 16, 16], "texture": "#layer0"}
			}
		}
	],
	"display": {
		"thirdperson_righthand": {
			"translation": [0, 7.75, 0.5]
		},
		"gui": {
			"rotation": [-90, 0, 0]
		},
		"fixed": {
			"rotation": [-90, 0, 0],
			"translation": [0, 0, -16.1],
			"scale": [2, 2, 2]
		}
	}
}