{
	"credit": "MineBreak",
	"textures": {
		"0": "minecraft:minebreak/item/christmas2021/golden_pig"
	},
	"elements": [
		{
			"from": [5, 3, 4],
			"to": [10, 8, 11],
			"faces": {
				"north": {"uv": [0, 0, 5, 5], "texture": "#0"},
				"east": {"uv": [0, 0, 7, 5], "texture": "#0"},
				"south": {"uv": [0, 0, 5, 5], "texture": "#0"},
				"west": {"uv": [0, 0, 7, 5], "texture": "#0"},
				"up": {"uv": [0, 4, 5, 11], "texture": "#0"},
				"down": {"uv": [5, 0, 10, 7], "texture": "#0"}
			}
		},
		{
			"from": [5.4, 2, 4.9],
			"to": [6.4, 3, 5.9],
			"faces": {
				"north": {"uv": [0, 0, 1, 1], "texture": "#0"},
				"east": {"uv": [0, 0, 1, 1], "texture": "#0"},
				"south": {"uv": [0, 0, 1, 1], "texture": "#0"},
				"west": {"uv": [0, 0, 1, 1], "texture": "#0"},
				"down": {"uv": [0, 0, 1, 1], "texture": "#0"}
			}
		},
		{
			"from": [8.5, 2, 4.9],
			"to": [9.5, 3, 5.9],
			"faces": {
				"north": {"uv": [0, 0, 1, 1], "texture": "#0"},
				"east": {"uv": [0, 0, 1, 1], "texture": "#0"},
				"south": {"uv": [0, 0, 1, 1], "texture": "#0"},
				"west": {"uv": [0, 0, 1, 1], "texture": "#0"},
				"down": {"uv": [0, 0, 1, 1], "texture": "#0"}
			}
		},
		{
			"from": [6.3, 4.2, 0.9],
			"to": [8.4, 5.5, 1.9],
			"rotation": {"angle": 0, "axis": "y", "origin": [0, 0, 0.1]},
			"faces": {
				"north": {"uv": [0, 0, 2.1, 1.3], "texture": "#0"},
				"east": {"uv": [0, 0, 1, 1.3], "texture": "#0"},
				"west": {"uv": [0, 0, 1, 1.3], "texture": "#0"},
				"up": {"uv": [0, 0, 2.1, 1], "texture": "#0"},
				"down": {"uv": [0, 0, 2.1, 1], "texture": "#0"}
			}
		},
		{
			"from": [6.1, 6.1, 1.2],
			"to": [6.7, 6.8, 2.2],
			"faces": {
				"north": {"uv": [15.4, 15, 16, 15.7], "texture": "#0"},
				"east": {"uv": [15, 13, 16, 13.7], "texture": "#0"},
				"west": {"uv": [13, 14, 14, 14.7], "texture": "#0"},
				"up": {"uv": [15, 14, 15.6, 15], "texture": "#0"},
				"down": {"uv": [14, 15, 14.6, 16], "texture": "#0"}
			}
		},
		{
			"from": [7.5, 5.1, 10.9],
			"to": [8.1, 5.8, 11.9],
			"faces": {
				"east": {"uv": [0, 0, 1, 0.7], "texture": "#0"},
				"south": {"uv": [0, 0, 0.6, 0.7], "texture": "#0"},
				"west": {"uv": [0, 0, 1, 0.7], "texture": "#0"},
				"up": {"uv": [0, 0, 0.6, 1], "texture": "#0"},
				"down": {"uv": [0, 0, 0.6, 1], "texture": "#0"}
			}
		},
		{
			"from": [7.5, 5.6, 11.9],
			"to": [8.1, 6.3, 12.9],
			"faces": {
				"north": {"uv": [0, 0, 0.6, 0.7], "texture": "#0"},
				"east": {"uv": [0, 0, 1, 0.7], "texture": "#0"},
				"south": {"uv": [0, 0, 0.6, 0.7], "texture": "#0"},
				"west": {"uv": [0, 0, 1, 0.7], "texture": "#0"},
				"up": {"uv": [0, 0, 0.6, 1], "texture": "#0"},
				"down": {"uv": [0, 0, 0.6, 1], "texture": "#0"}
			}
		},
		{
			"from": [8, 6, 12.6],
			"to": [8.6, 6.7, 13.6],
			"faces": {
				"north": {"uv": [0, 0, 0.6, 0.7], "texture": "#0"},
				"east": {"uv": [0, 0, 1, 0.7], "texture": "#0"},
				"south": {"uv": [0, 0, 0.6, 0.7], "texture": "#0"},
				"west": {"uv": [0, 0, 1, 0.7], "texture": "#0"},
				"up": {"uv": [0, 0, 0.6, 1], "texture": "#0"},
				"down": {"uv": [0, 0, 0.6, 1], "texture": "#0"}
			}
		},
		{
			"from": [8.1, 6.1, 1.2],
			"to": [8.7, 6.8, 2.2],
			"faces": {
				"north": {"uv": [15.4, 15, 16, 15.7], "texture": "#0"},
				"east": {"uv": [15, 13, 16, 13.7], "texture": "#0"},
				"west": {"uv": [13, 14, 14, 14.7], "texture": "#0"},
				"up": {"uv": [15, 14, 15.6, 15], "texture": "#0"},
				"down": {"uv": [14, 15, 14.6, 16], "texture": "#0"}
			}
		},
		{
			"from": [7.5, 4.6, 0.6],
			"to": [8.1, 5.3, 1.6],
			"faces": {
				"north": {"uv": [15.4, 15, 16, 15.7], "texture": "#0"},
				"east": {"uv": [15, 13, 16, 13.7], "texture": "#0"},
				"west": {"uv": [13, 14, 14, 14.7], "texture": "#0"},
				"up": {"uv": [15, 14, 15.6, 15], "texture": "#0"},
				"down": {"uv": [14, 15, 14.6, 16], "texture": "#0"}
			}
		},
		{
			"from": [6.6, 4.6, 0.6],
			"to": [7.2, 5.3, 1.6],
			"faces": {
				"north": {"uv": [15.4, 15, 16, 15.7], "texture": "#0"},
				"east": {"uv": [15, 13, 16, 13.7], "texture": "#0"},
				"west": {"uv": [13, 14, 14, 14.7], "texture": "#0"},
				"up": {"uv": [15, 14, 15.6, 15], "texture": "#0"},
				"down": {"uv": [14, 15, 14.6, 16], "texture": "#0"}
			}
		},
		{
			"from": [5.2, 7.2, 2],
			"to": [6.3, 8.9, 3],
			"rotation": {"angle": 22.5, "axis": "z", "origin": [7.35, 7.85, 1.4]},
			"faces": {
				"north": {"uv": [0, 0, 1.7, 1.1], "rotation": 90, "texture": "#0"},
				"east": {"uv": [0, 0, 1.7, 1], "rotation": 270, "texture": "#0"},
				"south": {"uv": [0, 0, 1.7, 1.1], "rotation": 270, "texture": "#0"},
				"west": {"uv": [0, 0, 1.7, 1], "rotation": 270, "texture": "#0"},
				"up": {"uv": [0, 0, 1, 1.1], "rotation": 270, "texture": "#0"}
			}
		},
		{
			"from": [8.24526, 7.77248, 2],
			"to": [9.34526, 9.47248, 3],
			"rotation": {"angle": -22.5, "axis": "z", "origin": [5.79526, 7.42248, 2.5]},
			"faces": {
				"north": {"uv": [0, 0, 1.7, 1.1], "rotation": 90, "texture": "#0"},
				"east": {"uv": [0, 0, 1.7, 1], "rotation": 270, "texture": "#0"},
				"south": {"uv": [0, 0, 1.7, 1.1], "rotation": 270, "texture": "#0"},
				"west": {"uv": [0, 0, 1.7, 1], "rotation": 270, "texture": "#0"},
				"up": {"uv": [0, 0, 1, 1.1], "rotation": 270, "texture": "#0"}
			}
		},
		{
			"from": [5.5, 3.5, 1.5],
			"to": [9.5, 7.4, 4.3],
			"rotation": {"angle": 0, "axis": "y", "origin": [0, 0, 0.1]},
			"faces": {
				"north": {"uv": [0, 0, 4, 3.9], "texture": "#0"},
				"east": {"uv": [0, 0, 2.8, 3.9], "texture": "#0"},
				"west": {"uv": [0, 0, 2.8, 3.9], "texture": "#0"},
				"up": {"uv": [0, 0, 4, 2.8], "texture": "#0"},
				"down": {"uv": [0, 0, 4, 2.8], "texture": "#0"}
			}
		},
		{
			"from": [8.5, 2, 8.6],
			"to": [9.5, 3, 9.6],
			"faces": {
				"north": {"uv": [0, 0, 1, 1], "texture": "#0"},
				"east": {"uv": [0, 0, 1, 1], "texture": "#0"},
				"south": {"uv": [0, 0, 1, 1], "texture": "#0"},
				"west": {"uv": [0, 0, 1, 1], "texture": "#0"},
				"down": {"uv": [0, 0, 1, 1], "texture": "#0"}
			}
		},
		{
			"from": [5.4, 2, 8.6],
			"to": [6.4, 3, 9.6],
			"faces": {
				"north": {"uv": [0, 0, 1, 1], "texture": "#0"},
				"east": {"uv": [0, 0, 1, 1], "texture": "#0"},
				"south": {"uv": [0, 0, 1, 1], "texture": "#0"},
				"west": {"uv": [0, 0, 1, 1], "texture": "#0"},
				"down": {"uv": [0, 0, 1, 1], "texture": "#0"}
			}
		}
	],
	"display": {
		"thirdperson_righthand": {
			"rotation": [157.39, 80.49, -89.87],
			"translation": [0.5, 1.5, 0],
			"scale": [0.78906, 0.69336, 0.61328]
		},
		"thirdperson_lefthand": {
			"rotation": [157.39, 80.49, -89.87],
			"translation": [0.5, 1.5, 0],
			"scale": [0.78906, 0.69336, 0.61328]
		},
		"firstperson_righthand": {
			"rotation": [0, 107, 0],
			"translation": [1, 5.5, 0]
		},
		"ground": {
			"translation": [0, 3, 0]
		},
		"gui": {
			"rotation": [122.27, 42.99, -91.44],
			"translation": [2.5, 0, 0],
			"scale": [1.30664, 1.14063, 1.16992]
		},
		"head": {
			"translation": [0.5, 12.5, 1.5]
		},
		"fixed": {
			"rotation": [-90, 0, 0],
			"translation": [1, 2.5, -12],
			"scale": [2, 2, 2]
		}
	}
}