{
    "parent": "item/generated",
    "textures": {
        "layer0": "item/stick"
    },
    "overrides": [
        {"predicate": {"custom_model_data": 1}, "model": "item/oak_planks"},
        {"predicate": {"custom_model_data": 100}, "model": "item/minebreak/misc/police_baton"},
		{"predicate": {"custom_model_data": 2061}, "model": "item/minebreak/halloween/wand"},
        {"predicate": {"custom_model_data": 3004}, "model": "item/stick"},
        {"predicate": {"custom_model_data": 2021300}, "model": "item/minebreak/christmas2021/mistletoe"}
    ]
}
