{
	"credit": "SatanicAntichrist",
	"textures": {
		"particle": "#crop"
	},
	"elements": [
		{
			"from": [4.1, -1, 0],
			"to": [4.1, 15, 16],
			"shade": false,
			"faces": {
				"east": {"uv": [0, 0, 16, 16], "texture": "#crop"},
				"west": {"uv": [0, 0, 16, 16], "texture": "#crop"}
			}
		},
		{
			"from": [11.9, -1, 0],
			"to": [11.9, 15, 16],
			"shade": false,
			"faces": {
				"east": {"uv": [0, 0, 16, 16], "texture": "#crop"},
				"west": {"uv": [0, 0, 16, 16], "texture": "#crop"}
			}
		},
		{
			"from": [0, -1, 4.1],
			"to": [16, 15, 4.1],
			"shade": false,
			"faces": {
				"north": {"uv": [0, 0, 16, 16], "texture": "#crop"},
				"south": {"uv": [0, 0, 16, 16], "texture": "#crop"}
			}
		},
		{
			"from": [8.17157, -1, 0.17157],
			"to": [8.17157, 15, 16.17157],
			"shade": false,
			"rotation": {"angle": 45, "axis": "y", "origin": [8.17157, 7, 8.17157]},
			"faces": {
				"north": {"uv": [0, 0, 0, 0], "texture": "#crop"},
				"east": {"uv": [0, 0, 16, 16], "texture": "#crop"},
				"south": {"uv": [0, 0, 0, 0], "texture": "#crop"},
				"west": {"uv": [0, 0, 16, 16], "texture": "#crop"},
				"up": {"uv": [0, 0, 0, 0], "rotation": 270, "texture": "#crop"},
				"down": {"uv": [0, 0, 0, 0], "rotation": 90, "texture": "#crop"}
			}
		},
		{
			"from": [0.17157, -1, 7.92157],
			"to": [16.17157, 15, 7.92157],
			"shade": false,
			"rotation": {"angle": 45, "axis": "y", "origin": [8.17157, 7, 7.92157]},
			"faces": {
				"north": {"uv": [0, 0, 16, 16], "texture": "#crop"},
				"east": {"uv": [0, 0, 0, 0], "texture": "#crop"},
				"south": {"uv": [0, 0, 16, 16], "texture": "#crop"},
				"west": {"uv": [0, 0, 0, 0], "texture": "#crop"},
				"up": {"uv": [0, 0, 0, 0], "rotation": 180, "texture": "#crop"},
				"down": {"uv": [0, 0, 0, 0], "rotation": 180, "texture": "#crop"}
			}
		},
		{
			"from": [0, -1, 11.9],
			"to": [16, 15, 11.9],
			"shade": false,
			"faces": {
				"north": {"uv": [0, 0, 16, 16], "texture": "#crop"},
				"south": {"uv": [0, 0, 16, 16], "texture": "#crop"}
			}
		}
	]
}