{
	"credit": "MineBreak",
	"texture_size": [32, 32],
	"textures": {
		"4": "block/craftingtable",
		"particle": "block/barrel_bottom"
	},
	"elements": [
		{
			"from": [1, 5, 13],
			"to": [15, 6, 14],
			"rotation": {"angle": 0, "axis": "y", "origin": [9, 13, 21]},
			"faces": {
				"north": {"uv": [0, 15.5, 7, 16], "texture": "#4"},
				"east": {"uv": [0, 15.5, 0.5, 16], "texture": "#4"},
				"south": {"uv": [0, 15.5, 7, 16], "texture": "#4"},
				"west": {"uv": [0, 15.5, 0.5, 16], "texture": "#4"},
				"up": {"uv": [0, 15.5, 7, 16], "texture": "#4"},
				"down": {"uv": [0, 15.5, 7, 16], "texture": "#4"}
			}
		},
		{
			"from": [0.01, 0, 3],
			"to": [1, 13, 4],
			"rotation": {"angle": 0, "axis": "y", "origin": [8, 8, 11]},
			"faces": {
				"north": {"uv": [0, 10.5, 0.5, 16], "texture": "#4"},
				"east": {"uv": [0, 10.5, 0.5, 16], "texture": "#4"},
				"south": {"uv": [0, 10.5, 0.5, 16], "texture": "#4"},
				"west": {"uv": [0, 10.5, 0.5, 16], "texture": "#4", "cullface": "west"},
				"up": {"uv": [0, 15.5, 7, 16], "texture": "#4"},
				"down": {"uv": [0, 15.5, 0.5, 16], "texture": "#4", "cullface": "down"}
			}
		},
		{
			"from": [15, 0, 3],
			"to": [15.99, 13, 4],
			"rotation": {"angle": 0, "axis": "y", "origin": [23, 8, 11]},
			"faces": {
				"north": {"uv": [0, 10.5, 0.5, 16], "texture": "#4"},
				"east": {"uv": [0, 10.5, 0.5, 16], "texture": "#4", "cullface": "east"},
				"south": {"uv": [0, 10.5, 0.5, 16], "texture": "#4"},
				"west": {"uv": [0, 10.5, 0.5, 16], "texture": "#4"},
				"up": {"uv": [0, 15.5, 7, 16], "texture": "#4"},
				"down": {"uv": [0, 15.5, 0.5, 16], "texture": "#4", "cullface": "down"}
			}
		},
		{
			"from": [0.01, 0, 13],
			"to": [1, 13, 14],
			"rotation": {"angle": 0, "axis": "y", "origin": [8, 8, 21]},
			"faces": {
				"north": {"uv": [0, 10.5, 0.5, 16], "texture": "#4"},
				"east": {"uv": [0, 10.5, 0.5, 16], "texture": "#4"},
				"south": {"uv": [0, 10.5, 0.5, 16], "texture": "#4"},
				"west": {"uv": [0, 10.5, 0.5, 16], "texture": "#4", "cullface": "west"},
				"up": {"uv": [0, 15.5, 7, 16], "texture": "#4"},
				"down": {"uv": [0, 15.5, 0.5, 16], "texture": "#4", "cullface": "down"}
			}
		},
		{
			"from": [15, 0, 13],
			"to": [15.99, 13, 14],
			"rotation": {"angle": 0, "axis": "y", "origin": [23, 8, 21]},
			"faces": {
				"north": {"uv": [0, 10.5, 0.5, 16], "texture": "#4"},
				"east": {"uv": [0, 10.5, 0.5, 16], "texture": "#4", "cullface": "east"},
				"south": {"uv": [0, 10.5, 0.5, 16], "texture": "#4"},
				"west": {"uv": [0, 15.5, 0.5, 16], "texture": "#4"},
				"up": {"uv": [0, 15.5, 7, 16], "texture": "#4"},
				"down": {"uv": [0, 15.5, 0.5, 16], "texture": "#4", "cullface": "down"}
			}
		},
		{
			"from": [0, 5, 4],
			"to": [1, 6, 13],
			"rotation": {"angle": 0, "axis": "y", "origin": [8, 13, 12]},
			"faces": {
				"north": {"uv": [0, 10.5, 0.5, 16], "texture": "#4"},
				"east": {"uv": [0, 15.5, 7, 16], "texture": "#4"},
				"south": {"uv": [0, 10.5, 0.5, 16], "texture": "#4"},
				"west": {"uv": [0, 15.5, 7, 16], "texture": "#4", "cullface": "west"},
				"up": {"uv": [0, 10.5, 0.5, 16], "texture": "#4"},
				"down": {"uv": [0, 10.5, 0.5, 16], "texture": "#4"}
			}
		},
		{
			"from": [15, 5, 4],
			"to": [16, 6, 13],
			"rotation": {"angle": 0, "axis": "y", "origin": [23, 13, 12]},
			"faces": {
				"north": {"uv": [0, 10.5, 0.5, 16], "texture": "#4"},
				"east": {"uv": [0, 15.5, 7, 16], "texture": "#4"},
				"south": {"uv": [0, 10.5, 0.5, 16], "texture": "#4"},
				"west": {"uv": [0, 15.5, 7, 16], "texture": "#4"},
				"up": {"uv": [0, 10.5, 0.5, 16], "texture": "#4"},
				"down": {"uv": [0, 10.5, 0.5, 16], "texture": "#4"}
			}
		},
		{
			"from": [1, 11, 3],
			"to": [15, 12, 4],
			"rotation": {"angle": 0, "axis": "y", "origin": [9, 19, 11]},
			"faces": {
				"north": {"uv": [0, 15.5, 7, 16], "texture": "#4"},
				"east": {"uv": [0, 15.5, 0.5, 16], "texture": "#4"},
				"south": {"uv": [0, 15.5, 7, 16], "texture": "#4"},
				"west": {"uv": [0, 15.5, 0.5, 16], "texture": "#4"},
				"up": {"uv": [0, 15.5, 7, 16], "texture": "#4"},
				"down": {"uv": [0, 15.5, 7, 16], "texture": "#4"}
			}
		},
		{
			"from": [0, 13, 2],
			"to": [16, 14, 14],
			"rotation": {"angle": 0, "axis": "y", "origin": [8, 21, 11]},
			"faces": {
				"north": {"uv": [0, 0, 8, 0.5], "texture": "#4"},
				"east": {"uv": [0, 0, 6, 0.5], "texture": "#4", "cullface": "east"},
				"south": {"uv": [0, 0, 8, 0.5], "texture": "#4"},
				"west": {"uv": [0, 0, 6, 0.5], "texture": "#4", "cullface": "west"},
				"up": {"uv": [0, 0, 8, 6], "texture": "#4"},
				"down": {"uv": [0, 0, 8, 6], "texture": "#4"}
			}
		},
		{
			"from": [15.5, 7.5, 7],
			"to": [17.5, 9.5, 12],
			"rotation": {"angle": 0, "axis": "y", "origin": [17, 9.5, 9.5]},
			"faces": {
				"north": {"uv": [0, 15, 1, 16], "rotation": 270, "texture": "#4"},
				"east": {"uv": [0, 13.5, 1, 16], "rotation": 90, "texture": "#4"},
				"south": {"uv": [0, 15, 1, 16], "rotation": 90, "texture": "#4"},
				"west": {"uv": [0, 13.5, 1, 16], "rotation": 90, "texture": "#4"},
				"up": {"uv": [0, 15, 2.5, 16], "rotation": 90, "texture": "#4"},
				"down": {"uv": [0, 15, 2.5, 16], "rotation": 90, "texture": "#4"}
			}
		},
		{
			"from": [16, 9.5, 9],
			"to": [17, 13.5, 10],
			"rotation": {"angle": 0, "axis": "y", "origin": [17, 9.5, 9.5]},
			"faces": {
				"north": {"uv": [0, 6, 2, 6.5], "rotation": 270, "texture": "#4"},
				"east": {"uv": [0, 6, 2, 6.5], "rotation": 90, "texture": "#4"},
				"south": {"uv": [0, 6, 2, 6.5], "rotation": 90, "texture": "#4"},
				"west": {"uv": [0, 6, 2, 6.5], "rotation": 90, "texture": "#4"},
				"up": {"uv": [0, 6, 0.5, 6.5], "rotation": 90, "texture": "#4"},
				"down": {"uv": [0, 0, 0.5, 0.5], "rotation": 90, "texture": "#4"}
			}
		},
		{
			"from": [-1, 11, 5],
			"to": [0, 14, 6],
			"rotation": {"angle": 0, "axis": "y", "origin": [-1, 11, 6]},
			"faces": {
				"north": {"uv": [0, 0, 1.5, 0.5], "rotation": 270, "texture": "#4"},
				"east": {"uv": [0, 0, 1.5, 0.5], "rotation": 90, "texture": "#4"},
				"south": {"uv": [0, 0, 1.5, 0.5], "rotation": 90, "texture": "#4"},
				"west": {"uv": [0, 0, 1.5, 0.5], "rotation": 90, "texture": "#4"},
				"up": {"uv": [0, 0, 0.5, 0.5], "rotation": 90, "texture": "#4"},
				"down": {"uv": [0, 0, 0.5, 0.5], "rotation": 90, "texture": "#4"}
			}
		},
		{
			"from": [-0.75, 3, 5],
			"to": [-0.25, 11, 6],
			"rotation": {"angle": 0, "axis": "y", "origin": [-1, 11, 6]},
			"faces": {
				"north": {"uv": [9.5, 8, 13.5, 8.5], "rotation": 270, "texture": "#4"},
				"east": {"uv": [9.5, 11.5, 13.5, 12], "rotation": 90, "texture": "#4"},
				"south": {"uv": [2.5, 8, 6.5, 8.5], "rotation": 90, "texture": "#4"},
				"west": {"uv": [12, 12, 16, 12.5], "rotation": 90, "texture": "#4"},
				"up": {"uv": [2.5, 8, 3, 8.5], "rotation": 90, "texture": "#4"},
				"down": {"uv": [13, 8, 13.5, 8.5], "rotation": 90, "texture": "#4"}
			}
		},
		{
			"from": [-0.75, 4, 6],
			"to": [-0.25, 11, 7],
			"rotation": {"angle": 0, "axis": "y", "origin": [-1, 11, 6]},
			"faces": {
				"north": {"uv": [10, 8, 13.5, 8.5], "rotation": 270, "texture": "#4"},
				"east": {"uv": [12.5, 12, 15, 12.5], "rotation": 90, "texture": "#4"},
				"south": {"uv": [2.5, 8, 6, 8.5], "rotation": 90, "texture": "#4"},
				"west": {"uv": [12.5, 12.5, 15, 13], "rotation": 90, "texture": "#4"},
				"up": {"uv": [3, 8, 3.5, 8.5], "rotation": 90, "texture": "#4"},
				"down": {"uv": [12.5, 8, 13, 8.5], "rotation": 90, "texture": "#4"}
			}
		},
		{
			"from": [-0.75, 5, 7],
			"to": [-0.25, 11, 8],
			"rotation": {"angle": 0, "axis": "y", "origin": [-1, 11, 6]},
			"faces": {
				"north": {"uv": [10.5, 8, 13.5, 8.5], "rotation": 270, "texture": "#4"},
				"east": {"uv": [12.5, 11.5, 14.5, 12], "rotation": 90, "texture": "#4"},
				"south": {"uv": [3, 8, 5, 8.5], "rotation": 90, "texture": "#4"},
				"west": {"uv": [9.5, 14, 11.5, 15], "rotation": 90, "texture": "#4"},
				"up": {"uv": [3.5, 8, 4, 8.5], "rotation": 90, "texture": "#4"},
				"down": {"uv": [12, 8, 12.5, 8.5], "rotation": 90, "texture": "#4"}
			}
		},
		{
			"from": [-1, 11, 7],
			"to": [0, 14, 8],
			"rotation": {"angle": 0, "axis": "y", "origin": [-1, 11, 6]},
			"faces": {
				"north": {"uv": [0, 0, 1.5, 0.5], "rotation": 270, "texture": "#4"},
				"east": {"uv": [0, 0, 1.5, 0.5], "rotation": 90, "texture": "#4"},
				"south": {"uv": [0, 0, 1.5, 0.5], "rotation": 90, "texture": "#4"},
				"west": {"uv": [0, 0, 1.5, 0.5], "rotation": 90, "texture": "#4"},
				"up": {"uv": [0, 0, 0.5, 0.5], "rotation": 90, "texture": "#4"},
				"down": {"uv": [0, 0, 0.5, 0.5], "rotation": 90, "texture": "#4"}
			}
		},
		{
			"from": [-1, 13, 6],
			"to": [0, 14, 7],
			"rotation": {"angle": 0, "axis": "y", "origin": [-1, 11, 6]},
			"faces": {
				"north": {"uv": [0, 0, 0.5, 0.5], "rotation": 270, "texture": "#4"},
				"east": {"uv": [0, 1, 0.5, 1.5], "rotation": 90, "texture": "#4"},
				"south": {"uv": [0, 0, 0.5, 0.5], "rotation": 90, "texture": "#4"},
				"west": {"uv": [0, 0, 0.5, 0.5], "rotation": 90, "texture": "#4"},
				"up": {"uv": [0, 0, 0.5, 0.5], "rotation": 90, "texture": "#4"},
				"down": {"uv": [0, 0, 0.5, 0.5], "rotation": 90, "texture": "#4"}
			}
		},
		{
			"from": [-1, 11, 6],
			"to": [0, 12, 7],
			"rotation": {"angle": 0, "axis": "y", "origin": [-1, 11, 6]},
			"faces": {
				"north": {"uv": [0, 0, 0.5, 0.5], "rotation": 270, "texture": "#4"},
				"east": {"uv": [0, 1, 0.5, 1.5], "rotation": 90, "texture": "#4"},
				"south": {"uv": [0, 0, 0.5, 0.5], "rotation": 90, "texture": "#4"},
				"west": {"uv": [0, 0, 0.5, 0.5], "rotation": 90, "texture": "#4"},
				"up": {"uv": [0, 0, 0.5, 0.5], "rotation": 90, "texture": "#4"},
				"down": {"uv": [0, 0, 0.5, 0.5], "rotation": 90, "texture": "#4"}
			}
		}
	],
	"display": {
		"thirdperson_righthand": {
			"rotation": [-1, 95, -1],
			"translation": [1, 0, 0],
			"scale": [0.5, 0.5, 0.5]
		},
		"thirdperson_lefthand": {
			"rotation": [-1, 95, -1],
			"translation": [1, 0, 0],
			"scale": [0.5, 0.5, 0.5]
		},
		"firstperson_righthand": {
			"rotation": [0, -75, 5.75],
			"translation": [-1.75, 2.75, 1.25],
			"scale": [0.5, 0.5, 0.5]
		},
		"firstperson_lefthand": {
			"rotation": [0, -75, 5.75],
			"translation": [-1.75, 2.75, 1.25],
			"scale": [0.5, 0.5, 0.5]
		},
		"ground": {
			"translation": [0, 4.5, 0],
			"scale": [0.6, 0.6, 0.6]
		},
		"gui": {
			"rotation": [16.5, 49, 0],
			"translation": [0, 0.5, -2],
			"scale": [0.7, 0.7, 0.7]
		}
	},
	"groups": [
		{
			"name": "legs",
			"origin": [9, 16, 11],
			"children": [0, 1, 2, 3, 4, 5, 6, 7]
		}, 8,
		{
			"name": "Hammer",
			"origin": [8, 21, 14],
			"children": [9, 10]
		},
		{
			"name": "Saw",
			"origin": [6, 23, 14],
			"children": [11, 12, 13, 14, 15, 16, 17]
		}
	]
}