{
	"credit": "MineBreak",
	"textures": {
		"0": "block/oak_planks",
		"1": "block/researchtabletop",
		"particle": "block/oak_planks"
	},
	"elements": [
		{
			"from": [0, 0, 2],
			"to": [1, 2, 12],
			"rotation": {"angle": 0, "axis": "y", "origin": [8, 8, 15]},
			"faces": {
				"north": {"uv": [0, 6, 1, 8], "texture": "#0"},
				"east": {"uv": [1, 2, 11, 4], "texture": "#0"},
				"south": {"uv": [10, 6, 11, 8], "texture": "#0"},
				"west": {"uv": [0, 6, 10, 8], "texture": "#0"},
				"up": {"uv": [0, 0, 1, 10], "texture": "#0"},
				"down": {"uv": [0, 0, 1, 10], "texture": "#0", "cullface": "down"}
			}
		},
		{
			"from": [0.25, -7, 6],
			"to": [0.75, 1, 8],
			"rotation": {"angle": 45, "axis": "x", "origin": [8, 1, 15]},
			"faces": {
				"north": {"uv": [0, 1, 0.5, 9], "texture": "#0"},
				"east": {"uv": [0, 1, 2, 9], "texture": "#0"},
				"south": {"uv": [0, 1, 0.5, 9], "texture": "#0"},
				"west": {"uv": [0, 1, 2, 9], "texture": "#0"},
				"up": {"uv": [0, 1, 0.5, 3], "texture": "#0"}
			}
		},
		{
			"from": [15.25, -7, 6],
			"to": [15.75, 1, 8],
			"rotation": {"angle": 45, "axis": "x", "origin": [23, 1, 15]},
			"faces": {
				"north": {"uv": [0, 1, 0.5, 9], "texture": "#0"},
				"east": {"uv": [0, 1, 2, 9], "texture": "#0"},
				"south": {"uv": [0, 1, 0.5, 9], "texture": "#0"},
				"west": {"uv": [0, 1, 2, 9], "texture": "#0"},
				"up": {"uv": [0, 1, 0.5, 3], "texture": "#0"}
			}
		},
		{
			"from": [15, 0, 2],
			"to": [16, 2, 12],
			"rotation": {"angle": 0, "axis": "y", "origin": [23, 8, 15]},
			"faces": {
				"north": {"uv": [0, 6, 1, 8], "texture": "#0"},
				"east": {"uv": [0, 6, 10, 8], "texture": "#0"},
				"south": {"uv": [0, 6, 1, 8], "texture": "#0"},
				"west": {"uv": [0, 6, 10, 8], "texture": "#0"},
				"up": {"uv": [0, 0, 1, 10], "texture": "#0"},
				"down": {"uv": [0, 0, 1, 10], "texture": "#0", "cullface": "down"}
			}
		},
		{
			"from": [15, 1, 8],
			"to": [16, 15, 10],
			"rotation": {"angle": 0, "axis": "y", "origin": [23, 9, 17]},
			"faces": {
				"north": {"uv": [0, 0, 1, 14], "texture": "#0"},
				"east": {"uv": [0, 0, 2, 14], "texture": "#0"},
				"south": {"uv": [0, 0, 1, 14], "texture": "#0"},
				"west": {"uv": [0, 0, 2, 14], "texture": "#0"}
			}
		},
		{
			"from": [0, 1, 8],
			"to": [1, 15, 10],
			"rotation": {"angle": 0, "axis": "y", "origin": [8, 9, 17]},
			"faces": {
				"north": {"uv": [0, 0, 1, 14], "texture": "#0"},
				"east": {"uv": [0, 0, 2, 14], "texture": "#0"},
				"south": {"uv": [0, 0, 1, 14], "texture": "#0"},
				"west": {"uv": [0, 0, 2, 14], "texture": "#0"}
			}
		},
		{
			"from": [1, 1, 9.25],
			"to": [15, 2, 9.75],
			"rotation": {"angle": 0, "axis": "y", "origin": [9, 9, 17]},
			"faces": {
				"north": {"uv": [0, 0, 14, 1], "texture": "#0"},
				"south": {"uv": [0, 0, 14, 1], "texture": "#0"},
				"up": {"uv": [0, 0, 14, 0.5], "texture": "#0"},
				"down": {"uv": [0, 0, 14, 0.5], "texture": "#0"}
			}
		},
		{
			"from": [1, 10, 9.25],
			"to": [15, 11, 9.75],
			"rotation": {"angle": 0, "axis": "y", "origin": [9, 18, 17]},
			"faces": {
				"north": {"uv": [0, 0, 14, 1], "texture": "#0"},
				"south": {"uv": [0, 0, 14, 1], "texture": "#0"},
				"up": {"uv": [0, 0, 14, 0.5], "texture": "#0"},
				"down": {"uv": [0, 0, 14, 0.5], "texture": "#0"}
			}
		},
		{
			"from": [15, 3, 10],
			"to": [16, 9, 11],
			"rotation": {"angle": 45, "axis": "x", "origin": [23, 13, 18]},
			"faces": {
				"east": {"uv": [0, 1, 1, 7], "texture": "#0"},
				"south": {"uv": [0, 1, 1, 7], "texture": "#0"},
				"west": {"uv": [0, 1, 1, 7], "texture": "#0"},
				"up": {"uv": [0, 0, 1, 1], "texture": "#0"},
				"down": {"uv": [0, 0, 1, 1], "texture": "#0"}
			}
		},
		{
			"from": [-1, 4, 8],
			"to": [17, 14, 9],
			"rotation": {"angle": 45, "axis": "x", "origin": [8, 12, 16]},
			"faces": {
				"north": {"uv": [0.043, 1.093, 16.043, 11.093], "texture": "#1"},
				"east": {"uv": [0, 0, 1, 10], "texture": "#0"},
				"south": {"uv": [0, 0, 16, 10], "texture": "#0"},
				"west": {"uv": [0, 0, 1, 10], "texture": "#0"},
				"up": {"uv": [0, 0, 16, 1], "texture": "#0"},
				"down": {"uv": [0, 0, 16, 1], "texture": "#0"}
			}
		},
		{
			"from": [0, 3, 10],
			"to": [1, 9, 11],
			"rotation": {"angle": 45, "axis": "x", "origin": [8, 13, 18]},
			"faces": {
				"east": {"uv": [0, 1, 1, 7], "texture": "#0"},
				"south": {"uv": [0, 1, 1, 7], "texture": "#0"},
				"west": {"uv": [0, 1, 1, 7], "texture": "#0"},
				"up": {"uv": [0, 0, 1, 1], "texture": "#0"},
				"down": {"uv": [0, 0, 1, 1], "texture": "#0"}
			}
		},
		{
			"from": [-1, 11, 4],
			"to": [17, 11.5, 5.5],
			"rotation": {"angle": 0, "axis": "y", "origin": [8, 19, 12]},
			"faces": {
				"north": {"uv": [0, 0, 16, 0.5], "texture": "#0"},
				"east": {"uv": [0, 0, 1.5, 0.5], "texture": "#0"},
				"south": {"uv": [0, 0, 16, 0.5], "texture": "#0"},
				"west": {"uv": [0, 0, 1.5, 0.5], "texture": "#0"},
				"up": {"uv": [0, 0, 16, 1.5], "texture": "#0"},
				"down": {"uv": [0, 0, 16, 1.5], "texture": "#0"}
			}
		}
	],
	"display": {
		"thirdperson_righthand": {
			"translation": [2.25, 0, 0],
			"scale": [0.5, 0.5, 0.5]
		},
		"thirdperson_lefthand": {
			"translation": [2.25, 0, 0],
			"scale": [0.5, 0.5, 0.5]
		},
		"firstperson_righthand": {
			"rotation": [0, 112, -7.5],
			"translation": [0, 1, 0],
			"scale": [0.5, 0.5, 0.5]
		},
		"firstperson_lefthand": {
			"rotation": [0, 112, -7.5],
			"translation": [0, 1, 0],
			"scale": [0.5, 0.5, 0.5]
		},
		"ground": {
			"translation": [0, 1, 0],
			"scale": [0.6, 0.6, 0.6]
		},
		"gui": {
			"rotation": [16.5, -143.5, 0],
			"translation": [0.75, -1.25, -2],
			"scale": [0.7, 0.7, 0.7]
		},
		"fixed": {
			"translation": [0, 0, -2.5]
		}
	},
	"groups": [0, 1, 2, 3, 4, 5, 6, 7,
		{
			"name": "group",
			"origin": [8, 17, 14],
			"children": [8, 9, 10, 11]
		}
	]
}