{
    "parent": "item/handheld",
    "textures": {
        "layer0": "minecraft:minebreak/item/tools/axe/diamond"
    },
    "overrides": [
        {"predicate": {"custom_model_data": 1}, "model": "item/minebreak/tools/double_axe/diamond"},
        
        {"predicate": {"custom_model_data": 100}, "model": "item/minebreak/tools/axe/ruby"},
        {"predicate": {"custom_model_data": 101}, "model": "item/minebreak/tools/double_axe/ruby"},
        
        {"predicate": {"custom_model_data": 200}, "model": "item/minebreak/tools/axe/emerald"},
        {"predicate": {"custom_model_data": 201}, "model": "item/minebreak/tools/double_axe/emerald"},
        
        {"predicate": {"custom_model_data": 300}, "model": "item/minebreak/tools/axe/obsidian"},
        {"predicate": {"custom_model_data": 301}, "model": "item/minebreak/tools/double_axe/obsidian"}
    ]
}
