{
    "parent": "item/generated",
    "textures": {
        "layer0": "item/glowstone_dust"
    },
    "overrides": [
        {"predicate": {"custom_model_data": 2020200}, "model": "item/minebreak/halloween/pumpkin_basket"},
        {"predicate": {"custom_model_data": 2020301}, "model": "item/minebreak/christmas/christmas_sock"},
        {"predicate": {"custom_model_data": 2021100}, "model": "item/minebreak/easter/basket"},
        {"predicate": {"custom_model_data": 2021313}, "model": "item/minebreak/christmas2021/ice_basket"}
    ]
}
