{
    "parent": "item/handheld",
    "textures": {
        "layer0": "item/wooden_shovel"
    },
    "overrides": [
        {"predicate": {"custom_model_data": 101, "damaged": 0}, "model": "item/minebreak/misc/scanner/hand_scanner_active"},
        {"predicate": {"custom_model_data": 101, "damaged": 1}, "model": "item/minebreak/misc/scanner/hand_scanner"},
        {"predicate": {"custom_model_data": 102, "damaged": 0}, "model": "item/minebreak/misc/handcuffs"},
        {"predicate": {"custom_model_data": 201}, "model": "item/minebreak/misc/keycard"},
        {"predicate": {"custom_model_data": 2020314, "damaged": 0}, "model": "item/wooden_shovel"}
    ]
}
