{
	"credit": "SatanicAntichrist",
	"textures": {
		"0": "block/gift_machine/green_light",
		"1": "block/gift_machine/lever",
		"2": "block/gift_machine/light_grey",
		"3": "block/gift_machine/red_light",
		"4": "block/gift_machine/grey",
		"5": "block/gift_machine/graph",
		"6": "block/gift_machine/green",
		"7": "block/gift_machine/machine_top",
		"8": "block/gift_machine/buttons",
		"particle": "block/gift_machine/green_light"
	},
	"elements": [
		{
			"from": [2, 0, 0],
			"to": [3, 7, 1],
			"faces": {
				"north": {"uv": [0, 0, 1, 7], "texture": "#4"},
				"east": {"uv": [0, 0, 1, 7], "texture": "#4"},
				"south": {"uv": [0, 0, 1, 7], "texture": "#4"},
				"west": {"uv": [0, 0, 1, 7], "texture": "#4"},
				"down": {"uv": [0, 0, 1, 1], "texture": "#4"}
			}
		},
		{
			"from": [13, 0, 0],
			"to": [14, 7, 1],
			"faces": {
				"north": {"uv": [0, 0, 1, 7], "texture": "#4"},
				"east": {"uv": [0, 0, 1, 7], "texture": "#4"},
				"south": {"uv": [0, 0, 1, 7], "texture": "#4"},
				"west": {"uv": [0, 0, 1, 7], "texture": "#4"},
				"up": {"uv": [0, 0, 1, 1], "texture": "#4"},
				"down": {"uv": [0, 0, 1, 1], "texture": "#4"}
			}
		},
		{
			"from": [13, 0, 15],
			"to": [14, 7, 16],
			"faces": {
				"north": {"uv": [0, 0, 1, 7], "texture": "#4"},
				"east": {"uv": [0, 0, 1, 7], "texture": "#4"},
				"south": {"uv": [0, 0, 1, 7], "texture": "#4"},
				"west": {"uv": [0, 0, 1, 7], "texture": "#4"},
				"up": {"uv": [0, 0, 1, 1], "texture": "#4"},
				"down": {"uv": [0, 0, 1, 1], "texture": "#4"}
			}
		},
		{
			"from": [2, 0, 15],
			"to": [3, 7, 16],
			"faces": {
				"north": {"uv": [0, 0, 1, 7], "texture": "#4"},
				"east": {"uv": [0, 0, 1, 7], "texture": "#4"},
				"south": {"uv": [0, 0, 1, 7], "texture": "#4"},
				"west": {"uv": [0, 0, 1, 7], "texture": "#4"},
				"down": {"uv": [0, 0, 1, 1], "texture": "#4"}
			}
		},
		{
			"from": [2, 8, 17],
			"to": [14, 9, 18],
			"faces": {
				"north": {"uv": [0, 0, 1, 12], "rotation": 270, "texture": "#1"},
				"east": {"uv": [0, 0, 1, 1], "rotation": 90, "texture": "#1"},
				"south": {"uv": [0, 10, 16, 12], "rotation": 90, "texture": "#1"},
				"west": {"uv": [0, 0, 1, 1], "rotation": 90, "texture": "#1"},
				"up": {"uv": [0, 0, 14, 2], "rotation": 90, "texture": "#1"},
				"down": {"uv": [0, 0, 16, 2], "rotation": 90, "texture": "#1"}
			}
		},
		{
			"from": [1.9, 7, -1],
			"to": [13.9, 8, 17],
			"faces": {
				"north": {"uv": [0, 0, 12, 1], "texture": "#1"},
				"east": {"uv": [0, 0, 16, 1], "texture": "#1"},
				"south": {"uv": [0, 0, 12, 1], "texture": "#1"},
				"west": {"uv": [0, 0, 16, 1], "texture": "#1"},
				"up": {"uv": [0, 0, 12, 16], "texture": "#1"},
				"down": {"uv": [0, 0, 12, 16], "texture": "#1"}
			}
		},
		{
			"from": [3, 8, 13],
			"to": [13, 9, 14],
			"faces": {
				"north": {"uv": [14, 4, 15, 14], "rotation": 270, "texture": "#4"},
				"east": {"uv": [12, 8, 14, 11], "rotation": 90, "texture": "#4"},
				"south": {"uv": [13, 5, 14, 15], "rotation": 90, "texture": "#4"},
				"west": {"uv": [10, 9, 12, 12], "rotation": 90, "texture": "#4"}
			}
		},
		{
			"from": [3, 8, 10],
			"to": [13, 9, 11],
			"faces": {
				"north": {"uv": [14, 4, 15, 14], "rotation": 270, "texture": "#4"},
				"east": {"uv": [12, 8, 14, 11], "rotation": 90, "texture": "#4"},
				"south": {"uv": [13, 5, 14, 15], "rotation": 90, "texture": "#4"},
				"west": {"uv": [10, 9, 12, 12], "rotation": 90, "texture": "#4"}
			}
		},
		{
			"from": [3, 8, 7],
			"to": [13, 9, 8],
			"faces": {
				"north": {"uv": [14, 4, 15, 14], "rotation": 270, "texture": "#4"},
				"east": {"uv": [12, 8, 14, 11], "rotation": 90, "texture": "#4"},
				"south": {"uv": [13, 5, 14, 15], "rotation": 90, "texture": "#4"},
				"west": {"uv": [10, 9, 12, 12], "rotation": 90, "texture": "#4"}
			}
		},
		{
			"from": [3, 8, 1],
			"to": [13, 9, 2],
			"faces": {
				"north": {"uv": [14, 4, 15, 14], "rotation": 270, "texture": "#4"},
				"east": {"uv": [12, 8, 14, 11], "rotation": 90, "texture": "#4"},
				"south": {"uv": [13, 5, 14, 15], "rotation": 90, "texture": "#4"},
				"west": {"uv": [10, 9, 12, 12], "rotation": 90, "texture": "#4"}
			}
		},
		{
			"from": [2, 8, -2],
			"to": [14, 9, -1],
			"faces": {
				"north": {"uv": [0, 0, 16, 2], "rotation": 270, "texture": "#1"},
				"east": {"uv": [0, 0, 1, 1], "rotation": 90, "texture": "#1"},
				"south": {"uv": [0, 0, 1, 12], "rotation": 90, "texture": "#1"},
				"west": {"uv": [0, 0, 1, 1], "rotation": 90, "texture": "#1"},
				"up": {"uv": [0, 2, 16, 4], "rotation": 90, "texture": "#1"},
				"down": {"uv": [0, 10, 16, 12], "rotation": 90, "texture": "#1"}
			}
		},
		{
			"from": [3, 8, 4],
			"to": [13, 9, 5],
			"faces": {
				"north": {"uv": [14, 4, 15, 14], "rotation": 270, "texture": "#4"},
				"east": {"uv": [12, 8, 14, 11], "rotation": 90, "texture": "#4"},
				"south": {"uv": [13, 5, 14, 15], "rotation": 90, "texture": "#4"},
				"west": {"uv": [10, 9, 12, 12], "rotation": 90, "texture": "#4"}
			}
		},
		{
			"from": [1.9, 9, -1],
			"to": [13.9, 10, 17],
			"faces": {
				"north": {"uv": [0, 0, 12, 1], "texture": "#1"},
				"east": {"uv": [0, 0, 16, 1], "texture": "#1"},
				"south": {"uv": [0, 0, 12, 1], "texture": "#1"},
				"west": {"uv": [0, 0, 16, 1], "texture": "#1"},
				"up": {"uv": [0, 0, 16, 16], "texture": "#1"},
				"down": {"uv": [0, 0, 12, 16], "texture": "#1"}
			}
		},
		{
			"from": [5, 11.9, 5],
			"to": [11, 13.3, 11],
			"faces": {
				"north": {"uv": [0, 0, 1.4, 6], "rotation": 270, "texture": "#3"},
				"east": {"uv": [0, 0, 1.399, 6], "rotation": 90, "texture": "#3"},
				"south": {"uv": [0, 0, 1.399, 6], "rotation": 90, "texture": "#3"},
				"west": {"uv": [0, 0, 1.4, 6], "rotation": 90, "texture": "#3"},
				"up": {"uv": [0, 0, 6, 6], "rotation": 90, "texture": "#3"},
				"down": {"uv": [0, 0, 6, 6], "rotation": 90, "texture": "#3"}
			}
		},
		{
			"from": [6, 13.3, 6],
			"to": [10, 15.9, 10],
			"faces": {
				"north": {"uv": [11, 3, 13.6, 7], "rotation": 270, "texture": "#4"},
				"east": {"uv": [11, 10, 13.6, 14], "rotation": 90, "texture": "#4"},
				"south": {"uv": [0, 8, 15.6, 16], "rotation": 90, "texture": "#4"},
				"west": {"uv": [10, 9, 12.6, 13], "rotation": 90, "texture": "#4"}
			}
		},
		{
			"from": [15, 13, 7.9],
			"to": [15.4, 14, 8.9],
			"faces": {
				"north": {"uv": [4, 1, 5.4, 2.7], "texture": "#8"},
				"east": {"uv": [5, 1, 5.7, 2.6], "texture": "#8"},
				"south": {"uv": [4, 0, 5.4, 1.6], "texture": "#8"},
				"up": {"uv": [5, 1, 6.4, 2.7], "texture": "#8"},
				"down": {"uv": [5, 0, 6.4, 2.6], "texture": "#8"}
			}
		},
		{
			"from": [15, 11.6, 7.9],
			"to": [15.4, 12.6, 8.9],
			"faces": {
				"north": {"uv": [5, 4, 6.4, 5.7], "texture": "#8"},
				"east": {"uv": [5, 4, 5.7, 5.6], "texture": "#8"},
				"south": {"uv": [5, 5, 6.4, 6.6], "texture": "#8"},
				"up": {"uv": [5, 4, 6.4, 5.7], "texture": "#8"},
				"down": {"uv": [5, 4, 6.4, 6.6], "texture": "#8"}
			}
		},
		{
			"from": [15, 10.3, 7.9],
			"to": [15.4, 11.3, 8.9],
			"faces": {
				"north": {"uv": [0, 5, 1.4, 6.7], "texture": "#8"},
				"east": {"uv": [2, 5, 2.7, 6.6], "texture": "#8"},
				"south": {"uv": [1, 5, 2.4, 6.6], "texture": "#8"},
				"up": {"uv": [0, 4, 1.4, 5.7], "texture": "#8"},
				"down": {"uv": [0, 5, 1.4, 5.6], "texture": "#8"}
			}
		},
		{
			"from": [15, 13, 6.4],
			"to": [15.4, 14, 7.4],
			"faces": {
				"north": {"uv": [9, 0, 10.4, 1.7], "texture": "#8"},
				"east": {"uv": [10, 1, 10.7, 2.6], "texture": "#8"},
				"south": {"uv": [8, 1, 9.4, 2.6], "texture": "#8"},
				"up": {"uv": [9, 1, 10.4, 2.7], "texture": "#8"},
				"down": {"uv": [8, 0, 9.4, 1.6], "texture": "#8"}
			}
		},
		{
			"from": [15, 11.6, 6.4],
			"to": [15.4, 12.6, 7.4],
			"faces": {
				"north": {"uv": [9, 5, 10.4, 6.7], "texture": "#8"},
				"east": {"uv": [10, 5, 10.7, 6.6], "texture": "#8"},
				"south": {"uv": [10, 5, 10.4, 6.6], "texture": "#8"},
				"up": {"uv": [8, 5, 9.4, 6.7], "texture": "#8"},
				"down": {"uv": [9, 4, 10.4, 5.6], "texture": "#8"}
			}
		},
		{
			"from": [15, 10.3, 6.4],
			"to": [15.4, 11.3, 7.4],
			"faces": {
				"north": {"uv": [0, 0, 1.4, 1.7], "texture": "#8"},
				"east": {"uv": [0, 0, 0.7, 1.6], "texture": "#8"},
				"south": {"uv": [0, 0, 0.4, 1.6], "texture": "#8"},
				"up": {"uv": [0, 0, 1.4, 1.7], "texture": "#8"},
				"down": {"uv": [1, 0, 2.4, 1.6], "texture": "#8"}
			}
		},
		{
			"from": [15, 13, 9.4],
			"to": [15.4, 14, 10.4],
			"faces": {
				"north": {"uv": [1, 0, 2.4, 2.7], "texture": "#8"},
				"east": {"uv": [0, 0, 2.7, 2.6], "texture": "#8"},
				"south": {"uv": [0, 0, 0.4, 1.6], "texture": "#8"},
				"up": {"uv": [0, 0, 1.4, 1.7], "texture": "#8"},
				"down": {"uv": [0, 0, 2.399, 2.6], "texture": "#8"}
			}
		},
		{
			"from": [15, 11.6, 9.4],
			"to": [15.4, 12.6, 10.4],
			"faces": {
				"north": {"uv": [1, 5, 2.4, 5.7], "texture": "#8"},
				"east": {"uv": [1, 5, 2.7, 6.6], "texture": "#8"},
				"south": {"uv": [0, 5, 1.4, 6.6], "texture": "#8"},
				"up": {"uv": [1, 4, 2.4, 5.7], "texture": "#8"},
				"down": {"uv": [1, 4, 2.4, 5.6], "texture": "#8"}
			}
		},
		{
			"from": [15, 10.3, 9.4],
			"to": [15.4, 11.3, 10.4],
			"faces": {
				"north": {"uv": [9, 1, 10.4, 2.7], "texture": "#8"},
				"east": {"uv": [10, 1, 10.7, 2.6], "texture": "#8"},
				"south": {"uv": [8, 0, 8.4, 1.6], "texture": "#8"},
				"up": {"uv": [9, 0, 10.4, 1.7], "texture": "#8"},
				"down": {"uv": [9, 0, 10.4, 2.6], "texture": "#8"}
			}
		},
		{
			"name": "Graf",
			"from": [0.6, 8.4, 9],
			"to": [1, 10.6, 12.7],
			"faces": {
				"north": {"uv": [0, 1, 1.4, 9.7], "texture": "#5"},
				"south": {"uv": [13, 1, 14.4, 4.7], "texture": "#5"},
				"west": {"uv": [0, 2, 15.7, 15.6], "texture": "#5"},
				"up": {"uv": [7, 2, 8.4, 3.7], "texture": "#5"},
				"down": {"uv": [14, 2, 15.4, 5.6], "texture": "#5"}
			}
		},
		{
			"from": [0.6, 12.4, 12.5],
			"to": [1, 14, 13.2],
			"faces": {
				"south": {"uv": [12, 10, 13.4, 13.7], "texture": "#4"},
				"west": {"uv": [9, 9, 9.7, 10.6], "texture": "#4"},
				"up": {"uv": [10, 8, 11.4, 9.7], "texture": "#4"},
				"down": {"uv": [14, 7, 15.4, 10.6], "texture": "#4"}
			}
		},
		{
			"from": [0.2, 12.4, 10.9],
			"to": [1, 14, 12.5],
			"faces": {
				"north": {"uv": [0, 0, 14.8, 11.6], "texture": "#3"},
				"south": {"uv": [0, 0, 14.8, 11.6], "texture": "#3"},
				"west": {"uv": [0, 0, 15.6, 11.6], "texture": "#3"},
				"up": {"uv": [0, 0, 14.8, 11.6], "texture": "#3"},
				"down": {"uv": [0, 0, 15.8, 15.6], "texture": "#3"}
			}
		},
		{
			"from": [0.6, 14, 10.9],
			"to": [1, 14.7, 12.5],
			"faces": {
				"north": {"uv": [10, 4, 11.4, 12.7], "rotation": 180, "texture": "#4"},
				"south": {"uv": [12, 10, 13.4, 13.7], "texture": "#4"},
				"west": {"uv": [9, 9, 9.7, 10.6], "rotation": 90, "texture": "#4"},
				"up": {"uv": [10, 8, 11.4, 9.7], "rotation": 180, "texture": "#4"}
			}
		},
		{
			"from": [0.6, 12.4, 10.2],
			"to": [1, 14, 10.9],
			"faces": {
				"north": {"uv": [10, 4, 11.4, 12.7], "texture": "#4"},
				"west": {"uv": [9, 9, 9.7, 10.6], "texture": "#4"},
				"up": {"uv": [10, 8, 11.4, 9.7], "texture": "#4"},
				"down": {"uv": [14, 7, 15.4, 10.6], "texture": "#4"}
			}
		},
		{
			"from": [0.6, 11.7, 10.9],
			"to": [1, 12.4, 12.5],
			"faces": {
				"north": {"uv": [10, 4, 11.4, 12.7], "rotation": 180, "texture": "#4"},
				"south": {"uv": [12, 10, 13.4, 13.7], "texture": "#4"},
				"west": {"uv": [9, 9, 9.7, 10.6], "rotation": 90, "texture": "#4"},
				"down": {"uv": [14, 7, 15.4, 10.6], "texture": "#4"}
			}
		},
		{
			"from": [0.2, 12.4, 7.4],
			"to": [1, 14, 9],
			"faces": {
				"north": {"uv": [0, 0, 13.8, 11.6], "texture": "#0"},
				"south": {"uv": [0, 0, 13.8, 10.6], "texture": "#0"},
				"west": {"uv": [0, 0, 15.6, 11.6], "texture": "#0"},
				"up": {"uv": [0, 0, 15.8, 15.6], "texture": "#0"},
				"down": {"uv": [0, 0, 15.8, 15.6], "texture": "#0"}
			}
		},
		{
			"from": [0.6, 12.4, 9],
			"to": [1, 14, 9.7],
			"faces": {
				"south": {"uv": [12, 10, 13.4, 13.7], "texture": "#4"},
				"west": {"uv": [9, 9, 9.7, 10.6], "texture": "#4"},
				"up": {"uv": [10, 8, 11.4, 9.7], "texture": "#4"},
				"down": {"uv": [14, 7, 15.4, 10.6], "texture": "#4"}
			}
		},
		{
			"from": [0.6, 14, 7.4],
			"to": [1, 14.7, 9],
			"faces": {
				"north": {"uv": [10, 4, 11.4, 12.7], "rotation": 180, "texture": "#4"},
				"south": {"uv": [12, 10, 13.4, 13.7], "texture": "#4"},
				"west": {"uv": [9, 9, 9.7, 10.6], "rotation": 90, "texture": "#4"},
				"up": {"uv": [14, 7, 15.4, 12.6], "rotation": 180, "texture": "#4"}
			}
		},
		{
			"from": [0.6, 11.7, 7.4],
			"to": [1, 12.4, 9],
			"faces": {
				"north": {"uv": [10, 4, 11.4, 12.7], "rotation": 180, "texture": "#4"},
				"south": {"uv": [12, 10, 13.4, 13.7], "texture": "#4"},
				"west": {"uv": [9, 9, 9.7, 10.6], "rotation": 90, "texture": "#4"},
				"down": {"uv": [14, 7, 15.4, 10.6], "texture": "#4"}
			}
		},
		{
			"from": [0.6, 12.4, 6.7],
			"to": [1, 14, 7.4],
			"faces": {
				"north": {"uv": [10, 4, 11.4, 12.7], "texture": "#4"},
				"west": {"uv": [9, 9, 9.7, 10.6], "texture": "#4"},
				"up": {"uv": [10, 8, 11.4, 9.7], "texture": "#4"},
				"down": {"uv": [14, 7, 15.4, 10.6], "texture": "#4"}
			}
		},
		{
			"from": [0.76921, 16.98623, 5.2],
			"to": [1.76921, 18.68623, 6.2],
			"rotation": {"angle": 22.5, "axis": "z", "origin": [8, 8, 8]},
			"faces": {
				"north": {"uv": [0, 0, 16, 11.7], "texture": "#1"},
				"east": {"uv": [0, 0, 13, 10.7], "texture": "#1"},
				"south": {"uv": [0, 0, 14, 10.7], "texture": "#1"},
				"west": {"uv": [0, 0, 14, 11.7], "texture": "#1"},
				"up": {"uv": [0, 0, 16, 4], "texture": "#1"},
				"down": {"uv": [0, 0, 1, 1], "texture": "#1"}
			}
		},
		{
			"from": [0.4, 8, 6.1],
			"to": [1, 10, 6.8],
			"faces": {
				"north": {"uv": [0, 0, 0.6, 2], "texture": "#1"},
				"south": {"uv": [0, 0, 0.6, 2], "texture": "#1"},
				"west": {"uv": [0, 14, 3.7, 16], "texture": "#1"},
				"up": {"uv": [0, 0, 0.6, 0.7], "texture": "#1"}
			}
		},
		{
			"from": [0.4, 8, 4.5],
			"to": [1, 10, 5.2],
			"faces": {
				"north": {"uv": [0, 0, 0.6, 2], "texture": "#1"},
				"south": {"uv": [0, 0, 0.6, 2], "texture": "#1"},
				"west": {"uv": [0, 14, 3.7, 16], "texture": "#1"},
				"up": {"uv": [0, 0, 0.6, 0.7], "texture": "#1"}
			}
		},
		{
			"from": [1.00957, 10.7782, 5.3],
			"to": [1.60957, 17.7782, 6],
			"rotation": {"angle": 22.5, "axis": "z", "origin": [8, 8, 8]},
			"faces": {
				"north": {"uv": [0, 0, 15.6, 16], "texture": "#2"},
				"east": {"uv": [0, 0, 0.7, 7], "texture": "#2"},
				"south": {"uv": [0, 0, 0.6, 7], "texture": "#2"},
				"west": {"uv": [0, 0, 0.7, 7], "texture": "#2"},
				"down": {"uv": [0, 0, 0.6, 0.7], "texture": "#2"}
			}
		},
		{
			"from": [0.4, 7.3, 4.5],
			"to": [1, 8, 6.8],
			"faces": {
				"north": {"uv": [0, 0, 0.6, 0.7], "rotation": 180, "texture": "#1"},
				"south": {"uv": [0, 0, 0.6, 0.7], "texture": "#1"},
				"west": {"uv": [0, 14, 3.7, 16], "rotation": 270, "texture": "#1"},
				"up": {"uv": [0, 0, 0.6, 2.3], "texture": "#1"},
				"down": {"uv": [0, 0, 0.6, 2.3], "rotation": 180, "texture": "#1"}
			}
		},
		{
			"from": [-3.23865, 9.85739, 5.6],
			"to": [-2.83865, 11.25739, 6],
			"rotation": {"angle": -22.5, "axis": "z", "origin": [8, 8, 8]},
			"faces": {
				"north": {"uv": [0, 0, 0.4, 1.4], "texture": "#2"},
				"east": {"uv": [0, 0, 0.4, 1.4], "texture": "#2"},
				"south": {"uv": [0, 0, 0.4, 1.4], "texture": "#2"},
				"west": {"uv": [0, 0, 0.4, 1.4], "texture": "#2"},
				"up": {"uv": [0, 0, 0.4, 0.4], "texture": "#2"},
				"down": {"uv": [0, 0, 0.4, 0.4], "texture": "#2"}
			}
		},
		{
			"from": [3, 17, 3],
			"to": [13, 19, 13],
			"faces": {
				"north": {"uv": [0, 0, 10, 2], "texture": "#7"},
				"east": {"uv": [0, 0, 10, 2], "texture": "#7"},
				"south": {"uv": [0, 0, 10, 2], "texture": "#7"},
				"west": {"uv": [0, 0, 10, 2], "texture": "#7"},
				"up": {"uv": [0, 0, 10, 10], "texture": "#7"}
			}
		},
		{
			"from": [0, 16, 1],
			"to": [16, 17, 15],
			"faces": {
				"north": {"uv": [0, 0, 16, 1], "texture": "#7"},
				"east": {"uv": [0, 0, 14, 1], "texture": "#7"},
				"south": {"uv": [0, 0, 16, 1], "texture": "#7"},
				"west": {"uv": [0, 0, 14, 1], "texture": "#7"},
				"up": {"uv": [0, 0, 16, 14], "texture": "#7"},
				"down": {"uv": [0, 0, 16, 14], "texture": "#7"}
			}
		},
		{
			"from": [14, 7, 2],
			"to": [15, 16, 14],
			"faces": {
				"north": {"uv": [15, 3, 16, 12], "rotation": 180, "texture": "#6"},
				"east": {"uv": [9, 11, 16, 16], "rotation": 180, "texture": "#6"},
				"south": {"uv": [15, 7, 16, 16], "rotation": 180, "texture": "#6"},
				"west": {"uv": [10, 10, 16, 16], "rotation": 180, "texture": "#6"},
				"down": {"uv": [15, 4, 16, 16], "rotation": 180, "texture": "#6"}
			}
		},
		{
			"from": [2, 15, 2],
			"to": [14, 16, 14],
			"faces": {
				"north": {"uv": [15, 3, 16, 15], "rotation": 270, "texture": "#6"},
				"south": {"uv": [15, 3, 16, 15], "rotation": 90, "texture": "#6"},
				"down": {"uv": [8, 8, 16, 16], "rotation": 90, "texture": "#6"}
			}
		},
		{
			"from": [1, 7, 2],
			"to": [2, 16, 14],
			"faces": {
				"north": {"uv": [15, 5, 16, 14], "texture": "#6"},
				"east": {"uv": [11, 6, 12, 9], "texture": "#6"},
				"south": {"uv": [14, 7, 15, 16], "texture": "#6"},
				"west": {"uv": [9, 12, 16, 16], "texture": "#6"},
				"down": {"uv": [15, 9, 16, 12], "texture": "#6"}
			}
		},
		{
			"from": [1, 21, 13],
			"to": [2, 22, 14],
			"faces": {
				"south": {"uv": [0, 0, 1, 5], "texture": "#4"},
				"west": {"uv": [0, 1, 3, 6], "texture": "#4"},
				"up": {"uv": [8, 10, 16, 16], "rotation": 270, "texture": "#4"},
				"down": {"uv": [2, 3, 3, 6], "rotation": 90, "texture": "#4"}
			}
		},
		{
			"from": [2, 17, 13],
			"to": [5, 22, 14],
			"faces": {
				"north": {"uv": [9, 8, 13, 14], "texture": "#4"},
				"east": {"uv": [12, 9, 14, 11], "texture": "#4"},
				"south": {"uv": [0, 0, 1, 5], "texture": "#4"},
				"west": {"uv": [0, 1, 3, 6], "texture": "#4"},
				"up": {"uv": [8, 10, 16, 16], "rotation": 270, "texture": "#4"}
			}
		},
		{
			"from": [0, 22, 9],
			"to": [1, 23, 14],
			"faces": {
				"north": {"uv": [9, 8, 13, 14], "texture": "#4"},
				"east": {"uv": [12, 9, 14, 11], "texture": "#4"},
				"south": {"uv": [0, 0, 1, 5], "texture": "#4"},
				"west": {"uv": [0, 1, 3, 6], "texture": "#4"},
				"up": {"uv": [8, 10, 16, 16], "texture": "#4"},
				"down": {"uv": [2, 3, 3, 6], "texture": "#4"}
			}
		},
		{
			"from": [5, 19, 10],
			"to": [6, 22, 13],
			"faces": {
				"north": {"uv": [9, 8, 13, 14], "texture": "#4"},
				"east": {"uv": [12, 9, 14, 11], "texture": "#4"},
				"south": {"uv": [0, 0, 1, 5], "texture": "#4"},
				"west": {"uv": [0, 1, 3, 6], "texture": "#4"},
				"up": {"uv": [8, 10, 16, 16], "texture": "#4"}
			}
		},
		{
			"from": [5, 21, 13],
			"to": [6, 22, 14],
			"faces": {
				"east": {"uv": [12, 9, 14, 11], "texture": "#4"},
				"south": {"uv": [0, 0, 1, 5], "texture": "#4"},
				"up": {"uv": [8, 10, 16, 16], "rotation": 270, "texture": "#4"},
				"down": {"uv": [2, 3, 3, 6], "rotation": 90, "texture": "#4"}
			}
		},
		{
			"from": [1, 22, 14],
			"to": [6, 23, 15],
			"faces": {
				"north": {"uv": [9, 8, 13, 14], "texture": "#4"},
				"east": {"uv": [12, 9, 14, 11], "texture": "#4"},
				"south": {"uv": [0, 0, 1, 5], "texture": "#4"},
				"west": {"uv": [0, 1, 3, 6], "texture": "#4"},
				"up": {"uv": [8, 10, 16, 16], "rotation": 270, "texture": "#4"},
				"down": {"uv": [2, 3, 3, 6], "rotation": 90, "texture": "#4"}
			}
		},
		{
			"from": [6, 22, 9],
			"to": [7, 23, 14],
			"faces": {
				"north": {"uv": [9, 8, 13, 14], "texture": "#4"},
				"east": {"uv": [12, 9, 14, 11], "texture": "#4"},
				"south": {"uv": [0, 0, 1, 5], "texture": "#4"},
				"west": {"uv": [0, 1, 3, 6], "texture": "#4"},
				"up": {"uv": [8, 10, 16, 16], "texture": "#4"},
				"down": {"uv": [2, 3, 3, 6], "texture": "#4"}
			}
		},
		{
			"from": [2, 17, 9],
			"to": [5, 22, 10],
			"faces": {
				"north": {"uv": [9, 8, 13, 14], "texture": "#4"},
				"east": {"uv": [12, 9, 14, 11], "texture": "#4"},
				"south": {"uv": [0, 0, 1, 5], "texture": "#4"},
				"west": {"uv": [0, 1, 3, 6], "texture": "#4"},
				"up": {"uv": [8, 10, 16, 16], "rotation": 270, "texture": "#4"}
			}
		},
		{
			"from": [1, 22, 8],
			"to": [6, 23, 9],
			"faces": {
				"north": {"uv": [9, 8, 13, 14], "texture": "#4"},
				"east": {"uv": [12, 9, 14, 11], "texture": "#4"},
				"south": {"uv": [0, 0, 1, 5], "texture": "#4"},
				"west": {"uv": [0, 1, 3, 6], "texture": "#4"},
				"up": {"uv": [8, 10, 16, 16], "rotation": 270, "texture": "#4"},
				"down": {"uv": [2, 3, 3, 6], "rotation": 90, "texture": "#4"}
			}
		},
		{
			"from": [1, 21, 9],
			"to": [2, 22, 10],
			"faces": {
				"north": {"uv": [9, 8, 13, 14], "texture": "#4"},
				"west": {"uv": [0, 1, 3, 6], "texture": "#4"},
				"up": {"uv": [8, 10, 16, 16], "rotation": 270, "texture": "#4"},
				"down": {"uv": [2, 3, 3, 6], "rotation": 90, "texture": "#4"}
			}
		},
		{
			"from": [5, 21, 9],
			"to": [6, 22, 10],
			"faces": {
				"north": {"uv": [9, 8, 13, 14], "texture": "#4"},
				"east": {"uv": [12, 9, 14, 11], "texture": "#4"},
				"up": {"uv": [8, 10, 16, 16], "rotation": 270, "texture": "#4"},
				"down": {"uv": [2, 3, 3, 6], "rotation": 90, "texture": "#4"}
			}
		},
		{
			"from": [1, 17, 10],
			"to": [2, 22, 13],
			"faces": {
				"north": {"uv": [9, 8, 13, 14], "texture": "#4"},
				"east": {"uv": [12, 9, 14, 11], "texture": "#4"},
				"south": {"uv": [0, 0, 1, 5], "texture": "#4"},
				"west": {"uv": [0, 1, 3, 6], "texture": "#4"},
				"up": {"uv": [8, 10, 16, 16], "texture": "#4"}
			}
		}
	],
	"display": {
		"thirdperson_righthand": {
			"rotation": [75, 45, 0],
			"translation": [0, 2.5, 0],
			"scale": [0.375, 0.375, 0.375]
		},
		"thirdperson_lefthand": {
			"rotation": [75, 45, 0],
			"translation": [0, 2.5, 0],
			"scale": [0.375, 0.375, 0.375]
		},
		"firstperson_righthand": {
			"rotation": [0, 45, 0],
			"scale": [0.4, 0.4, 0.4]
		},
		"firstperson_lefthand": {
			"rotation": [0, 225, 0],
			"scale": [0.4, 0.4, 0.4]
		},
		"ground": {
			"translation": [0, -1.5, 0],
			"scale": [0.25, 0.25, 0.25]
		},
		"gui": {
			"rotation": [30, 225, 0],
			"translation": [0, -1.25, 0],
			"scale": [0.625, 0.625, 0.625]
		},
		"fixed": {
			"scale": [0.5, 0.5, 0.5]
		}
	},
	"groups": [0, 1, 2, 3,
		{
			"name": "pás",
			"origin": [8, 8, 8],
			"children": [4, 5, 6, 7, 8, 9, 10, 11, 12]
		},
		{
			"name": "balič",
			"origin": [8, 8, 8],
			"children": [13, 14]
		}, 15, 16, 17, 18, 19, 20, 21, 22, 23, 24,
		{
			"name": "svetlá",
			"origin": [8, 8, 8],
			"children": [25, 26, 27, 28, 29, 30, 31, 32, 33, 34]
		},
		{
			"name": "Páka",
			"origin": [8, 8, 8],
			"children": [35, 36, 37, 38, 39, 40]
		},
		{
			"name": "obal+strecha",
			"origin": [8, 8, 8],
			"children": [41, 42, 43, 44, 45]
		},
		{
			"name": "komín",
			"origin": [8, 8, 8],
			"children": [46, 47, 48, 49, 50, 51, 52, 53, 54, 55, 56, 57]
		}
	]
}