{
	"credit": "MineBreak",
	"parent": "minebreak/misc/tables",
	"texture_size": [32, 16],
	"textures": {
		"3": "minecraft:minebreak/block/wood_cutter/wood_holder"
	},
	"elements": [
		{
			"from": [15, 0, -1],
			"to": [16, 1, 17],
			"faces": {
				"north": {"uv": [0, 0, 0.5, 1], "texture": "#3"},
				"east": {"uv": [0, 0, 8, 1], "texture": "#3"},
				"south": {"uv": [0, 0, 0.5, 1], "texture": "#3"},
				"west": {"uv": [0, 0, 8, 1], "texture": "#3"},
				"up": {"uv": [0, 0, 0.5, 16], "texture": "#3"},
				"down": {"uv": [0, 0, 0.5, 16], "texture": "#3"}
			}
		},
		{
			"from": [0, 0, -1],
			"to": [1, 1, 17],
			"faces": {
				"north": {"uv": [0, 0, 0.5, 1], "texture": "#3"},
				"east": {"uv": [0, 0, 8, 1], "texture": "#3"},
				"south": {"uv": [0, 0, 0.5, 1], "texture": "#3"},
				"west": {"uv": [0, 0, 8, 1], "texture": "#3"},
				"up": {"uv": [0, 0, 0.5, 16], "texture": "#3"},
				"down": {"uv": [0, 0, 0.5, 16], "texture": "#3"}
			}
		},
		{
			"from": [15, 1, -1],
			"to": [16, 20, 0],
			"faces": {
				"north": {"uv": [0, 0, 0.5, 16], "rotation": 180, "texture": "#3"},
				"east": {"uv": [0, 0, 8, 1], "rotation": 90, "texture": "#3"},
				"south": {"uv": [0, 0, 0.5, 16], "texture": "#3"},
				"west": {"uv": [0, 0, 8, 1], "rotation": 270, "texture": "#3"},
				"up": {"uv": [0, 0, 0.5, 1], "texture": "#3"},
				"down": {"uv": [0, 0, 0.5, 1], "rotation": 180, "texture": "#3"}
			}
		},
		{
			"from": [15, 1, 16],
			"to": [16, 20, 17],
			"faces": {
				"north": {"uv": [0, 0, 0.5, 16], "rotation": 180, "texture": "#3"},
				"east": {"uv": [0, 0, 8, 1], "rotation": 90, "texture": "#3"},
				"south": {"uv": [0, 0, 0.5, 16], "texture": "#3"},
				"west": {"uv": [0, 0, 8, 1], "rotation": 270, "texture": "#3"},
				"up": {"uv": [0, 0, 0.5, 1], "texture": "#3"},
				"down": {"uv": [0, 0, 0.5, 1], "rotation": 180, "texture": "#3"}
			}
		},
		{
			"from": [0, 1, 16],
			"to": [1, 20, 17],
			"faces": {
				"north": {"uv": [0, 0, 0.5, 16], "rotation": 180, "texture": "#3"},
				"east": {"uv": [0, 0, 8, 1], "rotation": 90, "texture": "#3"},
				"south": {"uv": [0, 0, 0.5, 16], "texture": "#3"},
				"west": {"uv": [0, 0, 8, 1], "rotation": 270, "texture": "#3"},
				"up": {"uv": [0, 0, 0.5, 1], "texture": "#3"},
				"down": {"uv": [0, 0, 0.5, 1], "rotation": 180, "texture": "#3"}
			}
		},
		{
			"from": [0, 1, -1],
			"to": [1, 20, 0],
			"faces": {
				"north": {"uv": [0, 0, 0.5, 16], "rotation": 180, "texture": "#3"},
				"east": {"uv": [0, 0, 8, 1], "rotation": 90, "texture": "#3"},
				"south": {"uv": [0, 0, 0.5, 16], "texture": "#3"},
				"west": {"uv": [0, 0, 8, 1], "rotation": 270, "texture": "#3"},
				"up": {"uv": [0, 0, 0.5, 1], "texture": "#3"},
				"down": {"uv": [0, 0, 0.5, 1], "rotation": 180, "texture": "#3"}
			}
		},
		{
			"from": [7.5, 0, -1.8],
			"to": [8.5, 1, 19],
			"rotation": {"angle": -45, "axis": "y", "origin": [9.5, 0.5, 8]},
			"faces": {
				"north": {"uv": [0, 0, 0.5, 1], "texture": "#3"},
				"east": {"uv": [0, 0, 8, 1], "texture": "#3"},
				"south": {"uv": [0, 0, 0.5, 1], "texture": "#3"},
				"west": {"uv": [0, 0, 8, 1], "texture": "#3"},
				"up": {"uv": [0, 0, 0.5, 16], "texture": "#3"},
				"down": {"uv": [0, 0, 0.5, 16], "texture": "#3"}
			}
		},
		{
			"from": [7.51508, 0, -3.0364],
			"to": [8.51508, 1, 17.7636],
			"rotation": {"angle": 45, "axis": "y", "origin": [8.01508, 0.5, 7.3636]},
			"faces": {
				"north": {"uv": [0, 0, 0.5, 1], "texture": "#3"},
				"east": {"uv": [0, 0, 8, 1], "texture": "#3"},
				"south": {"uv": [0, 0, 0.5, 1], "texture": "#3"},
				"west": {"uv": [0, 0, 8, 1], "texture": "#3"},
				"up": {"uv": [0, 0, 0.5, 16], "texture": "#3"},
				"down": {"uv": [0, 0, 0.5, 16], "texture": "#3"}
			}
		},
		{
			"from": [-2, 1, 12],
			"to": [18, 5, 16],
			"faces": {
				"north": {"uv": [8, 0, 16, 4], "texture": "#3"},
				"east": {"uv": [8, 4, 10, 8], "texture": "#3"},
				"south": {"uv": [8, 0, 16, 4], "texture": "#3"},
				"west": {"uv": [8, 4, 10, 8], "texture": "#3"},
				"up": {"uv": [8, 0, 16, 4], "texture": "#3"},
				"down": {"uv": [8, 0, 16, 4], "texture": "#3"}
			}
		},
		{
			"from": [-2, 1, 6.1],
			"to": [18, 5, 10.1],
			"faces": {
				"north": {"uv": [8, 0, 16, 4], "texture": "#3"},
				"east": {"uv": [8, 4, 10, 8], "texture": "#3"},
				"south": {"uv": [8, 0, 16, 4], "texture": "#3"},
				"west": {"uv": [8, 4, 10, 8], "texture": "#3"},
				"up": {"uv": [8, 0, 16, 4], "texture": "#3"},
				"down": {"uv": [8, 0, 16, 4], "texture": "#3"}
			}
		},
		{
			"from": [-2, 5, 9.4],
			"to": [18, 9, 13.4],
			"faces": {
				"north": {"uv": [8, 0, 16, 4], "texture": "#3"},
				"east": {"uv": [8, 4, 10, 8], "texture": "#3"},
				"south": {"uv": [8, 0, 16, 4], "texture": "#3"},
				"west": {"uv": [8, 4, 10, 8], "texture": "#3"},
				"up": {"uv": [8, 0, 16, 4], "texture": "#3"},
				"down": {"uv": [8, 0, 16, 4], "texture": "#3"}
			}
		},
		{
			"from": [-2, 9, 6.1],
			"to": [18, 13, 10.1],
			"faces": {
				"north": {"uv": [8, 0, 16, 4], "texture": "#3"},
				"east": {"uv": [8, 4, 10, 8], "texture": "#3"},
				"south": {"uv": [8, 0, 16, 4], "texture": "#3"},
				"west": {"uv": [8, 4, 10, 8], "texture": "#3"},
				"up": {"uv": [8, 0, 16, 4], "texture": "#3"},
				"down": {"uv": [8, 0, 16, 4], "texture": "#3"}
			}
		},
		{
			"from": [-2, 5, 2.7],
			"to": [18, 9, 6.7],
			"faces": {
				"north": {"uv": [8, 0, 16, 4], "texture": "#3"},
				"east": {"uv": [8, 4, 10, 8], "texture": "#3"},
				"south": {"uv": [8, 0, 16, 4], "texture": "#3"},
				"west": {"uv": [8, 4, 10, 8], "texture": "#3"},
				"up": {"uv": [8, 0, 16, 4], "texture": "#3"},
				"down": {"uv": [8, 0, 16, 4], "texture": "#3"}
			}
		},
		{
			"from": [-2, 1, 0],
			"to": [18, 5, 4],
			"faces": {
				"north": {"uv": [8, 0, 16, 4], "texture": "#3"},
				"east": {"uv": [8, 4, 10, 8], "texture": "#3"},
				"south": {"uv": [8, 0, 16, 4], "texture": "#3"},
				"west": {"uv": [8, 4, 10, 8], "texture": "#3"},
				"up": {"uv": [8, 0, 16, 4], "texture": "#3"},
				"down": {"uv": [8, 0, 16, 4], "texture": "#3"}
			}
		}
	],
	"display": {
		"fixed": {
			"rotation": [-90, -90, 0],
			"translation": [0, 0, -13],
			"scale": [2.02148, 1.73297, 2.00586]
		}
	},
	"groups": [0, 1, 2, 3, 4, 5, 6, 7,
		{
			"name": "wood",
			"origin": [0, 0, 0],
			"children": [8, 9, 10, 11, 12, 13]
		}
	]
}