{
	"credit": "MineBreak",
	"texture_size": [32, 32],
	"textures": {
		"1": "minecraft:minebreak/item/christmas2021/gift_red"
	},
	"elements": [
		{
			"from": [0, 0, 3],
			"to": [16, 11, 13],
			"faces": {
				"north": {"uv": [0, 10.5, 8, 16], "texture": "#1"},
				"east": {"uv": [0, 0, 5, 5.5], "texture": "#1"},
				"south": {"uv": [0, 10.5, 8, 16], "texture": "#1"},
				"west": {"uv": [0, 0, 5, 5.5], "texture": "#1"},
				"up": {"uv": [8, 0, 16, 5], "texture": "#1"},
				"down": {"uv": [8, 0, 16, 5], "texture": "#1"}
			}
		},
		{
			"from": [4, 10.5, 8],
			"to": [12, 15.5, 8],
			"faces": {
				"north": {"uv": [0, 8, 4, 10.5], "texture": "#1"},
				"south": {"uv": [0, 8, 4, 10.5], "texture": "#1"}
			}
		},
		{
			"from": [7, 0, 2.75],
			"to": [9, 11, 3],
			"faces": {
				"north": {"uv": [2, 0, 3, 5.5], "texture": "#1"},
				"east": {"uv": [2, 0, 3, 0.125], "texture": "#1"},
				"west": {"uv": [2, 0, 3, 0.125], "texture": "#1"},
				"down": {"uv": [2, 0, 3, 0.125], "texture": "#1"}
			}
		},
		{
			"from": [7, 0, 13],
			"to": [9, 11, 13.25],
			"faces": {
				"east": {"uv": [2.5, 0, 2.625, 5.5], "texture": "#1"},
				"south": {"uv": [2, 0, 3, 5.5], "texture": "#1"},
				"west": {"uv": [2.5, 0, 2.625, 5.5], "texture": "#1"},
				"down": {"uv": [2, 0, 3, 0.125], "texture": "#1"}
			}
		},
		{
			"from": [-0.25, 0, 7],
			"to": [0, 11, 9],
			"faces": {
				"north": {"uv": [2, 0, 3, 0.125], "texture": "#1"},
				"south": {"uv": [2, 0, 3, 0.125], "texture": "#1"},
				"west": {"uv": [2, 0, 3, 5.5], "texture": "#1"},
				"down": {"uv": [2, 0, 3, 0.125], "texture": "#1"}
			}
		},
		{
			"from": [16, 0, 7],
			"to": [16.25, 11, 9],
			"faces": {
				"north": {"uv": [2, 0, 3, 0.125], "texture": "#1"},
				"east": {"uv": [2, 0, 3, 5.5], "texture": "#1"},
				"south": {"uv": [2, 0, 3, 0.125], "texture": "#1"},
				"down": {"uv": [2, 0, 3, 0.125], "texture": "#1"}
			}
		},
		{
			"from": [7, 11, 9],
			"to": [9, 11.25, 13.25],
			"faces": {
				"east": {"uv": [15, 2.5, 16, 2.625], "texture": "#1"},
				"south": {"uv": [7.75, 2, 8.75, 2.125], "texture": "#1"},
				"west": {"uv": [15, 2.5, 16, 2.625], "texture": "#1"},
				"up": {"uv": [11.5, 1.875, 12.5, 4], "texture": "#1"}
			}
		},
		{
			"from": [7, 11, 2.75],
			"to": [9, 11.25, 7],
			"faces": {
				"north": {"uv": [7.75, 2, 8.75, 2.125], "texture": "#1"},
				"east": {"uv": [15, 2.5, 16, 2.625], "texture": "#1"},
				"west": {"uv": [15, 2.5, 16, 2.625], "texture": "#1"},
				"up": {"uv": [11.5, 2.125, 12.5, 4.25], "texture": "#1"}
			}
		},
		{
			"from": [-0.25, 11, 7],
			"to": [16.25, 11.25, 9],
			"faces": {
				"north": {"uv": [7.75, 2, 16, 2.125], "texture": "#1"},
				"east": {"uv": [15, 2.5, 16, 2.625], "texture": "#1"},
				"south": {"uv": [7.75, 2, 16, 2.125], "texture": "#1"},
				"west": {"uv": [15, 2.5, 16, 2.625], "texture": "#1"},
				"up": {"uv": [7.75, 2, 16, 3], "texture": "#1"}
			}
		}
	],
	"display": {
		"thirdperson_righthand": {
			"rotation": [4.68, 33.42, -15.5],
			"translation": [0, 0, -1.5],
			"scale": [0.5, 0.5, 0.5]
		},
		"firstperson_righthand": {
			"rotation": [0, 26.75, 0]
		},
		"ground": {
			"translation": [0, 4.75, 0]
		},
		"gui": {
			"rotation": [31, 33, 0],
			"translation": [0, 1.25, 0],
			"scale": [0.7, 0.7, 0.7]
		},
		"head": {
			"translation": [0, 14.5, 0]
		},
		"fixed": {
			"rotation": [-90, 0, 0],
			"translation": [0, 0, -16.75],
			"scale": [2, 2, 2]
		}
	}
}