{
	"credit": "MineBreak",
	"textures": {
		"0": "minecraft:block/snow",
		"1": "minecraft:minebreak/item/christmas2021/ice_basket",
		"2": "minecraft:minebreak/item/christmas2021/ice_coin"
	},
	"elements": [
		{
			"from": [7.575, 2.8, 1.725],
			"to": [8.175, 3.45, 2.25],
			"faces": {
				"north": {"uv": [1, 1, 1.6, 1.65], "texture": "#1"},
				"east": {"uv": [4, 1, 4.525, 1.65], "texture": "#1"},
				"west": {"uv": [4, 3, 4.525, 3.65], "texture": "#1"},
				"up": {"uv": [0, 3, 0.6, 3.525], "texture": "#1"},
				"down": {"uv": [2, 3, 2.6, 3.525], "texture": "#1"}
			}
		},
		{
			"from": [7.475, 2.725, 2.15],
			"to": [8.275, 3.525, 2.675],
			"faces": {
				"north": {"uv": [1, 1, 1.8, 1.8], "texture": "#1"},
				"east": {"uv": [4, 1, 4.525, 1.8], "texture": "#1"},
				"west": {"uv": [4, 3, 4.525, 3.8], "texture": "#1"},
				"up": {"uv": [0, 3, 0.8, 3.525], "texture": "#1"},
				"down": {"uv": [2, 3, 2.8, 3.525], "texture": "#1"}
			}
		},
		{
			"from": [7.4, 2.6, 2.575],
			"to": [8.4, 3.6, 3.1],
			"faces": {
				"north": {"uv": [1, 1, 2, 2], "texture": "#1"},
				"east": {"uv": [4, 1, 4.525, 2], "texture": "#1"},
				"west": {"uv": [4, 3, 4.525, 4], "texture": "#1"},
				"up": {"uv": [0, 3, 1, 3.525], "texture": "#1"},
				"down": {"uv": [2, 3, 3, 3.525], "texture": "#1"}
			}
		},
		{
			"from": [6, 4, 2.775],
			"to": [7, 5, 3.1],
			"faces": {
				"north": {"uv": [11, 3, 12, 4], "texture": "#1"},
				"east": {"uv": [13, 4, 13.325, 5], "texture": "#1"},
				"west": {"uv": [12, 5, 12.325, 6], "texture": "#1"},
				"up": {"uv": [11, 7, 12, 7.325], "texture": "#1"},
				"down": {"uv": [14, 6, 15, 6.325], "texture": "#1"}
			}
		},
		{
			"from": [8.7, 4, 2.775],
			"to": [9.7, 5, 3.1],
			"faces": {
				"north": {"uv": [12, 6, 13, 7], "texture": "#1"},
				"east": {"uv": [13, 1, 13.325, 2], "texture": "#1"},
				"west": {"uv": [14, 5, 14.325, 6], "texture": "#1"},
				"up": {"uv": [15, 2, 16, 2.325], "texture": "#1"},
				"down": {"uv": [12, 5, 13, 5.325], "texture": "#1"}
			}
		},
		{
			"from": [11, 1, 5],
			"to": [12, 2, 11],
			"faces": {
				"north": {"uv": [0, 0, 1, 1], "texture": "#0"},
				"east": {"uv": [7, 5, 13, 6], "texture": "#0"},
				"south": {"uv": [0, 9, 1, 10], "texture": "#0"},
				"west": {"uv": [10, 1, 16, 2], "texture": "#0"},
				"up": {"uv": [9, 10, 15, 11], "rotation": 90, "texture": "#0"},
				"down": {"uv": [1, 2, 7, 3], "rotation": 270, "texture": "#0"}
			}
		},
		{
			"from": [4, 1, 5],
			"to": [5, 2, 11],
			"faces": {
				"north": {"uv": [0, 0, 1, 1], "texture": "#0"},
				"east": {"uv": [7, 5, 13, 6], "texture": "#0"},
				"south": {"uv": [0, 9, 1, 10], "texture": "#0"},
				"west": {"uv": [10, 1, 16, 2], "texture": "#0"},
				"up": {"uv": [9, 10, 15, 11], "rotation": 90, "texture": "#0"},
				"down": {"uv": [1, 2, 7, 3], "rotation": 270, "texture": "#0"}
			}
		},
		{
			"from": [12, 2, 5],
			"to": [13, 6, 11],
			"faces": {
				"north": {"uv": [0, 0, 1, 4], "texture": "#0"},
				"east": {"uv": [7, 5, 13, 9], "texture": "#0"},
				"south": {"uv": [0, 9, 1, 13], "texture": "#0"},
				"west": {"uv": [10, 1, 16, 5], "texture": "#0"},
				"up": {"uv": [9, 10, 15, 11], "rotation": 270, "texture": "#0"},
				"down": {"uv": [1, 2, 7, 3], "rotation": 90, "texture": "#0"}
			}
		},
		{
			"from": [3, 2, 5],
			"to": [4, 6, 11],
			"faces": {
				"north": {"uv": [0, 0, 1, 4], "texture": "#0"},
				"east": {"uv": [7, 5, 13, 9], "texture": "#0"},
				"south": {"uv": [0, 9, 1, 13], "texture": "#0"},
				"west": {"uv": [10, 1, 16, 5], "texture": "#0"},
				"up": {"uv": [9, 10, 15, 11], "rotation": 270, "texture": "#0"},
				"down": {"uv": [1, 2, 7, 3], "rotation": 90, "texture": "#0"}
			}
		},
		{
			"from": [5, 2, 3],
			"to": [11, 6, 4],
			"faces": {
				"north": {"uv": [0, 0, 6, 4], "texture": "#0"},
				"east": {"uv": [7, 5, 8, 9], "texture": "#0"},
				"south": {"uv": [0, 9, 6, 13], "texture": "#0"},
				"west": {"uv": [10, 1, 11, 5], "texture": "#0"},
				"up": {"uv": [9, 10, 15, 11], "texture": "#0"},
				"down": {"uv": [1, 2, 7, 3], "texture": "#0"}
			}
		},
		{
			"from": [5, 2, 12],
			"to": [11, 6, 13],
			"faces": {
				"north": {"uv": [0, 0, 6, 4], "texture": "#0"},
				"east": {"uv": [7, 5, 8, 9], "texture": "#0"},
				"south": {"uv": [0, 9, 6, 13], "texture": "#0"},
				"west": {"uv": [10, 1, 11, 5], "texture": "#0"},
				"up": {"uv": [9, 10, 15, 11], "texture": "#0"},
				"down": {"uv": [1, 2, 7, 3], "texture": "#0"}
			}
		},
		{
			"from": [4, 2, 11],
			"to": [5, 6, 12],
			"faces": {
				"north": {"uv": [0, 0, 1, 4], "texture": "#0"},
				"east": {"uv": [7, 5, 8, 9], "texture": "#0"},
				"south": {"uv": [0, 9, 1, 13], "texture": "#0"},
				"west": {"uv": [10, 1, 11, 5], "texture": "#0"},
				"up": {"uv": [9, 10, 10, 11], "texture": "#0"},
				"down": {"uv": [1, 2, 2, 3], "texture": "#0"}
			}
		},
		{
			"from": [4, 2, 4],
			"to": [5, 6, 5],
			"faces": {
				"north": {"uv": [0, 0, 1, 4], "texture": "#0"},
				"east": {"uv": [7, 5, 8, 9], "texture": "#0"},
				"south": {"uv": [0, 9, 1, 13], "texture": "#0"},
				"west": {"uv": [10, 1, 11, 5], "texture": "#0"},
				"up": {"uv": [9, 10, 10, 11], "texture": "#0"},
				"down": {"uv": [1, 2, 2, 3], "texture": "#0"}
			}
		},
		{
			"from": [11, 2, 4],
			"to": [12, 6, 5],
			"faces": {
				"north": {"uv": [0, 0, 1, 4], "texture": "#0"},
				"east": {"uv": [7, 5, 8, 9], "texture": "#0"},
				"south": {"uv": [0, 9, 1, 13], "texture": "#0"},
				"west": {"uv": [10, 1, 11, 5], "texture": "#0"},
				"up": {"uv": [9, 10, 10, 11], "texture": "#0"},
				"down": {"uv": [1, 2, 2, 3], "texture": "#0"}
			}
		},
		{
			"from": [11, 2, 11],
			"to": [12, 6, 12],
			"faces": {
				"north": {"uv": [0, 0, 1, 4], "texture": "#0"},
				"east": {"uv": [7, 5, 8, 9], "texture": "#0"},
				"south": {"uv": [0, 9, 1, 13], "texture": "#0"},
				"west": {"uv": [10, 1, 11, 5], "texture": "#0"},
				"up": {"uv": [9, 10, 10, 11], "texture": "#0"},
				"down": {"uv": [1, 2, 2, 3], "texture": "#0"}
			}
		},
		{
			"from": [5, 1, 11],
			"to": [11, 2, 12],
			"faces": {
				"north": {"uv": [0, 0, 6, 1], "texture": "#0"},
				"east": {"uv": [7, 5, 8, 6], "texture": "#0"},
				"south": {"uv": [0, 9, 6, 10], "texture": "#0"},
				"west": {"uv": [10, 1, 11, 2], "texture": "#0"},
				"up": {"uv": [9, 10, 15, 11], "texture": "#0"},
				"down": {"uv": [1, 2, 7, 3], "texture": "#0"}
			}
		},
		{
			"from": [11, 6, 5],
			"to": [12, 7, 11],
			"faces": {
				"north": {"uv": [0, 0, 1, 1], "texture": "#0"},
				"east": {"uv": [7, 5, 13, 6], "texture": "#0"},
				"south": {"uv": [0, 9, 1, 10], "texture": "#0"},
				"west": {"uv": [10, 1, 16, 2], "texture": "#0"},
				"up": {"uv": [9, 10, 15, 11], "rotation": 270, "texture": "#0"},
				"down": {"uv": [1, 2, 7, 3], "rotation": 90, "texture": "#0"}
			}
		},
		{
			"from": [4, 6, 5],
			"to": [5, 7, 11],
			"faces": {
				"north": {"uv": [0, 0, 1, 1], "texture": "#0"},
				"east": {"uv": [7, 5, 13, 6], "texture": "#0"},
				"south": {"uv": [0, 9, 1, 10], "texture": "#0"},
				"west": {"uv": [10, 1, 16, 2], "texture": "#0"},
				"up": {"uv": [9, 10, 15, 11], "rotation": 270, "texture": "#0"},
				"down": {"uv": [1, 2, 7, 3], "rotation": 90, "texture": "#0"}
			}
		},
		{
			"from": [5, 6, 11],
			"to": [11, 7, 12],
			"faces": {
				"north": {"uv": [0, 0, 6, 1], "texture": "#0"},
				"east": {"uv": [7, 5, 8, 6], "texture": "#0"},
				"south": {"uv": [0, 9, 6, 10], "texture": "#0"},
				"west": {"uv": [10, 1, 11, 2], "texture": "#0"},
				"up": {"uv": [9, 10, 15, 11], "texture": "#0"},
				"down": {"uv": [1, 2, 7, 3], "texture": "#0"}
			}
		},
		{
			"from": [5, 6, 4],
			"to": [11, 7, 5],
			"faces": {
				"north": {"uv": [0, 0, 6, 1], "texture": "#0"},
				"east": {"uv": [7, 5, 8, 6], "texture": "#0"},
				"south": {"uv": [0, 9, 6, 10], "texture": "#0"},
				"west": {"uv": [10, 1, 11, 2], "texture": "#0"},
				"up": {"uv": [9, 10, 15, 11], "texture": "#0"},
				"down": {"uv": [1, 2, 7, 3], "texture": "#0"}
			}
		},
		{
			"from": [5, 1, 4],
			"to": [11, 2, 5],
			"faces": {
				"north": {"uv": [0, 0, 6, 1], "texture": "#0"},
				"east": {"uv": [7, 5, 8, 6], "texture": "#0"},
				"south": {"uv": [0, 9, 6, 10], "texture": "#0"},
				"west": {"uv": [10, 1, 11, 2], "texture": "#0"},
				"up": {"uv": [9, 10, 15, 11], "texture": "#0"},
				"down": {"uv": [1, 2, 7, 3], "texture": "#0"}
			}
		},
		{
			"from": [5, 0, 5],
			"to": [11, 1, 11],
			"faces": {
				"north": {"uv": [0, 0, 6, 1], "texture": "#0"},
				"east": {"uv": [7, 5, 13, 6], "texture": "#0"},
				"south": {"uv": [0, 9, 6, 10], "texture": "#0"},
				"west": {"uv": [10, 1, 16, 2], "texture": "#0"},
				"up": {"uv": [9, 10, 15, 16], "texture": "#0"},
				"down": {"uv": [1, 2, 7, 8], "texture": "#0"}
			}
		},
		{
			"from": [4, 7, 7.6],
			"to": [5, 9, 8.6],
			"faces": {
				"north": {"uv": [10, 0, 11, 2], "texture": "#1"},
				"east": {"uv": [13, 4, 14, 6], "texture": "#1"},
				"south": {"uv": [10, 2, 11, 4], "texture": "#1"},
				"west": {"uv": [11, 3, 12, 5], "texture": "#1"},
				"up": {"uv": [12, 7, 13, 8], "texture": "#1"}
			}
		},
		{
			"from": [5, 9, 7.6],
			"to": [6, 10, 8.6],
			"faces": {
				"north": {"uv": [10, 0, 11, 1], "texture": "#1"},
				"east": {"uv": [13, 4, 14, 5], "texture": "#1"},
				"south": {"uv": [10, 2, 11, 3], "texture": "#1"},
				"west": {"uv": [11, 3, 12, 4], "texture": "#1"},
				"up": {"uv": [12, 7, 13, 8], "texture": "#1"},
				"down": {"uv": [11, 1, 12, 2], "texture": "#1"}
			}
		},
		{
			"from": [6, 10, 7.6],
			"to": [10, 11, 8.6],
			"faces": {
				"north": {"uv": [10, 0, 14, 1], "texture": "#1"},
				"east": {"uv": [13, 4, 14, 5], "texture": "#1"},
				"south": {"uv": [10, 2, 14, 3], "texture": "#1"},
				"west": {"uv": [11, 3, 12, 4], "texture": "#1"},
				"up": {"uv": [12, 7, 16, 8], "texture": "#1"},
				"down": {"uv": [11, 1, 15, 2], "texture": "#1"}
			}
		},
		{
			"from": [11, 7, 7.6],
			"to": [12, 9, 8.6],
			"faces": {
				"north": {"uv": [10, 0, 11, 2], "texture": "#1"},
				"east": {"uv": [13, 4, 14, 6], "texture": "#1"},
				"south": {"uv": [10, 2, 11, 4], "texture": "#1"},
				"west": {"uv": [11, 3, 12, 5], "texture": "#1"},
				"up": {"uv": [12, 7, 13, 8], "texture": "#1"}
			}
		},
		{
			"from": [10, 9, 7.6],
			"to": [11, 10, 8.6],
			"faces": {
				"north": {"uv": [10, 0, 11, 1], "texture": "#1"},
				"east": {"uv": [13, 4, 14, 5], "texture": "#1"},
				"south": {"uv": [10, 2, 11, 3], "texture": "#1"},
				"west": {"uv": [11, 3, 12, 4], "texture": "#1"},
				"up": {"uv": [12, 7, 13, 8], "texture": "#1"},
				"down": {"uv": [11, 1, 12, 2], "texture": "#1"}
			}
		},
		{
			"from": [5.25, 1.4, 5.825],
			"to": [5.95, 1.8, 6.6],
			"rotation": {"angle": 22.5, "axis": "x", "origin": [6.3, 1.2, 6.2125]},
			"faces": {
				"east": {"uv": [6, 10, 7.975, 12], "texture": "#2"},
				"west": {"uv": [2, 6, 5.775, 8.4], "texture": "#2"},
				"up": {"uv": [2.8, 4.2, 5.575, 6.9], "rotation": 270, "texture": "#2"},
				"down": {"uv": [10.2, 6, 12.975, 8.7], "rotation": 90, "texture": "#2"}
			}
		},
		{
			"from": [5.6, 1.4, 5.125],
			"to": [7, 1.8, 5.825],
			"rotation": {"angle": 22.5, "axis": "x", "origin": [6.3, 1.2, 6.2125]},
			"faces": {
				"north": {"uv": [4, 2, 5.4, 2.4], "texture": "#2"},
				"east": {"uv": [4, 2, 4.7, 2.4], "texture": "#2"},
				"south": {"uv": [4, 2, 5.4, 2.4], "texture": "#2"},
				"west": {"uv": [4, 2, 4.7, 2.4], "texture": "#2"},
				"up": {"uv": [4, 2, 12, 5.9], "texture": "#2"},
				"down": {"uv": [4, 2, 5.4, 2.7], "texture": "#2"}
			}
		},
		{
			"from": [5.25, 1.4, 5.45],
			"to": [5.6, 1.8, 5.825],
			"rotation": {"angle": 22.5, "axis": "x", "origin": [6.3, 1.2, 6.2125]},
			"faces": {
				"north": {"uv": [5.4, 3.4, 9.75, 5.8], "texture": "#2"},
				"west": {"uv": [2, 6, 5.375, 8.4], "texture": "#2"},
				"up": {"uv": [6, 10, 7.975, 12], "texture": "#2"},
				"down": {"uv": [10, 8, 11.975, 10], "texture": "#2"}
			}
		},
		{
			"from": [7, 1.4, 5.45],
			"to": [7.35, 1.8, 5.825],
			"rotation": {"angle": 22.5, "axis": "x", "origin": [6.3, 1.2, 6.2125]},
			"faces": {
				"north": {"uv": [2, 4, 3.875, 5.9], "rotation": 90, "texture": "#2"},
				"east": {"uv": [2, 4, 3.875, 5.9], "rotation": 90, "texture": "#2"},
				"up": {"uv": [2, 4, 3.875, 5.9], "rotation": 90, "texture": "#2"},
				"down": {"uv": [2, 4, 3.875, 5.9], "rotation": 90, "texture": "#2"}
			}
		},
		{
			"from": [6.65, 1.4, 5.825],
			"to": [7.35, 1.8, 6.6],
			"rotation": {"angle": 22.5, "axis": "x", "origin": [6.3, 1.2, 6.2125]},
			"faces": {
				"east": {"uv": [6, 10, 7.975, 12], "texture": "#2"},
				"west": {"uv": [2, 6, 5.775, 8.4], "texture": "#2"},
				"up": {"uv": [6, 2, 10.175, 3.9], "rotation": 270, "texture": "#2"},
				"down": {"uv": [6, 2, 10.775, 4.7], "rotation": 90, "texture": "#2"}
			}
		},
		{
			"from": [7, 1.4, 6.6],
			"to": [7.35, 1.8, 6.975],
			"rotation": {"angle": 22.5, "axis": "x", "origin": [6.3, 1.2, 6.2125]},
			"faces": {
				"east": {"uv": [8, 4, 9.975, 5.95], "rotation": 270, "texture": "#2"},
				"south": {"uv": [8, 4, 9.975, 5.95], "rotation": 270, "texture": "#2"},
				"up": {"uv": [8, 4, 9.975, 5.95], "rotation": 270, "texture": "#2"},
				"down": {"uv": [8, 4, 9.975, 5.95], "rotation": 270, "texture": "#2"}
			}
		},
		{
			"from": [5.6, 1.4, 6.6],
			"to": [7, 1.8, 7.3],
			"rotation": {"angle": 22.5, "axis": "x", "origin": [6.3, 1.2, 6.2125]},
			"faces": {
				"north": {"uv": [4, 2, 12, 4], "texture": "#2"},
				"east": {"uv": [10, 2, 12.1, 5.8], "texture": "#2"},
				"south": {"uv": [4, 2, 12, 4], "texture": "#2"},
				"west": {"uv": [4, 2, 6.1, 5.8], "texture": "#2"},
				"up": {"uv": [4, 2, 12, 5.9], "texture": "#2"},
				"down": {"uv": [4, 2, 12, 5.9], "texture": "#2"}
			}
		},
		{
			"from": [5.25, 1.4, 6.6],
			"to": [5.6, 1.8, 6.975],
			"rotation": {"angle": 22.5, "axis": "x", "origin": [6.3, 1.2, 6.2125]},
			"faces": {
				"south": {"uv": [6, 10, 7.975, 12], "texture": "#2"},
				"west": {"uv": [6, 10, 7.975, 12], "texture": "#2"},
				"up": {"uv": [6, 10, 7.975, 12], "texture": "#2"},
				"down": {"uv": [6, 10, 7.975, 12], "texture": "#2"}
			}
		},
		{
			"from": [5.25, 0.1, 8.925],
			"to": [5.95, 0.5, 9.7],
			"rotation": {"angle": -22.5, "axis": "x", "origin": [6.3, 1.2, 6.2125]},
			"faces": {
				"east": {"uv": [6, 10, 7.975, 12], "texture": "#2"},
				"west": {"uv": [2, 6, 5.775, 8.4], "texture": "#2"},
				"up": {"uv": [2.8, 4.2, 5.575, 6.9], "rotation": 270, "texture": "#2"},
				"down": {"uv": [10.2, 6, 12.975, 8.7], "rotation": 90, "texture": "#2"}
			}
		},
		{
			"from": [5.6, 0.1, 8.225],
			"to": [7, 0.5, 8.925],
			"rotation": {"angle": -22.5, "axis": "x", "origin": [6.3, 1.2, 6.2125]},
			"faces": {
				"north": {"uv": [4, 2, 5.4, 2.4], "texture": "#2"},
				"east": {"uv": [4, 2, 4.7, 2.4], "texture": "#2"},
				"south": {"uv": [4, 2, 5.4, 2.4], "texture": "#2"},
				"west": {"uv": [4, 2, 4.7, 2.4], "texture": "#2"},
				"up": {"uv": [4, 2, 12, 5.9], "texture": "#2"},
				"down": {"uv": [4, 2, 5.4, 2.7], "texture": "#2"}
			}
		},
		{
			"from": [5.25, 0.1, 8.55],
			"to": [5.6, 0.5, 8.925],
			"rotation": {"angle": -22.5, "axis": "x", "origin": [6.3, 1.2, 6.2125]},
			"faces": {
				"north": {"uv": [5.4, 3.4, 9.75, 5.8], "texture": "#2"},
				"west": {"uv": [2, 6, 5.375, 8.4], "texture": "#2"},
				"up": {"uv": [6, 10, 7.975, 12], "texture": "#2"},
				"down": {"uv": [10, 8, 11.975, 10], "texture": "#2"}
			}
		},
		{
			"from": [7, 0.1, 8.55],
			"to": [7.35, 0.5, 8.925],
			"rotation": {"angle": -22.5, "axis": "x", "origin": [6.3, 1.2, 6.2125]},
			"faces": {
				"north": {"uv": [2, 4, 3.875, 5.9], "rotation": 90, "texture": "#2"},
				"east": {"uv": [2, 4, 3.875, 5.9], "rotation": 90, "texture": "#2"},
				"up": {"uv": [2, 4, 3.875, 5.9], "rotation": 90, "texture": "#2"},
				"down": {"uv": [2, 4, 3.875, 5.9], "rotation": 90, "texture": "#2"}
			}
		},
		{
			"from": [6.65, 0.1, 8.925],
			"to": [7.35, 0.5, 9.7],
			"rotation": {"angle": -22.5, "axis": "x", "origin": [6.3, 1.2, 6.2125]},
			"faces": {
				"east": {"uv": [6, 10, 7.975, 12], "texture": "#2"},
				"west": {"uv": [2, 6, 5.775, 8.4], "texture": "#2"},
				"up": {"uv": [6, 2, 10.175, 3.9], "rotation": 270, "texture": "#2"},
				"down": {"uv": [6, 2, 10.775, 4.7], "rotation": 90, "texture": "#2"}
			}
		},
		{
			"from": [7, 0.1, 9.7],
			"to": [7.35, 0.5, 10.075],
			"rotation": {"angle": -22.5, "axis": "x", "origin": [6.3, 1.2, 6.2125]},
			"faces": {
				"east": {"uv": [8, 4, 9.975, 5.95], "rotation": 270, "texture": "#2"},
				"south": {"uv": [8, 4, 9.975, 5.95], "rotation": 270, "texture": "#2"},
				"up": {"uv": [8, 4, 9.975, 5.95], "rotation": 270, "texture": "#2"},
				"down": {"uv": [8, 4, 9.975, 5.95], "rotation": 270, "texture": "#2"}
			}
		},
		{
			"from": [5.6, 0.1, 9.7],
			"to": [7, 0.5, 10.4],
			"rotation": {"angle": -22.5, "axis": "x", "origin": [6.3, 1.2, 6.2125]},
			"faces": {
				"north": {"uv": [4, 2, 12, 4], "texture": "#2"},
				"east": {"uv": [10, 2, 12.1, 5.8], "texture": "#2"},
				"south": {"uv": [4, 2, 12, 4], "texture": "#2"},
				"west": {"uv": [4, 2, 6.1, 5.8], "texture": "#2"},
				"up": {"uv": [4, 2, 12, 5.9], "texture": "#2"},
				"down": {"uv": [4, 2, 12, 5.9], "texture": "#2"}
			}
		},
		{
			"from": [5.25, 0.1, 9.7],
			"to": [5.6, 0.5, 10.075],
			"rotation": {"angle": -22.5, "axis": "x", "origin": [6.3, 1.2, 6.2125]},
			"faces": {
				"south": {"uv": [6, 10, 7.975, 12], "texture": "#2"},
				"west": {"uv": [6, 10, 7.975, 12], "texture": "#2"},
				"up": {"uv": [6, 10, 7.975, 12], "texture": "#2"},
				"down": {"uv": [6, 10, 7.975, 12], "texture": "#2"}
			}
		},
		{
			"from": [6.95, 1.7, 7.925],
			"to": [7.65, 2.1, 8.7],
			"rotation": {"angle": 0, "axis": "y", "origin": [6.3, 1.2, 6.2125]},
			"faces": {
				"east": {"uv": [6, 10, 7.975, 12], "texture": "#2"},
				"west": {"uv": [2, 6, 5.775, 8.4], "texture": "#2"},
				"up": {"uv": [2.8, 4.2, 5.575, 6.9], "rotation": 270, "texture": "#2"},
				"down": {"uv": [10.2, 6, 12.975, 8.7], "rotation": 90, "texture": "#2"}
			}
		},
		{
			"from": [7.3, 1.7, 7.225],
			"to": [8.7, 2.1, 7.925],
			"rotation": {"angle": 0, "axis": "y", "origin": [6.3, 1.2, 6.2125]},
			"faces": {
				"north": {"uv": [4, 2, 5.4, 2.4], "texture": "#2"},
				"east": {"uv": [4, 2, 4.7, 2.4], "texture": "#2"},
				"south": {"uv": [4, 2, 5.4, 2.4], "texture": "#2"},
				"west": {"uv": [4, 2, 4.7, 2.4], "texture": "#2"},
				"up": {"uv": [4, 2, 12, 5.9], "texture": "#2"},
				"down": {"uv": [4, 2, 5.4, 2.7], "texture": "#2"}
			}
		},
		{
			"from": [6.95, 1.7, 7.55],
			"to": [7.3, 2.1, 7.925],
			"rotation": {"angle": 0, "axis": "y", "origin": [6.3, 1.2, 6.2125]},
			"faces": {
				"north": {"uv": [5.4, 3.4, 9.75, 5.8], "texture": "#2"},
				"west": {"uv": [2, 6, 5.375, 8.4], "texture": "#2"},
				"up": {"uv": [6, 10, 7.975, 12], "texture": "#2"},
				"down": {"uv": [10, 8, 11.975, 10], "texture": "#2"}
			}
		},
		{
			"from": [8.7, 1.7, 7.55],
			"to": [9.05, 2.1, 7.925],
			"rotation": {"angle": 0, "axis": "y", "origin": [6.3, 1.2, 6.2125]},
			"faces": {
				"north": {"uv": [2, 4, 3.875, 5.9], "rotation": 90, "texture": "#2"},
				"east": {"uv": [2, 4, 3.875, 5.9], "rotation": 90, "texture": "#2"},
				"up": {"uv": [2, 4, 3.875, 5.9], "rotation": 90, "texture": "#2"},
				"down": {"uv": [2, 4, 3.875, 5.9], "rotation": 90, "texture": "#2"}
			}
		},
		{
			"from": [8.35, 1.7, 7.925],
			"to": [9.05, 2.1, 8.7],
			"rotation": {"angle": 0, "axis": "y", "origin": [6.3, 1.2, 6.2125]},
			"faces": {
				"east": {"uv": [6, 10, 7.975, 12], "texture": "#2"},
				"west": {"uv": [2, 6, 5.775, 8.4], "texture": "#2"},
				"up": {"uv": [6, 2, 10.175, 3.9], "rotation": 270, "texture": "#2"},
				"down": {"uv": [6, 2, 10.775, 4.7], "rotation": 90, "texture": "#2"}
			}
		},
		{
			"from": [8.7, 1.7, 8.7],
			"to": [9.05, 2.1, 9.075],
			"rotation": {"angle": 0, "axis": "y", "origin": [6.3, 1.2, 6.2125]},
			"faces": {
				"east": {"uv": [8, 4, 9.975, 5.95], "rotation": 270, "texture": "#2"},
				"south": {"uv": [8, 4, 9.975, 5.95], "rotation": 270, "texture": "#2"},
				"up": {"uv": [8, 4, 9.975, 5.95], "rotation": 270, "texture": "#2"},
				"down": {"uv": [8, 4, 9.975, 5.95], "rotation": 270, "texture": "#2"}
			}
		},
		{
			"from": [7.3, 1.7, 8.7],
			"to": [8.7, 2.1, 9.4],
			"rotation": {"angle": 0, "axis": "y", "origin": [6.3, 1.2, 6.2125]},
			"faces": {
				"north": {"uv": [4, 2, 12, 4], "texture": "#2"},
				"east": {"uv": [10, 2, 12.1, 5.8], "texture": "#2"},
				"south": {"uv": [4, 2, 12, 4], "texture": "#2"},
				"west": {"uv": [4, 2, 6.1, 5.8], "texture": "#2"},
				"up": {"uv": [4, 2, 12, 5.9], "texture": "#2"},
				"down": {"uv": [4, 2, 12, 5.9], "texture": "#2"}
			}
		},
		{
			"from": [6.95, 1.7, 8.7],
			"to": [7.3, 2.1, 9.075],
			"rotation": {"angle": 0, "axis": "y", "origin": [6.3, 1.2, 6.2125]},
			"faces": {
				"south": {"uv": [6, 10, 7.975, 12], "texture": "#2"},
				"west": {"uv": [6, 10, 7.975, 12], "texture": "#2"},
				"up": {"uv": [6, 10, 7.975, 12], "texture": "#2"},
				"down": {"uv": [6, 10, 7.975, 12], "texture": "#2"}
			}
		},
		{
			"from": [6.95, 3.7, 6.825],
			"to": [7.65, 4.1, 7.6],
			"rotation": {"angle": -45, "axis": "z", "origin": [6.3, 1.2, 6.2125]},
			"faces": {
				"east": {"uv": [6, 10, 7.975, 12], "texture": "#2"},
				"west": {"uv": [2, 6, 5.775, 8.4], "texture": "#2"},
				"up": {"uv": [2.8, 4.2, 5.575, 6.9], "rotation": 270, "texture": "#2"},
				"down": {"uv": [10.2, 6, 12.975, 8.7], "rotation": 90, "texture": "#2"}
			}
		},
		{
			"from": [7.3, 3.7, 6.125],
			"to": [8.7, 4.1, 6.825],
			"rotation": {"angle": -45, "axis": "z", "origin": [6.3, 1.2, 6.2125]},
			"faces": {
				"north": {"uv": [4, 2, 5.4, 2.4], "texture": "#2"},
				"east": {"uv": [4, 2, 4.7, 2.4], "texture": "#2"},
				"south": {"uv": [4, 2, 5.4, 2.4], "texture": "#2"},
				"west": {"uv": [4, 2, 4.7, 2.4], "texture": "#2"},
				"up": {"uv": [4, 2, 12, 5.9], "texture": "#2"},
				"down": {"uv": [4, 2, 5.4, 2.7], "texture": "#2"}
			}
		},
		{
			"from": [6.95, 3.7, 6.45],
			"to": [7.3, 4.1, 6.825],
			"rotation": {"angle": -45, "axis": "z", "origin": [6.3, 1.2, 6.2125]},
			"faces": {
				"north": {"uv": [5.4, 3.4, 9.75, 5.8], "texture": "#2"},
				"west": {"uv": [2, 6, 5.375, 8.4], "texture": "#2"},
				"up": {"uv": [6, 10, 7.975, 12], "texture": "#2"},
				"down": {"uv": [10, 8, 11.975, 10], "texture": "#2"}
			}
		},
		{
			"from": [8.7, 3.7, 6.45],
			"to": [9.05, 4.1, 6.825],
			"rotation": {"angle": -45, "axis": "z", "origin": [6.3, 1.2, 6.2125]},
			"faces": {
				"north": {"uv": [2, 4, 3.875, 5.9], "rotation": 90, "texture": "#2"},
				"east": {"uv": [2, 4, 3.875, 5.9], "rotation": 90, "texture": "#2"},
				"up": {"uv": [2, 4, 3.875, 5.9], "rotation": 90, "texture": "#2"},
				"down": {"uv": [2, 4, 3.875, 5.9], "rotation": 90, "texture": "#2"}
			}
		},
		{
			"from": [8.35, 3.7, 6.825],
			"to": [9.05, 4.1, 7.6],
			"rotation": {"angle": -45, "axis": "z", "origin": [6.3, 1.2, 6.2125]},
			"faces": {
				"east": {"uv": [6, 10, 7.975, 12], "texture": "#2"},
				"west": {"uv": [2, 6, 5.775, 8.4], "texture": "#2"},
				"up": {"uv": [6, 2, 10.175, 3.9], "rotation": 270, "texture": "#2"},
				"down": {"uv": [6, 2, 10.775, 4.7], "rotation": 90, "texture": "#2"}
			}
		},
		{
			"from": [8.7, 3.7, 7.6],
			"to": [9.05, 4.1, 7.975],
			"rotation": {"angle": -45, "axis": "z", "origin": [6.3, 1.2, 6.2125]},
			"faces": {
				"east": {"uv": [8, 4, 9.975, 5.95], "rotation": 270, "texture": "#2"},
				"south": {"uv": [8, 4, 9.975, 5.95], "rotation": 270, "texture": "#2"},
				"up": {"uv": [8, 4, 9.975, 5.95], "rotation": 270, "texture": "#2"},
				"down": {"uv": [8, 4, 9.975, 5.95], "rotation": 270, "texture": "#2"}
			}
		},
		{
			"from": [7.3, 3.7, 7.6],
			"to": [8.7, 4.1, 8.3],
			"rotation": {"angle": -45, "axis": "z", "origin": [6.3, 1.2, 6.2125]},
			"faces": {
				"north": {"uv": [4, 2, 12, 4], "texture": "#2"},
				"east": {"uv": [10, 2, 12.1, 5.8], "texture": "#2"},
				"south": {"uv": [4, 2, 12, 4], "texture": "#2"},
				"west": {"uv": [4, 2, 6.1, 5.8], "texture": "#2"},
				"up": {"uv": [4, 2, 12, 5.9], "texture": "#2"},
				"down": {"uv": [4, 2, 12, 5.9], "texture": "#2"}
			}
		},
		{
			"from": [6.95, 3.7, 7.6],
			"to": [7.3, 4.1, 7.975],
			"rotation": {"angle": -45, "axis": "z", "origin": [6.3, 1.2, 6.2125]},
			"faces": {
				"south": {"uv": [6, 10, 7.975, 12], "texture": "#2"},
				"west": {"uv": [6, 10, 7.975, 12], "texture": "#2"},
				"up": {"uv": [6, 10, 7.975, 12], "texture": "#2"},
				"down": {"uv": [6, 10, 7.975, 12], "texture": "#2"}
			}
		},
		{
			"from": [7.15, 2.3, 5.825],
			"to": [7.85, 2.7, 6.6],
			"rotation": {"angle": -22.5, "axis": "x", "origin": [6.3, 1.2, 6.2125]},
			"faces": {
				"east": {"uv": [6, 10, 7.975, 12], "texture": "#2"},
				"west": {"uv": [2, 6, 5.775, 8.4], "texture": "#2"},
				"up": {"uv": [2.8, 4.2, 5.575, 6.9], "rotation": 270, "texture": "#2"},
				"down": {"uv": [10.2, 6, 12.975, 8.7], "rotation": 90, "texture": "#2"}
			}
		},
		{
			"from": [7.5, 2.3, 5.125],
			"to": [8.9, 2.7, 5.825],
			"rotation": {"angle": -22.5, "axis": "x", "origin": [6.3, 1.2, 6.2125]},
			"faces": {
				"north": {"uv": [4, 2, 5.4, 2.4], "texture": "#2"},
				"east": {"uv": [4, 2, 4.7, 2.4], "texture": "#2"},
				"south": {"uv": [4, 2, 5.4, 2.4], "texture": "#2"},
				"west": {"uv": [4, 2, 4.7, 2.4], "texture": "#2"},
				"up": {"uv": [4, 2, 12, 5.9], "texture": "#2"},
				"down": {"uv": [4, 2, 5.4, 2.7], "texture": "#2"}
			}
		},
		{
			"from": [7.15, 2.3, 5.45],
			"to": [7.5, 2.7, 5.825],
			"rotation": {"angle": -22.5, "axis": "x", "origin": [6.3, 1.2, 6.2125]},
			"faces": {
				"north": {"uv": [5.4, 3.4, 9.75, 5.8], "texture": "#2"},
				"west": {"uv": [2, 6, 5.375, 8.4], "texture": "#2"},
				"up": {"uv": [6, 10, 7.975, 12], "texture": "#2"},
				"down": {"uv": [10, 8, 11.975, 10], "texture": "#2"}
			}
		},
		{
			"from": [8.9, 2.3, 5.45],
			"to": [9.25, 2.7, 5.825],
			"rotation": {"angle": -22.5, "axis": "x", "origin": [6.3, 1.2, 6.2125]},
			"faces": {
				"north": {"uv": [2, 4, 3.875, 5.9], "rotation": 90, "texture": "#2"},
				"east": {"uv": [2, 4, 3.875, 5.9], "rotation": 90, "texture": "#2"},
				"up": {"uv": [2, 4, 3.875, 5.9], "rotation": 90, "texture": "#2"},
				"down": {"uv": [2, 4, 3.875, 5.9], "rotation": 90, "texture": "#2"}
			}
		},
		{
			"from": [8.55, 2.3, 5.825],
			"to": [9.25, 2.7, 6.6],
			"rotation": {"angle": -22.5, "axis": "x", "origin": [6.3, 1.2, 6.2125]},
			"faces": {
				"east": {"uv": [6, 10, 7.975, 12], "texture": "#2"},
				"west": {"uv": [2, 6, 5.775, 8.4], "texture": "#2"},
				"up": {"uv": [6, 2, 10.175, 3.9], "rotation": 270, "texture": "#2"},
				"down": {"uv": [6, 2, 10.775, 4.7], "rotation": 90, "texture": "#2"}
			}
		},
		{
			"from": [8.9, 2.3, 6.6],
			"to": [9.25, 2.7, 6.975],
			"rotation": {"angle": -22.5, "axis": "x", "origin": [6.3, 1.2, 6.2125]},
			"faces": {
				"east": {"uv": [8, 4, 9.975, 5.95], "rotation": 270, "texture": "#2"},
				"south": {"uv": [8, 4, 9.975, 5.95], "rotation": 270, "texture": "#2"},
				"up": {"uv": [8, 4, 9.975, 5.95], "rotation": 270, "texture": "#2"},
				"down": {"uv": [8, 4, 9.975, 5.95], "rotation": 270, "texture": "#2"}
			}
		},
		{
			"from": [7.5, 2.3, 6.6],
			"to": [8.9, 2.7, 7.3],
			"rotation": {"angle": -22.5, "axis": "x", "origin": [6.3, 1.2, 6.2125]},
			"faces": {
				"north": {"uv": [4, 2, 12, 4], "texture": "#2"},
				"east": {"uv": [10, 2, 12.1, 5.8], "texture": "#2"},
				"south": {"uv": [4, 2, 12, 4], "texture": "#2"},
				"west": {"uv": [4, 2, 6.1, 5.8], "texture": "#2"},
				"up": {"uv": [4, 2, 12, 5.9], "texture": "#2"},
				"down": {"uv": [4, 2, 12, 5.9], "texture": "#2"}
			}
		},
		{
			"from": [7.15, 2.3, 6.6],
			"to": [7.5, 2.7, 6.975],
			"rotation": {"angle": -22.5, "axis": "x", "origin": [6.3, 1.2, 6.2125]},
			"faces": {
				"south": {"uv": [6, 10, 7.975, 12], "texture": "#2"},
				"west": {"uv": [6, 10, 7.975, 12], "texture": "#2"},
				"up": {"uv": [6, 10, 7.975, 12], "texture": "#2"},
				"down": {"uv": [6, 10, 7.975, 12], "texture": "#2"}
			}
		},
		{
			"from": [3.15, 1.9, 8.925],
			"to": [3.85, 2.3, 9.7],
			"rotation": {"angle": 22.5, "axis": "y", "origin": [6.3, 1.2, 6.2125]},
			"faces": {
				"east": {"uv": [6, 10, 7.975, 12], "texture": "#2"},
				"west": {"uv": [2, 6, 5.775, 8.4], "texture": "#2"},
				"up": {"uv": [2.8, 4.2, 5.575, 6.9], "rotation": 270, "texture": "#2"},
				"down": {"uv": [10.2, 6, 12.975, 8.7], "rotation": 90, "texture": "#2"}
			}
		},
		{
			"from": [3.5, 1.9, 8.225],
			"to": [4.9, 2.3, 8.925],
			"rotation": {"angle": 22.5, "axis": "y", "origin": [6.3, 1.2, 6.2125]},
			"faces": {
				"north": {"uv": [4, 2, 5.4, 2.4], "texture": "#2"},
				"east": {"uv": [4, 2, 4.7, 2.4], "texture": "#2"},
				"south": {"uv": [4, 2, 5.4, 2.4], "texture": "#2"},
				"west": {"uv": [4, 2, 4.7, 2.4], "texture": "#2"},
				"up": {"uv": [4, 2, 12, 5.9], "texture": "#2"},
				"down": {"uv": [4, 2, 5.4, 2.7], "texture": "#2"}
			}
		},
		{
			"from": [3.15, 1.9, 8.55],
			"to": [3.5, 2.3, 8.925],
			"rotation": {"angle": 22.5, "axis": "y", "origin": [6.3, 1.2, 6.2125]},
			"faces": {
				"north": {"uv": [5.4, 3.4, 9.75, 5.8], "texture": "#2"},
				"west": {"uv": [2, 6, 5.375, 8.4], "texture": "#2"},
				"up": {"uv": [6, 10, 7.975, 12], "texture": "#2"},
				"down": {"uv": [10, 8, 11.975, 10], "texture": "#2"}
			}
		},
		{
			"from": [4.9, 1.9, 8.55],
			"to": [5.25, 2.3, 8.925],
			"rotation": {"angle": 22.5, "axis": "y", "origin": [6.3, 1.2, 6.2125]},
			"faces": {
				"north": {"uv": [2, 4, 3.875, 5.9], "rotation": 90, "texture": "#2"},
				"east": {"uv": [2, 4, 3.875, 5.9], "rotation": 90, "texture": "#2"},
				"up": {"uv": [2, 4, 3.875, 5.9], "rotation": 90, "texture": "#2"},
				"down": {"uv": [2, 4, 3.875, 5.9], "rotation": 90, "texture": "#2"}
			}
		},
		{
			"from": [4.55, 1.9, 8.925],
			"to": [5.25, 2.3, 9.7],
			"rotation": {"angle": 22.5, "axis": "y", "origin": [6.3, 1.2, 6.2125]},
			"faces": {
				"east": {"uv": [6, 10, 7.975, 12], "texture": "#2"},
				"west": {"uv": [2, 6, 5.775, 8.4], "texture": "#2"},
				"up": {"uv": [6, 2, 10.175, 3.9], "rotation": 270, "texture": "#2"},
				"down": {"uv": [6, 2, 10.775, 4.7], "rotation": 90, "texture": "#2"}
			}
		},
		{
			"from": [4.9, 1.9, 9.7],
			"to": [5.25, 2.3, 10.075],
			"rotation": {"angle": 22.5, "axis": "y", "origin": [6.3, 1.2, 6.2125]},
			"faces": {
				"east": {"uv": [8, 4, 9.975, 5.95], "rotation": 270, "texture": "#2"},
				"south": {"uv": [8, 4, 9.975, 5.95], "rotation": 270, "texture": "#2"},
				"up": {"uv": [8, 4, 9.975, 5.95], "rotation": 270, "texture": "#2"},
				"down": {"uv": [8, 4, 9.975, 5.95], "rotation": 270, "texture": "#2"}
			}
		},
		{
			"from": [3.5, 1.9, 9.7],
			"to": [4.9, 2.3, 10.4],
			"rotation": {"angle": 22.5, "axis": "y", "origin": [6.3, 1.2, 6.2125]},
			"faces": {
				"north": {"uv": [4, 2, 12, 4], "texture": "#2"},
				"east": {"uv": [10, 2, 12.1, 5.8], "texture": "#2"},
				"south": {"uv": [4, 2, 12, 4], "texture": "#2"},
				"west": {"uv": [4, 2, 6.1, 5.8], "texture": "#2"},
				"up": {"uv": [4, 2, 12, 5.9], "texture": "#2"},
				"down": {"uv": [4, 2, 12, 5.9], "texture": "#2"}
			}
		},
		{
			"from": [3.15, 1.9, 9.7],
			"to": [3.5, 2.3, 10.075],
			"rotation": {"angle": 22.5, "axis": "y", "origin": [6.3, 1.2, 6.2125]},
			"faces": {
				"south": {"uv": [6, 10, 7.975, 12], "texture": "#2"},
				"west": {"uv": [6, 10, 7.975, 12], "texture": "#2"},
				"up": {"uv": [6, 10, 7.975, 12], "texture": "#2"},
				"down": {"uv": [6, 10, 7.975, 12], "texture": "#2"}
			}
		}
	],
	"display": {
		"thirdperson_righthand": {
			"rotation": [80.5, 0, 0],
			"translation": [0, -1.75, -2],
			"scale": [0.76953, 0.79883, 0.74609]
		},
		"thirdperson_lefthand": {
			"rotation": [92.5, 0, 0],
			"translation": [0, -1.25, -1.5],
			"scale": [0.76953, 0.79883, 0.74609]
		},
		"firstperson_righthand": {
			"rotation": [16.5, 0, 0],
			"translation": [0, 2.5, 1],
			"scale": [0.94531, 1, 0.75977]
		},
		"firstperson_lefthand": {
			"rotation": [16.5, 0, 0],
			"translation": [0, 2.5, 1],
			"scale": [0.94531, 1, 0.75977]
		},
		"ground": {
			"translation": [0, 2.75, 0],
			"scale": [0.92383, 0.94336, 0.92578]
		},
		"gui": {
			"rotation": [-167.66, 9.18, -172.65],
			"translation": [0, 2.75, 0],
			"scale": [1.04883, 1.0625, 1.15039]
		},
		"head": {
			"rotation": [30.25, 0, 177.5],
			"translation": [0, -2.5, -2],
			"scale": [2.25586, 2.57031, 2.58984]
		},
		"fixed": {
			"rotation": [-90, 0, 0],
			"translation": [0, 2.25, -16],
			"scale": [2, 2, 2]
		}
	},
	"groups": [
		{
			"name": "mrkva",
			"origin": [0, 0, 0],
			"color": 0,
			"children": [0, 1, 2]
		},
		{
			"name": "eyes",
			"origin": [0, 0, 0],
			"color": 0,
			"children": [3, 4]
		},
		{
			"name": "hlava",
			"origin": [0, 0, 0],
			"color": 0,
			"children": [5, 6, 7, 8, 9, 10, 11, 12, 13, 14, 15, 16, 17, 18, 19, 20, 21]
		},
		{
			"name": "drziak",
			"origin": [0, 0, 0],
			"color": 0,
			"children": [22, 23, 24, 25, 26]
		},
		{
			"name": "token",
			"origin": [3.3, 0.2, 0.35],
			"color": 0,
			"children": [27, 28, 29, 30, 31, 32, 33, 34]
		},
		{
			"name": "token",
			"origin": [3.3, 0.2, 0.35],
			"color": 0,
			"children": [35, 36, 37, 38, 39, 40, 41, 42]
		},
		{
			"name": "token",
			"origin": [3.3, 0.2, 0.35],
			"color": 0,
			"children": [
				43,
				44,
				45,
				46,
				47,
				48,
				49,
				50,
				{
					"name": "token",
					"origin": [3.3, 0.2, 0.35],
					"color": 0,
					"children": [51, 52, 53, 54, 55, 56, 57, 58]
				}
			]
		},
		{
			"name": "token",
			"origin": [3.3, 0.2, 0.35],
			"color": 0,
			"children": [59, 60, 61, 62, 63, 64, 65, 66]
		},
		{
			"name": "token",
			"origin": [3.3, 0.2, 0.35],
			"color": 0,
			"children": [67, 68, 69, 70, 71, 72, 73, 74]
		}
	]
}